#pragma once

#include <Arduino.h>

// Generated from Golos Text at commit cf2e27222937d97c2d858fff0499bcc667a64e9d.
// SIL Open Font License 1.1: docs/GOLOS_FONT_LICENSE.txt.
// TFT_eSPI in-memory VLW: 8-bit alpha glyphs, selected UI subset.

const uint8_t H2GolosSmall13[] PROGMEM = {
  0x00, 0x00, 0x00, 0xA1, 0x00, 0x00, 0x00, 0x0B, 0x00, 0x00, 0x00, 0x0D, 0x00, 0x00, 0x00, 0x00,
  0x00, 0x00, 0x00, 0x0D, 0x00, 0x00, 0x00, 0x03, 0x00, 0x00, 0x00, 0x20, 0x00, 0x00, 0x00, 0x00,
  0x00, 0x00, 0x00, 0x00, 0x00, 0x00, 0x00, 0x03, 0x00, 0x00, 0x00, 0x00, 0x00, 0x00, 0x00, 0x00,
  0x00, 0x00, 0x00, 0x00, 0x00, 0x00, 0x00, 0x21, 0x00, 0x00, 0x00, 0x09, 0x00, 0x00, 0x00, 0x04,
  0x00, 0x00, 0x00, 0x04, 0x00, 0x00, 0x00, 0x09, 0x00, 0x00, 0x00, 0x00, 0x00, 0x00, 0x00, 0x00,
  0x00, 0x00, 0x00, 0x22, 0x00, 0x00, 0x00, 0x09, 0x00, 0x00, 0x00, 0x06, 0x00, 0x00, 0x00, 0x06,
  0x00, 0x00, 0x00, 0x09, 0x00, 0x00, 0x00, 0x00, 0x00, 0x00, 0x00, 0x00, 0x00, 0x00, 0x00, 0x23,
  0x00, 0x00, 0x00, 0x09, 0x00, 0x00, 0x00, 0x09, 0x00, 0x00, 0x00, 0x09, 0x00, 0x00, 0x00, 0x09,
  0x00, 0x00, 0x00, 0x00, 0x00, 0x00, 0x00, 0x00, 0x00, 0x00, 0x00, 0x24, 0x00, 0x00, 0x00, 0x0C,
  0x00, 0x00, 0x00, 0x09, 0x00, 0x00, 0x00, 0x09, 0x00, 0x00, 0x00, 0x0A, 0x00, 0x00, 0x00, 0x00,
  0x00, 0x00, 0x00, 0x00, 0x00, 0x00, 0x00, 0x25, 0x00, 0x00, 0x00, 0x0A, 0x00, 0x00, 0x00, 0x0B,
  0x00, 0x00, 0x00, 0x0B, 0x00, 0x00, 0x00, 0x0A, 0x00, 0x00, 0x00, 0x00, 0x00, 0x00, 0x00, 0x00,
  0x00, 0x00, 0x00, 0x26, 0x00, 0x00, 0x00, 0x09, 0x00, 0x00, 0x00, 0x09, 0x00, 0x00, 0x00, 0x09,
  0x00, 0x00, 0x00, 0x09, 0x00, 0x00, 0x00, 0x00, 0x00, 0x00, 0x00, 0x00, 0x00, 0x00, 0x00, 0x27,
  0x00, 0x00, 0x00, 0x09, 0x00, 0x00, 0x00, 0x03, 0x00, 0x00, 0x00, 0x03, 0x00, 0x00, 0x00, 0x09,
  0x00, 0x00, 0x00, 0x00, 0x00, 0x00, 0x00, 0x00, 0x00, 0x00, 0x00, 0x28, 0x00, 0x00, 0x00, 0x0C,
  0x00, 0x00, 0x00, 0x05, 0x00, 0x00, 0x00, 0x05, 0x00, 0x00, 0x00, 0x09, 0x00, 0x00, 0x00, 0x00,
  0x00, 0x00, 0x00, 0x00, 0x00, 0x00, 0x00, 0x29, 0x00, 0x00, 0x00, 0x0C, 0x00, 0x00, 0x00, 0x05,
  0x00, 0x00, 0x00, 0x05, 0x00, 0x00, 0x00, 0x09, 0x00, 0x00, 0x00, 0x00, 0x00, 0x00, 0x00, 0x00,
  0x00, 0x00, 0x00, 0x2A, 0x00, 0x00, 0x00, 0x09, 0x00, 0x00, 0x00, 0x06, 0x00, 0x00, 0x00, 0x06,
  0x00, 0x00, 0x00, 0x09, 0x00, 0x00, 0x00, 0x00, 0x00, 0x00, 0x00, 0x00, 0x00, 0x00, 0x00, 0x2B,
  0x00, 0x00, 0x00, 0x08, 0x00, 0x00, 0x00, 0x07, 0x00, 0x00, 0x00, 0x07, 0x00, 0x00, 0x00, 0x08,
  0x00, 0x00, 0x00, 0x00, 0x00, 0x00, 0x00, 0x00, 0x00, 0x00, 0x00, 0x2C, 0x00, 0x00, 0x00, 0x04,
  0x00, 0x00, 0x00, 0x04, 0x00, 0x00, 0x00, 0x04, 0x00, 0x00, 0x00, 0x02, 0x00, 0x00, 0x00, 0x00,
  0x00, 0x00, 0x00, 0x00, 0x00, 0x00, 0x00, 0x2D, 0x00, 0x00, 0x00, 0x05, 0x00, 0x00, 0x00, 0x05,
  0x00, 0x00, 0x00, 0x05, 0x00, 0x00, 0x00, 0x05, 0x00, 0x00, 0x00, 0x00, 0x00, 0x00, 0x00, 0x00,
  0x00, 0x00, 0x00, 0x2E, 0x00, 0x00, 0x00, 0x03, 0x00, 0x00, 0x00, 0x04, 0x00, 0x00, 0x00, 0x04,
  0x00, 0x00, 0x00, 0x03, 0x00, 0x00, 0x00, 0x00, 0x00, 0x00, 0x00, 0x00, 0x00, 0x00, 0x00, 0x2F,
  0x00, 0x00, 0x00, 0x0C, 0x00, 0x00, 0x00, 0x06, 0x00, 0x00, 0x00, 0x06, 0x00, 0x00, 0x00, 0x09,
  0x00, 0x00, 0x00, 0x00, 0x00, 0x00, 0x00, 0x00, 0x00, 0x00, 0x00, 0x30, 0x00, 0x00, 0x00, 0x09,
  0x00, 0x00, 0x00, 0x08, 0x00, 0x00, 0x00, 0x08, 0x00, 0x00, 0x00, 0x09, 0x00, 0x00, 0x00, 0x00,
  0x00, 0x00, 0x00, 0x00, 0x00, 0x00, 0x00, 0x31, 0x00, 0x00, 0x00, 0x09, 0x00, 0x00, 0x00, 0x07,
  0x00, 0x00, 0x00, 0x07, 0x00, 0x00, 0x00, 0x09, 0x00, 0x00, 0x00, 0x00, 0x00, 0x00, 0x00, 0x00,
  0x00, 0x00, 0x00, 0x32, 0x00, 0x00, 0x00, 0x09, 0x00, 0x00, 0x00, 0x08, 0x00, 0x00, 0x00, 0x08,
  0x00, 0x00, 0x00, 0x09, 0x00, 0x00, 0x00, 0x00, 0x00, 0x00, 0x00, 0x00, 0x00, 0x00, 0x00, 0x33,
  0x00, 0x00, 0x00, 0x09, 0x00, 0x00, 0x00, 0x08, 0x00, 0x00, 0x00, 0x08, 0x00, 0x00, 0x00, 0x09,
  0x00, 0x00, 0x00, 0x00, 0x00, 0x00, 0x00, 0x00, 0x00, 0x00, 0x00, 0x34, 0x00, 0x00, 0x00, 0x09,
  0x00, 0x00, 0x00, 0x08, 0x00, 0x00, 0x00, 0x08, 0x00, 0x00, 0x00, 0x09, 0x00, 0x00, 0x00, 0x00,
  0x00, 0x00, 0x00, 0x00, 0x00, 0x00, 0x00, 0x35, 0x00, 0x00, 0x00, 0x09, 0x00, 0x00, 0x00, 0x08,
  0x00, 0x00, 0x00, 0x08, 0x00, 0x00, 0x00, 0x09, 0x00, 0x00, 0x00, 0x00, 0x00, 0x00, 0x00, 0x00,
  0x00, 0x00, 0x00, 0x36, 0x00, 0x00, 0x00, 0x09, 0x00, 0x00, 0x00, 0x08, 0x00, 0x00, 0x00, 0x08,
  0x00, 0x00, 0x00, 0x09, 0x00, 0x00, 0x00, 0x00, 0x00, 0x00, 0x00, 0x00, 0x00, 0x00, 0x00, 0x37,
  0x00, 0x00, 0x00, 0x09, 0x00, 0x00, 0x00, 0x07, 0x00, 0x00, 0x00, 0x07, 0x00, 0x00, 0x00, 0x09,
  0x00, 0x00, 0x00, 0x00, 0x00, 0x00, 0x00, 0x00, 0x00, 0x00, 0x00, 0x38, 0x00, 0x00, 0x00, 0x09,
  0x00, 0x00, 0x00, 0x08, 0x00, 0x00, 0x00, 0x08, 0x00, 0x00, 0x00, 0x09, 0x00, 0x00, 0x00, 0x00,
  0x00, 0x00, 0x00, 0x00, 0x00, 0x00, 0x00, 0x39, 0x00, 0x00, 0x00, 0x09, 0x00, 0x00, 0x00, 0x08,
  0x00, 0x00, 0x00, 0x08, 0x00, 0x00, 0x00, 0x09, 0x00, 0x00, 0x00, 0x00, 0x00, 0x00, 0x00, 0x00,
  0x00, 0x00, 0x00, 0x3A, 0x00, 0x00, 0x00, 0x08, 0x00, 0x00, 0x00, 0x04, 0x00, 0x00, 0x00, 0x04,
  0x00, 0x00, 0x00, 0x08, 0x00, 0x00, 0x00, 0x00, 0x00, 0x00, 0x00, 0x00, 0x00, 0x00, 0x00, 0x3B,
  0x00, 0x00, 0x00, 0x0A, 0x00, 0x00, 0x00, 0x04, 0x00, 0x00, 0x00, 0x04, 0x00, 0x00, 0x00, 0x08,
  0x00, 0x00, 0x00, 0x00, 0x00, 0x00, 0x00, 0x00, 0x00, 0x00, 0x00, 0x3C, 0x00, 0x00, 0x00, 0x09,
  0x00, 0x00, 0x00, 0x07, 0x00, 0x00, 0x00, 0x07, 0x00, 0x00, 0x00, 0x09, 0x00, 0x00, 0x00, 0x00,
  0x00, 0x00, 0x00, 0x00, 0x00, 0x00, 0x00, 0x3D, 0x00, 0x00, 0x00, 0x07, 0x00, 0x00, 0x00, 0x07,
  0x00, 0x00, 0x00, 0x07, 0x00, 0x00, 0x00, 0x07, 0x00, 0x00, 0x00, 0x00, 0x00, 0x00, 0x00, 0x00,
  0x00, 0x00, 0x00, 0x3E, 0x00, 0x00, 0x00, 0x09, 0x00, 0x00, 0x00, 0x07, 0x00, 0x00, 0x00, 0x07,
  0x00, 0x00, 0x00, 0x09, 0x00, 0x00, 0x00, 0x00, 0x00, 0x00, 0x00, 0x00, 0x00, 0x00, 0x00, 0x3F,
  0x00, 0x00, 0x00, 0x09, 0x00, 0x00, 0x00, 0x07, 0x00, 0x00, 0x00, 0x07, 0x00, 0x00, 0x00, 0x09,
  0x00, 0x00, 0x00, 0x00, 0x00, 0x00, 0x00, 0x00, 0x00, 0x00, 0x00, 0x40, 0x00, 0x00, 0x00, 0x0C,
  0x00, 0x00, 0x00, 0x0D, 0x00, 0x00, 0x00, 0x0D, 0x00, 0x00, 0x00, 0x09, 0x00, 0x00, 0x00, 0x00,
  0x00, 0x00, 0x00, 0x00, 0x00, 0x00, 0x00, 0x41, 0x00, 0x00, 0x00, 0x09, 0x00, 0x00, 0x00, 0x09,
  0x00, 0x00, 0x00, 0x09, 0x00, 0x00, 0x00, 0x09, 0x00, 0x00, 0x00, 0x00, 0x00, 0x00, 0x00, 0x00,
  0x00, 0x00, 0x00, 0x42, 0x00, 0x00, 0x00, 0x09, 0x00, 0x00, 0x00, 0x09, 0x00, 0x00, 0x00, 0x09,
  0x00, 0x00, 0x00, 0x09, 0x00, 0x00, 0x00, 0x00, 0x00, 0x00, 0x00, 0x00, 0x00, 0x00, 0x00, 0x43,
  0x00, 0x00, 0x00, 0x09, 0x00, 0x00, 0x00, 0x09, 0x00, 0x00, 0x00, 0x09, 0x00, 0x00, 0x00, 0x09,
  0x00, 0x00, 0x00, 0x00, 0x00, 0x00, 0x00, 0x00, 0x00, 0x00, 0x00, 0x44, 0x00, 0x00, 0x00, 0x09,
  0x00, 0x00, 0x00, 0x09, 0x00, 0x00, 0x00, 0x09, 0x00, 0x00, 0x00, 0x09, 0x00, 0x00, 0x00, 0x00,
  0x00, 0x00, 0x00, 0x00, 0x00, 0x00, 0x00, 0x45, 0x00, 0x00, 0x00, 0x09, 0x00, 0x00, 0x00, 0x08,
  0x00, 0x00, 0x00, 0x08, 0x00, 0x00, 0x00, 0x09, 0x00, 0x00, 0x00, 0x00, 0x00, 0x00, 0x00, 0x00,
  0x00, 0x00, 0x00, 0x46, 0x00, 0x00, 0x00, 0x09, 0x00, 0x00, 0x00, 0x08, 0x00, 0x00, 0x00, 0x08,
  0x00, 0x00, 0x00, 0x09, 0x00, 0x00, 0x00, 0x00, 0x00, 0x00, 0x00, 0x00, 0x00, 0x00, 0x00, 0x47,
  0x00, 0x00, 0x00, 0x09, 0x00, 0x00, 0x00, 0x09, 0x00, 0x00, 0x00, 0x09, 0x00, 0x00, 0x00, 0x09,
  0x00, 0x00, 0x00, 0x00, 0x00, 0x00, 0x00, 0x00, 0x00, 0x00, 0x00, 0x48, 0x00, 0x00, 0x00, 0x09,
  0x00, 0x00, 0x00, 0x0A, 0x00, 0x00, 0x00, 0x0A, 0x00, 0x00, 0x00, 0x09, 0x00, 0x00, 0x00, 0x00,
  0x00, 0x00, 0x00, 0x00, 0x00, 0x00, 0x00, 0x49, 0x00, 0x00, 0x00, 0x09, 0x00, 0x00, 0x00, 0x04,
  0x00, 0x00, 0x00, 0x04, 0x00, 0x00, 0x00, 0x09, 0x00, 0x00, 0x00, 0x00, 0x00, 0x00, 0x00, 0x00,
  0x00, 0x00, 0x00, 0x4A, 0x00, 0x00, 0x00, 0x09, 0x00, 0x00, 0x00, 0x07, 0x00, 0x00, 0x00, 0x07,
  0x00, 0x00, 0x00, 0x09, 0x00, 0x00, 0x00, 0x00, 0x00, 0x00, 0x00, 0x00, 0x00, 0x00, 0x00, 0x4B,
  0x00, 0x00, 0x00, 0x09, 0x00, 0x00, 0x00, 0x09, 0x00, 0x00, 0x00, 0x09, 0x00, 0x00, 0x00, 0x09,
  0x00, 0x00, 0x00, 0x00, 0x00, 0x00, 0x00, 0x00, 0x00, 0x00, 0x00, 0x4C, 0x00, 0x00, 0x00, 0x09,
  0x00, 0x00, 0x00, 0x08, 0x00, 0x00, 0x00, 0x07, 0x00, 0x00, 0x00, 0x09, 0x00, 0x00, 0x00, 0x00,
  0x00, 0x00, 0x00, 0x00, 0x00, 0x00, 0x00, 0x4D, 0x00, 0x00, 0x00, 0x09, 0x00, 0x00, 0x00, 0x0B,
  0x00, 0x00, 0x00, 0x0B, 0x00, 0x00, 0x00, 0x09, 0x00, 0x00, 0x00, 0x00, 0x00, 0x00, 0x00, 0x00,
  0x00, 0x00, 0x00, 0x4E, 0x00, 0x00, 0x00, 0x09, 0x00, 0x00, 0x00, 0x0A, 0x00, 0x00, 0x00, 0x0A,
  0x00, 0x00, 0x00, 0x09, 0x00, 0x00, 0x00, 0x00, 0x00, 0x00, 0x00, 0x00, 0x00, 0x00, 0x00, 0x4F,
  0x00, 0x00, 0x00, 0x09, 0x00, 0x00, 0x00, 0x0A, 0x00, 0x00, 0x00, 0x0A, 0x00, 0x00, 0x00, 0x09,
  0x00, 0x00, 0x00, 0x00, 0x00, 0x00, 0x00, 0x00, 0x00, 0x00, 0x00, 0x50, 0x00, 0x00, 0x00, 0x09,
  0x00, 0x00, 0x00, 0x09, 0x00, 0x00, 0x00, 0x09, 0x00, 0x00, 0x00, 0x09, 0x00, 0x00, 0x00, 0x00,
  0x00, 0x00, 0x00, 0x00, 0x00, 0x00, 0x00, 0x51, 0x00, 0x00, 0x00, 0x0A, 0x00, 0x00, 0x00, 0x0A,
  0x00, 0x00, 0x00, 0x0A, 0x00, 0x00, 0x00, 0x09, 0x00, 0x00, 0x00, 0x00, 0x00, 0x00, 0x00, 0x00,
  0x00, 0x00, 0x00, 0x52, 0x00, 0x00, 0x00, 0x09, 0x00, 0x00, 0x00, 0x09, 0x00, 0x00, 0x00, 0x09,
  0x00, 0x00, 0x00, 0x09, 0x00, 0x00, 0x00, 0x00, 0x00, 0x00, 0x00, 0x00, 0x00, 0x00, 0x00, 0x53,
  0x00, 0x00, 0x00, 0x09, 0x00, 0x00, 0x00, 0x09, 0x00, 0x00, 0x00, 0x09, 0x00, 0x00, 0x00, 0x09,
  0x00, 0x00, 0x00, 0x00, 0x00, 0x00, 0x00, 0x00, 0x00, 0x00, 0x00, 0x54, 0x00, 0x00, 0x00, 0x09,
  0x00, 0x00, 0x00, 0x09, 0x00, 0x00, 0x00, 0x08, 0x00, 0x00, 0x00, 0x09, 0x00, 0x00, 0x00, 0x00,
  0x00, 0x00, 0x00, 0x00, 0x00, 0x00, 0x00, 0x55, 0x00, 0x00, 0x00, 0x09, 0x00, 0x00, 0x00, 0x09,
  0x00, 0x00, 0x00, 0x09, 0x00, 0x00, 0x00, 0x09, 0x00, 0x00, 0x00, 0x00, 0x00, 0x00, 0x00, 0x00,
  0x00, 0x00, 0x00, 0x56, 0x00, 0x00, 0x00, 0x09, 0x00, 0x00, 0x00, 0x09, 0x00, 0x00, 0x00, 0x09,
  0x00, 0x00, 0x00, 0x09, 0x00, 0x00, 0x00, 0x00, 0x00, 0x00, 0x00, 0x00, 0x00, 0x00, 0x00, 0x57,
  0x00, 0x00, 0x00, 0x09, 0x00, 0x00, 0x00, 0x0D, 0x00, 0x00, 0x00, 0x0D, 0x00, 0x00, 0x00, 0x09,
  0x00, 0x00, 0x00, 0x00, 0x00, 0x00, 0x00, 0x00, 0x00, 0x00, 0x00, 0x58, 0x00, 0x00, 0x00, 0x09,
  0x00, 0x00, 0x00, 0x09, 0x00, 0x00, 0x00, 0x09, 0x00, 0x00, 0x00, 0x09, 0x00, 0x00, 0x00, 0x00,
  0x00, 0x00, 0x00, 0x00, 0x00, 0x00, 0x00, 0x59, 0x00, 0x00, 0x00, 0x09, 0x00, 0x00, 0x00, 0x09,
  0x00, 0x00, 0x00, 0x09, 0x00, 0x00, 0x00, 0x09, 0x00, 0x00, 0x00, 0x00, 0x00, 0x00, 0x00, 0x00,
  0x00, 0x00, 0x00, 0x5A, 0x00, 0x00, 0x00, 0x09, 0x00, 0x00, 0x00, 0x08, 0x00, 0x00, 0x00, 0x08,
  0x00, 0x00, 0x00, 0x09, 0x00, 0x00, 0x00, 0x00, 0x00, 0x00, 0x00, 0x00, 0x00, 0x00, 0x00, 0x5B,
  0x00, 0x00, 0x00, 0x0C, 0x00, 0x00, 0x00, 0x05, 0x00, 0x00, 0x00, 0x05, 0x00, 0x00, 0x00, 0x09,
  0x00, 0x00, 0x00, 0x00, 0x00, 0x00, 0x00, 0x00, 0x00, 0x00, 0x00, 0x5C, 0x00, 0x00, 0x00, 0x0C,
  0x00, 0x00, 0x00, 0x06, 0x00, 0x00, 0x00, 0x06, 0x00, 0x00, 0x00, 0x09, 0x00, 0x00, 0x00, 0x00,
  0x00, 0x00, 0x00, 0x00, 0x00, 0x00, 0x00, 0x5D, 0x00, 0x00, 0x00, 0x0C, 0x00, 0x00, 0x00, 0x05,
  0x00, 0x00, 0x00, 0x05, 0x00, 0x00, 0x00, 0x09, 0x00, 0x00, 0x00, 0x00, 0x00, 0x00, 0x00, 0x00,
  0x00, 0x00, 0x00, 0x5E, 0x00, 0x00, 0x00, 0x0A, 0x00, 0x00, 0x00, 0x07, 0x00, 0x00, 0x00, 0x07,
  0x00, 0x00, 0x00, 0x0A, 0x00, 0x00, 0x00, 0x00, 0x00, 0x00, 0x00, 0x00, 0x00, 0x00, 0x00, 0x5F,
  0x00, 0x00, 0x00, 0x03, 0x00, 0x00, 0x00, 0x07, 0x00, 0x00, 0x00, 0x06, 0x00, 0x00, 0x00, 0x00,
  0x00, 0x00, 0x00, 0x00, 0x00, 0x00, 0x00, 0x00, 0x00, 0x00, 0x00, 0x60, 0x00, 0x00, 0x00, 0x0A,
  0x00, 0x00, 0x00, 0x04, 0x00, 0x00, 0x00, 0x04, 0x00, 0x00, 0x00, 0x0A, 0x00, 0x00, 0x00, 0x00,
  0x00, 0x00, 0x00, 0x00, 0x00, 0x00, 0x00, 0x61, 0x00, 0x00, 0x00, 0x07, 0x00, 0x00, 0x00, 0x07,
  0x00, 0x00, 0x00, 0x07, 0x00, 0x00, 0x00, 0x07, 0x00, 0x00, 0x00, 0x00, 0x00, 0x00, 0x00, 0x00,
  0x00, 0x00, 0x00, 0x62, 0x00, 0x00, 0x00, 0x09, 0x00, 0x00, 0x00, 0x08, 0x00, 0x00, 0x00, 0x08,
  0x00, 0x00, 0x00, 0x09, 0x00, 0x00, 0x00, 0x00, 0x00, 0x00, 0x00, 0x00, 0x00, 0x00, 0x00, 0x63,
  0x00, 0x00, 0x00, 0x07, 0x00, 0x00, 0x00, 0x07, 0x00, 0x00, 0x00, 0x07, 0x00, 0x00, 0x00, 0x07,
  0x00, 0x00, 0x00, 0x00, 0x00, 0x00, 0x00, 0x00, 0x00, 0x00, 0x00, 0x64, 0x00, 0x00, 0x00, 0x09,
  0x00, 0x00, 0x00, 0x08, 0x00, 0x00, 0x00, 0x08, 0x00, 0x00, 0x00, 0x09, 0x00, 0x00, 0x00, 0x00,
  0x00, 0x00, 0x00, 0x00, 0x00, 0x00, 0x00, 0x65, 0x00, 0x00, 0x00, 0x07, 0x00, 0x00, 0x00, 0x08,
  0x00, 0x00, 0x00, 0x08, 0x00, 0x00, 0x00, 0x07, 0x00, 0x00, 0x00, 0x00, 0x00, 0x00, 0x00, 0x00,
  0x00, 0x00, 0x00, 0x66, 0x00, 0x00, 0x00, 0x09, 0x00, 0x00, 0x00, 0x05, 0x00, 0x00, 0x00, 0x05,
  0x00, 0x00, 0x00, 0x09, 0x00, 0x00, 0x00, 0x00, 0x00, 0x00, 0x00, 0x00, 0x00, 0x00, 0x00, 0x67,
  0x00, 0x00, 0x00, 0x0A, 0x00, 0x00, 0x00, 0x08, 0x00, 0x00, 0x00, 0x08, 0x00, 0x00, 0x00, 0x07,
  0x00, 0x00, 0x00, 0x00, 0x00, 0x00, 0x00, 0x00, 0x00, 0x00, 0x00, 0x68, 0x00, 0x00, 0x00, 0x09,
  0x00, 0x00, 0x00, 0x08, 0x00, 0x00, 0x00, 0x08, 0x00, 0x00, 0x00, 0x09, 0x00, 0x00, 0x00, 0x00,
  0x00, 0x00, 0x00, 0x00, 0x00, 0x00, 0x00, 0x69, 0x00, 0x00, 0x00, 0x0A, 0x00, 0x00, 0x00, 0x04,
  0x00, 0x00, 0x00, 0x04, 0x00, 0x00, 0x00, 0x0A, 0x00, 0x00, 0x00, 0x00, 0x00, 0x00, 0x00, 0x00,
  0x00, 0x00, 0x00, 0x6A, 0x00, 0x00, 0x00, 0x0D, 0x00, 0x00, 0x00, 0x05, 0x00, 0x00, 0x00, 0x04,
  0x00, 0x00, 0x00, 0x0A, 0xFF, 0xFF, 0xFF, 0xFF, 0x00, 0x00, 0x00, 0x00, 0x00, 0x00, 0x00, 0x6B,
  0x00, 0x00, 0x00, 0x09, 0x00, 0x00, 0x00, 0x08, 0x00, 0x00, 0x00, 0x07, 0x00, 0x00, 0x00, 0x09,
  0x00, 0x00, 0x00, 0x00, 0x00, 0x00, 0x00, 0x00, 0x00, 0x00, 0x00, 0x6C, 0x00, 0x00, 0x00, 0x09,
  0x00, 0x00, 0x00, 0x04, 0x00, 0x00, 0x00, 0x04, 0x00, 0x00, 0x00, 0x09, 0x00, 0x00, 0x00, 0x00,
  0x00, 0x00, 0x00, 0x00, 0x00, 0x00, 0x00, 0x6D, 0x00, 0x00, 0x00, 0x07, 0x00, 0x00, 0x00, 0x0B,
  0x00, 0x00, 0x00, 0x0B, 0x00, 0x00, 0x00, 0x07, 0x00, 0x00, 0x00, 0x00, 0x00, 0x00, 0x00, 0x00,
  0x00, 0x00, 0x00, 0x6E, 0x00, 0x00, 0x00, 0x07, 0x00, 0x00, 0x00, 0x08, 0x00, 0x00, 0x00, 0x08,
  0x00, 0x00, 0x00, 0x07, 0x00, 0x00, 0x00, 0x00, 0x00, 0x00, 0x00, 0x00, 0x00, 0x00, 0x00, 0x6F,
  0x00, 0x00, 0x00, 0x07, 0x00, 0x00, 0x00, 0x08, 0x00, 0x00, 0x00, 0x08, 0x00, 0x00, 0x00, 0x07,
  0x00, 0x00, 0x00, 0x00, 0x00, 0x00, 0x00, 0x00, 0x00, 0x00, 0x00, 0x70, 0x00, 0x00, 0x00, 0x0A,
  0x00, 0x00, 0x00, 0x08, 0x00, 0x00, 0x00, 0x08, 0x00, 0x00, 0x00, 0x07, 0x00, 0x00, 0x00, 0x00,
  0x00, 0x00, 0x00, 0x00, 0x00, 0x00, 0x00, 0x71, 0x00, 0x00, 0x00, 0x0A, 0x00, 0x00, 0x00, 0x08,
  0x00, 0x00, 0x00, 0x08, 0x00, 0x00, 0x00, 0x07, 0x00, 0x00, 0x00, 0x00, 0x00, 0x00, 0x00, 0x00,
  0x00, 0x00, 0x00, 0x72, 0x00, 0x00, 0x00, 0x08, 0x00, 0x00, 0x00, 0x05, 0x00, 0x00, 0x00, 0x05,
  0x00, 0x00, 0x00, 0x08, 0x00, 0x00, 0x00, 0x00, 0x00, 0x00, 0x00, 0x00, 0x00, 0x00, 0x00, 0x73,
  0x00, 0x00, 0x00, 0x07, 0x00, 0x00, 0x00, 0x07, 0x00, 0x00, 0x00, 0x07, 0x00, 0x00, 0x00, 0x07,
  0x00, 0x00, 0x00, 0x00, 0x00, 0x00, 0x00, 0x00, 0x00, 0x00, 0x00, 0x74, 0x00, 0x00, 0x00, 0x09,
  0x00, 0x00, 0x00, 0x05, 0x00, 0x00, 0x00, 0x05, 0x00, 0x00, 0x00, 0x09, 0x00, 0x00, 0x00, 0x00,
  0x00, 0x00, 0x00, 0x00, 0x00, 0x00, 0x00, 0x75, 0x00, 0x00, 0x00, 0x07, 0x00, 0x00, 0x00, 0x08,
  0x00, 0x00, 0x00, 0x08, 0x00, 0x00, 0x00, 0x07, 0x00, 0x00, 0x00, 0x00, 0x00, 0x00, 0x00, 0x00,
  0x00, 0x00, 0x00, 0x76, 0x00, 0x00, 0x00, 0x07, 0x00, 0x00, 0x00, 0x08, 0x00, 0x00, 0x00, 0x08,
  0x00, 0x00, 0x00, 0x07, 0x00, 0x00, 0x00, 0x00, 0x00, 0x00, 0x00, 0x00, 0x00, 0x00, 0x00, 0x77,
  0x00, 0x00, 0x00, 0x07, 0x00, 0x00, 0x00, 0x0B, 0x00, 0x00, 0x00, 0x0B, 0x00, 0x00, 0x00, 0x07,
  0x00, 0x00, 0x00, 0x00, 0x00, 0x00, 0x00, 0x00, 0x00, 0x00, 0x00, 0x78, 0x00, 0x00, 0x00, 0x07,
  0x00, 0x00, 0x00, 0x08, 0x00, 0x00, 0x00, 0x07, 0x00, 0x00, 0x00, 0x07, 0x00, 0x00, 0x00, 0x00,
  0x00, 0x00, 0x00, 0x00, 0x00, 0x00, 0x00, 0x79, 0x00, 0x00, 0x00, 0x0A, 0x00, 0x00, 0x00, 0x08,
  0x00, 0x00, 0x00, 0x08, 0x00, 0x00, 0x00, 0x07, 0x00, 0x00, 0x00, 0x00, 0x00, 0x00, 0x00, 0x00,
  0x00, 0x00, 0x00, 0x7A, 0x00, 0x00, 0x00, 0x07, 0x00, 0x00, 0x00, 0x07, 0x00, 0x00, 0x00, 0x07,
  0x00, 0x00, 0x00, 0x07, 0x00, 0x00, 0x00, 0x00, 0x00, 0x00, 0x00, 0x00, 0x00, 0x00, 0x00, 0x7B,
  0x00, 0x00, 0x00, 0x0C, 0x00, 0x00, 0x00, 0x05, 0x00, 0x00, 0x00, 0x05, 0x00, 0x00, 0x00, 0x09,
  0x00, 0x00, 0x00, 0x00, 0x00, 0x00, 0x00, 0x00, 0x00, 0x00, 0x00, 0x7C, 0x00, 0x00, 0x00, 0x0C,
  0x00, 0x00, 0x00, 0x04, 0x00, 0x00, 0x00, 0x04, 0x00, 0x00, 0x00, 0x09, 0x00, 0x00, 0x00, 0x00,
  0x00, 0x00, 0x00, 0x00, 0x00, 0x00, 0x00, 0x7D, 0x00, 0x00, 0x00, 0x0C, 0x00, 0x00, 0x00, 0x05,
  0x00, 0x00, 0x00, 0x05, 0x00, 0x00, 0x00, 0x09, 0x00, 0x00, 0x00, 0x00, 0x00, 0x00, 0x00, 0x00,
  0x00, 0x00, 0x00, 0x7E, 0x00, 0x00, 0x00, 0x07, 0x00, 0x00, 0x00, 0x08, 0x00, 0x00, 0x00, 0x07,
  0x00, 0x00, 0x00, 0x07, 0x00, 0x00, 0x00, 0x00, 0x00, 0x00, 0x00, 0x00, 0x00, 0x00, 0x04, 0x01,
  0x00, 0x00, 0x00, 0x0D, 0x00, 0x00, 0x00, 0x08, 0x00, 0x00, 0x00, 0x08, 0x00, 0x00, 0x00, 0x0D,
  0x00, 0x00, 0x00, 0x00, 0x00, 0x00, 0x00, 0x00, 0x00, 0x00, 0x04, 0x10, 0x00, 0x00, 0x00, 0x09,
  0x00, 0x00, 0x00, 0x09, 0x00, 0x00, 0x00, 0x09, 0x00, 0x00, 0x00, 0x09, 0x00, 0x00, 0x00, 0x00,
  0x00, 0x00, 0x00, 0x00, 0x00, 0x00, 0x04, 0x11, 0x00, 0x00, 0x00, 0x09, 0x00, 0x00, 0x00, 0x09,
  0x00, 0x00, 0x00, 0x09, 0x00, 0x00, 0x00, 0x09, 0x00, 0x00, 0x00, 0x00, 0x00, 0x00, 0x00, 0x00,
  0x00, 0x00, 0x04, 0x12, 0x00, 0x00, 0x00, 0x09, 0x00, 0x00, 0x00, 0x09, 0x00, 0x00, 0x00, 0x09,
  0x00, 0x00, 0x00, 0x09, 0x00, 0x00, 0x00, 0x00, 0x00, 0x00, 0x00, 0x00, 0x00, 0x00, 0x04, 0x13,
  0x00, 0x00, 0x00, 0x09, 0x00, 0x00, 0x00, 0x08, 0x00, 0x00, 0x00, 0x07, 0x00, 0x00, 0x00, 0x09,
  0x00, 0x00, 0x00, 0x00, 0x00, 0x00, 0x00, 0x00, 0x00, 0x00, 0x04, 0x14, 0x00, 0x00, 0x00, 0x0B,
  0x00, 0x00, 0x00, 0x0A, 0x00, 0x00, 0x00, 0x0A, 0x00, 0x00, 0x00, 0x09, 0x00, 0x00, 0x00, 0x00,
  0x00, 0x00, 0x00, 0x00, 0x00, 0x00, 0x04, 0x15, 0x00, 0x00, 0x00, 0x09, 0x00, 0x00, 0x00, 0x08,
  0x00, 0x00, 0x00, 0x08, 0x00, 0x00, 0x00, 0x09, 0x00, 0x00, 0x00, 0x00, 0x00, 0x00, 0x00, 0x00,
  0x00, 0x00, 0x04, 0x16, 0x00, 0x00, 0x00, 0x09, 0x00, 0x00, 0x00, 0x0D, 0x00, 0x00, 0x00, 0x0D,
  0x00, 0x00, 0x00, 0x09, 0x00, 0x00, 0x00, 0x00, 0x00, 0x00, 0x00, 0x00, 0x00, 0x00, 0x04, 0x17,
  0x00, 0x00, 0x00, 0x09, 0x00, 0x00, 0x00, 0x09, 0x00, 0x00, 0x00, 0x09, 0x00, 0x00, 0x00, 0x09,
  0x00, 0x00, 0x00, 0x00, 0x00, 0x00, 0x00, 0x00, 0x00, 0x00, 0x04, 0x18, 0x00, 0x00, 0x00, 0x09,
  0x00, 0x00, 0x00, 0x0A, 0x00, 0x00, 0x00, 0x0A, 0x00, 0x00, 0x00, 0x09, 0x00, 0x00, 0x00, 0x00,
  0x00, 0x00, 0x00, 0x00, 0x00, 0x00, 0x04, 0x19, 0x00, 0x00, 0x00, 0x0D, 0x00, 0x00, 0x00, 0x0A,
  0x00, 0x00, 0x00, 0x0A, 0x00, 0x00, 0x00, 0x0D, 0x00, 0x00, 0x00, 0x00, 0x00, 0x00, 0x00, 0x00,
  0x00, 0x00, 0x04, 0x1A, 0x00, 0x00, 0x00, 0x09, 0x00, 0x00, 0x00, 0x09, 0x00, 0x00, 0x00, 0x09,
  0x00, 0x00, 0x00, 0x09, 0x00, 0x00, 0x00, 0x00, 0x00, 0x00, 0x00, 0x00, 0x00, 0x00, 0x04, 0x1B,
  0x00, 0x00, 0x00, 0x09, 0x00, 0x00, 0x00, 0x09, 0x00, 0x00, 0x00, 0x09, 0x00, 0x00, 0x00, 0x09,
  0x00, 0x00, 0x00, 0x00, 0x00, 0x00, 0x00, 0x00, 0x00, 0x00, 0x04, 0x1C, 0x00, 0x00, 0x00, 0x09,
  0x00, 0x00, 0x00, 0x0B, 0x00, 0x00, 0x00, 0x0B, 0x00, 0x00, 0x00, 0x09, 0x00, 0x00, 0x00, 0x00,
  0x00, 0x00, 0x00, 0x00, 0x00, 0x00, 0x04, 0x1D, 0x00, 0x00, 0x00, 0x09, 0x00, 0x00, 0x00, 0x0A,
  0x00, 0x00, 0x00, 0x0A, 0x00, 0x00, 0x00, 0x09, 0x00, 0x00, 0x00, 0x00, 0x00, 0x00, 0x00, 0x00,
  0x00, 0x00, 0x04, 0x1E, 0x00, 0x00, 0x00, 0x09, 0x00, 0x00, 0x00, 0x0A, 0x00, 0x00, 0x00, 0x0A,
  0x00, 0x00, 0x00, 0x09, 0x00, 0x00, 0x00, 0x00, 0x00, 0x00, 0x00, 0x00, 0x00, 0x00, 0x04, 0x1F,
  0x00, 0x00, 0x00, 0x09, 0x00, 0x00, 0x00, 0x0A, 0x00, 0x00, 0x00, 0x0A, 0x00, 0x00, 0x00, 0x09,
  0x00, 0x00, 0x00, 0x00, 0x00, 0x00, 0x00, 0x00, 0x00, 0x00, 0x04, 0x20, 0x00, 0x00, 0x00, 0x09,
  0x00, 0x00, 0x00, 0x09, 0x00, 0x00, 0x00, 0x09, 0x00, 0x00, 0x00, 0x09, 0x00, 0x00, 0x00, 0x00,
  0x00, 0x00, 0x00, 0x00, 0x00, 0x00, 0x04, 0x21, 0x00, 0x00, 0x00, 0x09, 0x00, 0x00, 0x00, 0x09,
  0x00, 0x00, 0x00, 0x09, 0x00, 0x00, 0x00, 0x09, 0x00, 0x00, 0x00, 0x00, 0x00, 0x00, 0x00, 0x00,
  0x00, 0x00, 0x04, 0x22, 0x00, 0x00, 0x00, 0x09, 0x00, 0x00, 0x00, 0x09, 0x00, 0x00, 0x00, 0x08,
  0x00, 0x00, 0x00, 0x09, 0x00, 0x00, 0x00, 0x00, 0x00, 0x00, 0x00, 0x00, 0x00, 0x00, 0x04, 0x23,
  0x00, 0x00, 0x00, 0x09, 0x00, 0x00, 0x00, 0x09, 0x00, 0x00, 0x00, 0x09, 0x00, 0x00, 0x00, 0x09,
  0x00, 0x00, 0x00, 0x00, 0x00, 0x00, 0x00, 0x00, 0x00, 0x00, 0x04, 0x24, 0x00, 0x00, 0x00, 0x0A,
  0x00, 0x00, 0x00, 0x0C, 0x00, 0x00, 0x00, 0x0C, 0x00, 0x00, 0x00, 0x0A, 0x00, 0x00, 0x00, 0x00,
  0x00, 0x00, 0x00, 0x00, 0x00, 0x00, 0x04, 0x25, 0x00, 0x00, 0x00, 0x09, 0x00, 0x00, 0x00, 0x09,
  0x00, 0x00, 0x00, 0x09, 0x00, 0x00, 0x00, 0x09, 0x00, 0x00, 0x00, 0x00, 0x00, 0x00, 0x00, 0x00,
  0x00, 0x00, 0x04, 0x26, 0x00, 0x00, 0x00, 0x0B, 0x00, 0x00, 0x00, 0x0A, 0x00, 0x00, 0x00, 0x0A,
  0x00, 0x00, 0x00, 0x09, 0x00, 0x00, 0x00, 0x00, 0x00, 0x00, 0x00, 0x00, 0x00, 0x00, 0x04, 0x27,
  0x00, 0x00, 0x00, 0x09, 0x00, 0x00, 0x00, 0x09, 0x00, 0x00, 0x00, 0x09, 0x00, 0x00, 0x00, 0x09,
  0x00, 0x00, 0x00, 0x00, 0x00, 0x00, 0x00, 0x00, 0x00, 0x00, 0x04, 0x28, 0x00, 0x00, 0x00, 0x09,
  0x00, 0x00, 0x00, 0x0D, 0x00, 0x00, 0x00, 0x0D, 0x00, 0x00, 0x00, 0x09, 0x00, 0x00, 0x00, 0x00,
  0x00, 0x00, 0x00, 0x00, 0x00, 0x00, 0x04, 0x29, 0x00, 0x00, 0x00, 0x0B, 0x00, 0x00, 0x00, 0x0D,
  0x00, 0x00, 0x00, 0x0D, 0x00, 0x00, 0x00, 0x09, 0x00, 0x00, 0x00, 0x00, 0x00, 0x00, 0x00, 0x00,
  0x00, 0x00, 0x04, 0x2A, 0x00, 0x00, 0x00, 0x09, 0x00, 0x00, 0x00, 0x0A, 0x00, 0x00, 0x00, 0x0A,
  0x00, 0x00, 0x00, 0x09, 0x00, 0x00, 0x00, 0x00, 0x00, 0x00, 0x00, 0x00, 0x00, 0x00, 0x04, 0x2B,
  0x00, 0x00, 0x00, 0x09, 0x00, 0x00, 0x00, 0x0C, 0x00, 0x00, 0x00, 0x0C, 0x00, 0x00, 0x00, 0x09,
  0x00, 0x00, 0x00, 0x00, 0x00, 0x00, 0x00, 0x00, 0x00, 0x00, 0x04, 0x2C, 0x00, 0x00, 0x00, 0x09,
  0x00, 0x00, 0x00, 0x09, 0x00, 0x00, 0x00, 0x09, 0x00, 0x00, 0x00, 0x09, 0x00, 0x00, 0x00, 0x00,
  0x00, 0x00, 0x00, 0x00, 0x00, 0x00, 0x04, 0x2D, 0x00, 0x00, 0x00, 0x09, 0x00, 0x00, 0x00, 0x09,
  0x00, 0x00, 0x00, 0x09, 0x00, 0x00, 0x00, 0x09, 0x00, 0x00, 0x00, 0x00, 0x00, 0x00, 0x00, 0x00,
  0x00, 0x00, 0x04, 0x2E, 0x00, 0x00, 0x00, 0x09, 0x00, 0x00, 0x00, 0x0D, 0x00, 0x00, 0x00, 0x0D,
  0x00, 0x00, 0x00, 0x09, 0x00, 0x00, 0x00, 0x00, 0x00, 0x00, 0x00, 0x00, 0x00, 0x00, 0x04, 0x2F,
  0x00, 0x00, 0x00, 0x09, 0x00, 0x00, 0x00, 0x09, 0x00, 0x00, 0x00, 0x09, 0x00, 0x00, 0x00, 0x09,
  0x00, 0x00, 0x00, 0x00, 0x00, 0x00, 0x00, 0x00, 0x00, 0x00, 0x04, 0x30, 0x00, 0x00, 0x00, 0x07,
  0x00, 0x00, 0x00, 0x07, 0x00, 0x00, 0x00, 0x07, 0x00, 0x00, 0x00, 0x07, 0x00, 0x00, 0x00, 0x00,
  0x00, 0x00, 0x00, 0x00, 0x00, 0x00, 0x04, 0x31, 0x00, 0x00, 0x00, 0x0A, 0x00, 0x00, 0x00, 0x08,
  0x00, 0x00, 0x00, 0x08, 0x00, 0x00, 0x00, 0x0A, 0x00, 0x00, 0x00, 0x00, 0x00, 0x00, 0x00, 0x00,
  0x00, 0x00, 0x04, 0x32, 0x00, 0x00, 0x00, 0x07, 0x00, 0x00, 0x00, 0x08, 0x00, 0x00, 0x00, 0x07,
  0x00, 0x00, 0x00, 0x07, 0x00, 0x00, 0x00, 0x00, 0x00, 0x00, 0x00, 0x00, 0x00, 0x00, 0x04, 0x33,
  0x00, 0x00, 0x00, 0x07, 0x00, 0x00, 0x00, 0x06, 0x00, 0x00, 0x00, 0x06, 0x00, 0x00, 0x00, 0x07,
  0x00, 0x00, 0x00, 0x00, 0x00, 0x00, 0x00, 0x00, 0x00, 0x00, 0x04, 0x34, 0x00, 0x00, 0x00, 0x09,
  0x00, 0x00, 0x00, 0x08, 0x00, 0x00, 0x00, 0x08, 0x00, 0x00, 0x00, 0x07, 0x00, 0x00, 0x00, 0x00,
  0x00, 0x00, 0x00, 0x00, 0x00, 0x00, 0x04, 0x35, 0x00, 0x00, 0x00, 0x07, 0x00, 0x00, 0x00, 0x08,
  0x00, 0x00, 0x00, 0x08, 0x00, 0x00, 0x00, 0x07, 0x00, 0x00, 0x00, 0x00, 0x00, 0x00, 0x00, 0x00,
  0x00, 0x00, 0x04, 0x36, 0x00, 0x00, 0x00, 0x07, 0x00, 0x00, 0x00, 0x0B, 0x00, 0x00, 0x00, 0x0B,
  0x00, 0x00, 0x00, 0x07, 0x00, 0x00, 0x00, 0x00, 0x00, 0x00, 0x00, 0x00, 0x00, 0x00, 0x04, 0x37,
  0x00, 0x00, 0x00, 0x07, 0x00, 0x00, 0x00, 0x07, 0x00, 0x00, 0x00, 0x07, 0x00, 0x00, 0x00, 0x07,
  0x00, 0x00, 0x00, 0x00, 0x00, 0x00, 0x00, 0x00, 0x00, 0x00, 0x04, 0x38, 0x00, 0x00, 0x00, 0x07,
  0x00, 0x00, 0x00, 0x08, 0x00, 0x00, 0x00, 0x08, 0x00, 0x00, 0x00, 0x07, 0x00, 0x00, 0x00, 0x00,
  0x00, 0x00, 0x00, 0x00, 0x00, 0x00, 0x04, 0x39, 0x00, 0x00, 0x00, 0x0A, 0x00, 0x00, 0x00, 0x08,
  0x00, 0x00, 0x00, 0x08, 0x00, 0x00, 0x00, 0x0A, 0x00, 0x00, 0x00, 0x00, 0x00, 0x00, 0x00, 0x00,
  0x00, 0x00, 0x04, 0x3A, 0x00, 0x00, 0x00, 0x07, 0x00, 0x00, 0x00, 0x08, 0x00, 0x00, 0x00, 0x07,
  0x00, 0x00, 0x00, 0x07, 0x00, 0x00, 0x00, 0x00, 0x00, 0x00, 0x00, 0x00, 0x00, 0x00, 0x04, 0x3B,
  0x00, 0x00, 0x00, 0x07, 0x00, 0x00, 0x00, 0x08, 0x00, 0x00, 0x00, 0x08, 0x00, 0x00, 0x00, 0x07,
  0x00, 0x00, 0x00, 0x00, 0x00, 0x00, 0x00, 0x00, 0x00, 0x00, 0x04, 0x3C, 0x00, 0x00, 0x00, 0x07,
  0x00, 0x00, 0x00, 0x09, 0x00, 0x00, 0x00, 0x09, 0x00, 0x00, 0x00, 0x07, 0x00, 0x00, 0x00, 0x00,
  0x00, 0x00, 0x00, 0x00, 0x00, 0x00, 0x04, 0x3D, 0x00, 0x00, 0x00, 0x07, 0x00, 0x00, 0x00, 0x08,
  0x00, 0x00, 0x00, 0x08, 0x00, 0x00, 0x00, 0x07, 0x00, 0x00, 0x00, 0x00, 0x00, 0x00, 0x00, 0x00,
  0x00, 0x00, 0x04, 0x3E, 0x00, 0x00, 0x00, 0x07, 0x00, 0x00, 0x00, 0x08, 0x00, 0x00, 0x00, 0x08,
  0x00, 0x00, 0x00, 0x07, 0x00, 0x00, 0x00, 0x00, 0x00, 0x00, 0x00, 0x00, 0x00, 0x00, 0x04, 0x3F,
  0x00, 0x00, 0x00, 0x07, 0x00, 0x00, 0x00, 0x08, 0x00, 0x00, 0x00, 0x08, 0x00, 0x00, 0x00, 0x07,
  0x00, 0x00, 0x00, 0x00, 0x00, 0x00, 0x00, 0x00, 0x00, 0x00, 0x04, 0x40, 0x00, 0x00, 0x00, 0x0A,
  0x00, 0x00, 0x00, 0x08, 0x00, 0x00, 0x00, 0x08, 0x00, 0x00, 0x00, 0x07, 0x00, 0x00, 0x00, 0x00,
  0x00, 0x00, 0x00, 0x00, 0x00, 0x00, 0x04, 0x41, 0x00, 0x00, 0x00, 0x07, 0x00, 0x00, 0x00, 0x07,
  0x00, 0x00, 0x00, 0x07, 0x00, 0x00, 0x00, 0x07, 0x00, 0x00, 0x00, 0x00, 0x00, 0x00, 0x00, 0x00,
  0x00, 0x00, 0x04, 0x42, 0x00, 0x00, 0x00, 0x07, 0x00, 0x00, 0x00, 0x07, 0x00, 0x00, 0x00, 0x07,
  0x00, 0x00, 0x00, 0x07, 0x00, 0x00, 0x00, 0x00, 0x00, 0x00, 0x00, 0x00, 0x00, 0x00, 0x04, 0x43,
  0x00, 0x00, 0x00, 0x0A, 0x00, 0x00, 0x00, 0x08, 0x00, 0x00, 0x00, 0x08, 0x00, 0x00, 0x00, 0x07,
  0x00, 0x00, 0x00, 0x00, 0x00, 0x00, 0x00, 0x00, 0x00, 0x00, 0x04, 0x44, 0x00, 0x00, 0x00, 0x0C,
  0x00, 0x00, 0x00, 0x0A, 0x00, 0x00, 0x00, 0x0A, 0x00, 0x00, 0x00, 0x09, 0x00, 0x00, 0x00, 0x00,
  0x00, 0x00, 0x00, 0x00, 0x00, 0x00, 0x04, 0x45, 0x00, 0x00, 0x00, 0x07, 0x00, 0x00, 0x00, 0x08,
  0x00, 0x00, 0x00, 0x07, 0x00, 0x00, 0x00, 0x07, 0x00, 0x00, 0x00, 0x00, 0x00, 0x00, 0x00, 0x00,
  0x00, 0x00, 0x04, 0x46, 0x00, 0x00, 0x00, 0x09, 0x00, 0x00, 0x00, 0x08, 0x00, 0x00, 0x00, 0x08,
  0x00, 0x00, 0x00, 0x07, 0x00, 0x00, 0x00, 0x00, 0x00, 0x00, 0x00, 0x00, 0x00, 0x00, 0x04, 0x47,
  0x00, 0x00, 0x00, 0x07, 0x00, 0x00, 0x00, 0x07, 0x00, 0x00, 0x00, 0x07, 0x00, 0x00, 0x00, 0x07,
  0x00, 0x00, 0x00, 0x00, 0x00, 0x00, 0x00, 0x00, 0x00, 0x00, 0x04, 0x48, 0x00, 0x00, 0x00, 0x07,
  0x00, 0x00, 0x00, 0x0B, 0x00, 0x00, 0x00, 0x0B, 0x00, 0x00, 0x00, 0x07, 0x00, 0x00, 0x00, 0x00,
  0x00, 0x00, 0x00, 0x00, 0x00, 0x00, 0x04, 0x49, 0x00, 0x00, 0x00, 0x09, 0x00, 0x00, 0x00, 0x0B,
  0x00, 0x00, 0x00, 0x0B, 0x00, 0x00, 0x00, 0x07, 0x00, 0x00, 0x00, 0x00, 0x00, 0x00, 0x00, 0x00,
  0x00, 0x00, 0x04, 0x4A, 0x00, 0x00, 0x00, 0x07, 0x00, 0x00, 0x00, 0x08, 0x00, 0x00, 0x00, 0x08,
  0x00, 0x00, 0x00, 0x07, 0x00, 0x00, 0x00, 0x00, 0x00, 0x00, 0x00, 0x00, 0x00, 0x00, 0x04, 0x4B,
  0x00, 0x00, 0x00, 0x07, 0x00, 0x00, 0x00, 0x0A, 0x00, 0x00, 0x00, 0x0A, 0x00, 0x00, 0x00, 0x07,
  0x00, 0x00, 0x00, 0x00, 0x00, 0x00, 0x00, 0x00, 0x00, 0x00, 0x04, 0x4C, 0x00, 0x00, 0x00, 0x07,
  0x00, 0x00, 0x00, 0x07, 0x00, 0x00, 0x00, 0x07, 0x00, 0x00, 0x00, 0x07, 0x00, 0x00, 0x00, 0x00,
  0x00, 0x00, 0x00, 0x00, 0x00, 0x00, 0x04, 0x4D, 0x00, 0x00, 0x00, 0x07, 0x00, 0x00, 0x00, 0x07,
  0x00, 0x00, 0x00, 0x07, 0x00, 0x00, 0x00, 0x07, 0x00, 0x00, 0x00, 0x00, 0x00, 0x00, 0x00, 0x00,
  0x00, 0x00, 0x04, 0x4E, 0x00, 0x00, 0x00, 0x07, 0x00, 0x00, 0x00, 0x0A, 0x00, 0x00, 0x00, 0x0A,
  0x00, 0x00, 0x00, 0x07, 0x00, 0x00, 0x00, 0x00, 0x00, 0x00, 0x00, 0x00, 0x00, 0x00, 0x04, 0x4F,
  0x00, 0x00, 0x00, 0x07, 0x00, 0x00, 0x00, 0x08, 0x00, 0x00, 0x00, 0x08, 0x00, 0x00, 0x00, 0x07,
  0x00, 0x00, 0x00, 0x00, 0x00, 0x00, 0x00, 0x00, 0x00, 0x00, 0x04, 0x51, 0x00, 0x00, 0x00, 0x0A,
  0x00, 0x00, 0x00, 0x08, 0x00, 0x00, 0x00, 0x08, 0x00, 0x00, 0x00, 0x0A, 0x00, 0x00, 0x00, 0x00,
  0x00, 0x00, 0x00, 0x00, 0x00, 0xD0, 0xE8, 0x00, 0x00, 0xD0, 0xE8, 0x00, 0x00, 0xD0, 0xE8, 0x00,
  0x00, 0xD0, 0xE8, 0x00, 0x00, 0xD0, 0xE8, 0x00, 0x00, 0xD0, 0xE8, 0x00, 0x00, 0x0D, 0x0E, 0x00,
  0x07, 0xE8, 0xEB, 0x0B, 0x04, 0xCD, 0xD1, 0x06, 0x48, 0xFF, 0x48, 0xB0, 0xE0, 0x00, 0x48, 0xFF,
  0x48, 0xB0, 0xE0, 0x00, 0x48, 0xFF, 0x48, 0xB0, 0xE0, 0x00, 0x00, 0x00, 0x00, 0x00, 0x00, 0x00,
  0x00, 0x00, 0x00, 0x00, 0x00, 0x00, 0x00, 0x00, 0x00, 0x00, 0x00, 0x00, 0x00, 0x00, 0x00, 0x00,
  0x00, 0x00, 0x00, 0x00, 0x00, 0x00, 0x00, 0x00, 0x00, 0x00, 0x00, 0x00, 0x00, 0x00, 0x00, 0x00,
  0x42, 0xFF, 0x4E, 0x07, 0xF9, 0x8E, 0x00, 0x00, 0x00, 0x7B, 0xFF, 0x15, 0x3B, 0xFF, 0x54, 0x00,
  0x00, 0xE8, 0xFF, 0xFF, 0xFF, 0xFF, 0xFF, 0xFF, 0x40, 0x00, 0x69, 0xF0, 0xD1, 0x74, 0xCD, 0xF4,
  0x74, 0x1D, 0x0F, 0x31, 0xFE, 0x93, 0x24, 0xD5, 0xCA, 0x1B, 0x00, 0x6C, 0xFF, 0xFF, 0xFF, 0xFF,
  0xFF, 0xFF, 0xC0, 0x00, 0x21, 0x9E, 0xFF, 0x64, 0x72, 0xFF, 0x90, 0x3C, 0x00, 0x00, 0x96, 0xF7,
  0x02, 0x56, 0xFF, 0x3A, 0x00, 0x00, 0x00, 0xBF, 0xD0, 0x00, 0x7F, 0xFF, 0x10, 0x00, 0x00, 0x00,
  0x00, 0x00, 0x7C, 0xFF, 0x10, 0x00, 0x00, 0x00, 0x00, 0x07, 0x74, 0xD7, 0xFF, 0xAB, 0x43, 0x00,
  0x00, 0x00, 0xB9, 0xFF, 0xF2, 0xDF, 0xFE, 0xFE, 0x46, 0x00, 0x18, 0xFF, 0xE4, 0x09, 0x00, 0x5C,
  0xC8, 0x7F, 0x00, 0x0B, 0xFE, 0xF9, 0x63, 0x0E, 0x00, 0x00, 0x00, 0x00, 0x00, 0x86, 0xFF, 0xFF,
  0xFC, 0xCC, 0x71, 0x06, 0x00, 0x00, 0x00, 0x38, 0x8B, 0xCD, 0xFF, 0xFF, 0x9D, 0x00, 0x03, 0x08,
  0x04, 0x00, 0x00, 0x3A, 0xFF, 0xF4, 0x00, 0x4C, 0xFF, 0xD5, 0x1B, 0x05, 0x42, 0xFE, 0xE0, 0x00,
  0x04, 0xC1, 0xFF, 0xFF, 0xFF, 0xFF, 0xFB, 0x5A, 0x00, 0x00, 0x03, 0x55, 0xC0, 0xFF, 0x80, 0x29,
  0x00, 0x00, 0x00, 0x00, 0x00, 0x7C, 0xFF, 0x10, 0x00, 0x00, 0x00, 0x00, 0x00, 0x0D, 0x00, 0x00,
  0x00, 0x00, 0x00, 0x00, 0x00, 0x00, 0x30, 0xE0, 0xFF, 0xD9, 0x26, 0x00, 0x00, 0xAC, 0xF9, 0x2D,
  0x00, 0xA8, 0xF8, 0x60, 0xFE, 0x9C, 0x00, 0x5E, 0xFF, 0x75, 0x00, 0x00, 0xA3, 0xFA, 0x76, 0xFF,
  0x96, 0x1E, 0xF0, 0xC1, 0x02, 0x00, 0x00, 0x24, 0xC8, 0xF6, 0xC2, 0x1E, 0xBF, 0xF1, 0x1F, 0x00,
  0x00, 0x00, 0x00, 0x00, 0x00, 0x00, 0x72, 0xFF, 0x5F, 0x00, 0x0D, 0x00, 0x00, 0x00, 0x00, 0x00,
  0x2B, 0xF8, 0xAE, 0x32, 0xE1, 0xFF, 0xD8, 0x24, 0x00, 0x00, 0x05, 0xCF, 0xE7, 0x14, 0xAC, 0xF6,
  0x61, 0xFE, 0x98, 0x00, 0x00, 0x86, 0xFF, 0x4B, 0x00, 0xA7, 0xF9, 0x77, 0xFF, 0x92, 0x00, 0x3A,
  0xFC, 0x98, 0x00, 0x00, 0x26, 0xCA, 0xF6, 0xC0, 0x1A, 0x00, 0x12, 0xB7, 0xF8, 0xDF, 0x4C, 0x00,
  0x00, 0x00, 0x00, 0x80, 0xFF, 0x9A, 0xE4, 0xE7, 0x00, 0x00, 0x00, 0x00, 0x8F, 0xFF, 0x30, 0xCE,
  0xF2, 0x02, 0x00, 0x00, 0x00, 0x43, 0xFF, 0xF3, 0xFF, 0x6D, 0x00, 0x00, 0x00, 0x00, 0x2C, 0xF0,
  0xFF, 0xCA, 0x01, 0x00, 0x00, 0x00, 0x12, 0xE9, 0xE7, 0x9F, 0xFF, 0x9C, 0xB4, 0xFF, 0x0D, 0x4E,
  0xFF, 0x76, 0x00, 0x75, 0xFE, 0xFF, 0xCC, 0x00, 0x27, 0xFD, 0xE2, 0x80, 0x8D, 0xF2, 0xFF, 0xB8,
  0x02, 0x00, 0x54, 0xD2, 0xF8, 0xEA, 0xAF, 0x90, 0xFF, 0x8C, 0x48, 0xFF, 0x48, 0x48, 0xFF, 0x48,
  0x48, 0xFF, 0x48, 0x00, 0x00, 0x00, 0x00, 0x00, 0x00, 0x00, 0x00, 0x00, 0x00, 0x00, 0x00, 0x00,
  0x00, 0x00, 0x00, 0x00, 0x00, 0x00, 0x00, 0x64, 0xFF, 0x67, 0x00, 0x12, 0xF0, 0xB9, 0x00, 0x00,
  0x75, 0xFF, 0x3F, 0x00, 0x00, 0xC8, 0xE6, 0x01, 0x00, 0x03, 0xF9, 0xB0, 0x00, 0x00, 0x12, 0xFF,
  0x9A, 0x00, 0x00, 0x12, 0xFF, 0x9A, 0x00, 0x00, 0x03, 0xFA, 0xB0, 0x00, 0x00, 0x00, 0xCC, 0xE6,
  0x01, 0x00, 0x00, 0x7C, 0xFF, 0x40, 0x00, 0x00, 0x17, 0xF1, 0xB9, 0x00, 0x00, 0x00, 0x62, 0xFF,
  0x66, 0x78, 0xFF, 0x52, 0x00, 0x00, 0x01, 0xC8, 0xE9, 0x0E, 0x00, 0x00, 0x52, 0xFF, 0x6C, 0x00,
  0x00, 0x06, 0xF4, 0xBC, 0x00, 0x00, 0x00, 0xC2, 0xED, 0x00, 0x00, 0x00, 0xAA, 0xFE, 0x03, 0x00,
  0x00, 0xAA, 0xFE, 0x03, 0x00, 0x00, 0xC2, 0xEC, 0x00, 0x00, 0x06, 0xF4, 0xB7, 0x00, 0x00, 0x52,
  0xFF, 0x64, 0x00, 0x01, 0xC8, 0xE8, 0x0A, 0x00, 0x76, 0xFF, 0x55, 0x00, 0x00, 0x00, 0x3C, 0xA4,
  0x7C, 0x3C, 0x00, 0x29, 0xDA, 0xEE, 0xED, 0xCB, 0x10, 0x28, 0xD0, 0xF3, 0xF1, 0xC1, 0x11, 0x01,
  0x48, 0xA3, 0x7D, 0x47, 0x00, 0x00, 0x00, 0x00, 0x00, 0x00, 0x00, 0x00, 0x00, 0x00, 0x00, 0x00,
  0x00, 0x00, 0x00, 0x00, 0x00, 0x00, 0x00, 0x00, 0x00, 0x00, 0x00, 0x00, 0x00, 0x00, 0x00, 0x00,
  0x00, 0x00, 0x00, 0x00, 0x00, 0x28, 0xFF, 0x90, 0x00, 0x00, 0x11, 0x24, 0x46, 0xFF, 0x9F, 0x24,
  0x20, 0x7C, 0xFF, 0xFF, 0xFF, 0xFF, 0xFF, 0xE4, 0x26, 0x50, 0x6B, 0xFF, 0xB3, 0x50, 0x47, 0x00,
  0x00, 0x28, 0xFF, 0x90, 0x00, 0x00, 0x00, 0x00, 0x28, 0xFF, 0x90, 0x00, 0x00, 0x00, 0x00, 0x00,
  0x00, 0x00, 0x00, 0x00, 0x00, 0x00, 0x00, 0x00, 0x00, 0x00, 0x00, 0x00, 0xE4, 0xEC, 0x00, 0x00,
  0xE5, 0xE9, 0x00, 0x10, 0xFD, 0x77, 0x00, 0x4D, 0xC9, 0x03, 0x00, 0x15, 0x24, 0x24, 0x24, 0x13,
  0x9C, 0xFF, 0xFF, 0xFF, 0x8C, 0x30, 0x50, 0x50, 0x50, 0x2B, 0x00, 0x00, 0x00, 0x00, 0x00, 0x00,
  0x00, 0x00, 0x00, 0x00, 0x00, 0x0D, 0x0E, 0x00, 0x07, 0xE8, 0xEB, 0x0B, 0x04, 0xCD, 0xD1, 0x06,
  0x00, 0x00, 0x00, 0x00, 0xC1, 0xCE, 0x00, 0x00, 0x00, 0x1B, 0xFD, 0x75, 0x00, 0x00, 0x00, 0x72,
  0xFE, 0x1E, 0x00, 0x00, 0x00, 0xCB, 0xC3, 0x00, 0x00, 0x00, 0x23, 0xFF, 0x6A, 0x00, 0x00, 0x00,
  0x7C, 0xFC, 0x16, 0x00, 0x00, 0x00, 0xD4, 0xB8, 0x00, 0x00, 0x00, 0x2D, 0xFF, 0x5F, 0x00, 0x00,
  0x00, 0x86, 0xF8, 0x0E, 0x00, 0x00, 0x00, 0xDE, 0xAD, 0x00, 0x00, 0x00, 0x37, 0xFF, 0x54, 0x00,
  0x00, 0x00, 0x90, 0xF3, 0x09, 0x00, 0x00, 0x00, 0x00, 0x0D, 0x98, 0xEB, 0xF5, 0xBD, 0x2F, 0x00,
  0x00, 0xAF, 0xFF, 0xB4, 0x91, 0xF8, 0xEC, 0x16, 0x1C, 0xFF, 0xD7, 0x01, 0x00, 0x8B, 0xFF, 0x6F,
  0x48, 0xFF, 0xA3, 0x00, 0x00, 0x54, 0xFF, 0x9B, 0x55, 0xFF, 0x99, 0x00, 0x00, 0x4A, 0xFF, 0xA8,
  0x44, 0xFF, 0xA7, 0x00, 0x00, 0x58, 0xFF, 0x97, 0x16, 0xFD, 0xDC, 0x01, 0x00, 0x90, 0xFF, 0x66,
  0x00, 0xA6, 0xFF, 0xB4, 0x91, 0xF9, 0xE8, 0x11, 0x00, 0x0B, 0x98, 0xEB, 0xF5, 0xBD, 0x2C, 0x00,
  0x00, 0x21, 0xC7, 0xFF, 0x9C, 0x00, 0x00, 0x3C, 0xF1, 0xFF, 0xFF, 0x9C, 0x00, 0x00, 0x6C, 0xCB,
  0x7C, 0xFF, 0x9C, 0x00, 0x00, 0x21, 0x04, 0x54, 0xFF, 0x9C, 0x00, 0x00, 0x00, 0x00, 0x54, 0xFF,
  0x9C, 0x00, 0x00, 0x00, 0x00, 0x54, 0xFF, 0x9C, 0x00, 0x00, 0x00, 0x00, 0x54, 0xFF, 0x9C, 0x00,
  0x00, 0x41, 0x9C, 0xBC, 0xFF, 0xD8, 0x9C, 0x30, 0x6C, 0xFF, 0xFF, 0xFF, 0xFF, 0xFF, 0x50, 0x00,
  0x33, 0xBC, 0xEE, 0xF2, 0xB0, 0x1F, 0x00, 0x16, 0xEE, 0xF7, 0x8D, 0x9D, 0xFF, 0xD0, 0x00, 0x5F,
  0xFF, 0x94, 0x00, 0x00, 0xDB, 0xFF, 0x1C, 0x16, 0x30, 0x16, 0x00, 0x1E, 0xF7, 0xFA, 0x0E, 0x00,
  0x00, 0x00, 0x1A, 0xD6, 0xFF, 0x7C, 0x00, 0x00, 0x00, 0x2B, 0xE1, 0xFF, 0x8D, 0x01, 0x00, 0x00,
  0x41, 0xF0, 0xFB, 0x6A, 0x00, 0x00, 0x00, 0x52, 0xFA, 0xFF, 0xB5, 0x74, 0x74, 0x74, 0x20, 0x9C,
  0xFF, 0xFF, 0xFF, 0xFF, 0xFF, 0xFF, 0x48, 0x00, 0x49, 0xCB, 0xF4, 0xF0, 0xB1, 0x23, 0x00, 0x21,
  0xF8, 0xFA, 0xAF, 0xCC, 0xFF, 0xD4, 0x00, 0x48, 0xCC, 0x7E, 0x00, 0x04, 0xEC, 0xFF, 0x0A, 0x00,
  0x00, 0x00, 0x24, 0x4E, 0xFA, 0xC9, 0x00, 0x00, 0x00, 0x04, 0xFF, 0xFF, 0xE7, 0x28, 0x00, 0x00,
  0x00, 0x01, 0x50, 0x6F, 0xF6, 0xDF, 0x08, 0x59, 0xBC, 0x5C, 0x00, 0x00, 0xCD, 0xFF, 0x2D, 0x3A,
  0xFE, 0xF4, 0xAB, 0xBF, 0xFF, 0xE7, 0x0A, 0x00, 0x58, 0xCF, 0xF4, 0xF1, 0xB5, 0x2A, 0x00, 0x00,
  0x00, 0x00, 0x04, 0xC9, 0xFF, 0x80, 0x00, 0x00, 0x00, 0x00, 0x82, 0xFF, 0xFF, 0x80, 0x00, 0x00,
  0x00, 0x39, 0xFC, 0xD7, 0xFF, 0x80, 0x00, 0x00, 0x0C, 0xDC, 0xB9, 0x75, 0xFF, 0x80, 0x00, 0x00,
  0x9E, 0xED, 0x1A, 0x74, 0xFF, 0x80, 0x00, 0x51, 0xFF, 0x76, 0x24, 0x87, 0xFF, 0x92, 0x13, 0xBB,
  0xFF, 0xFF, 0xFF, 0xFF, 0xFF, 0xFF, 0x8C, 0x3A, 0x50, 0x50, 0x50, 0x9F, 0xFF, 0xA8, 0x2B, 0x00,
  0x00, 0x00, 0x00, 0x74, 0xFF, 0x80, 0x00, 0x28, 0xFF, 0xFF, 0xFF, 0xFF, 0xFF, 0xC4, 0x00, 0x28,
  0xFF, 0xE3, 0x74, 0x74, 0x74, 0x58, 0x00, 0x28, 0xFF, 0xCC, 0x09, 0x19, 0x01, 0x00, 0x00, 0x28,
  0xFF, 0xF3, 0xF6, 0xFF, 0xE8, 0x4C, 0x00, 0x26, 0xF8, 0xEA, 0x6B, 0x7C, 0xFD, 0xEF, 0x0D, 0x00,
  0x00, 0x00, 0x00, 0x00, 0xBD, 0xFF, 0x38, 0x27, 0x80, 0x54, 0x00, 0x00, 0xC6, 0xFF, 0x32, 0x1C,
  0xF8, 0xF6, 0x87, 0x9B, 0xFF, 0xD2, 0x01, 0x00, 0x45, 0xCB, 0xF7, 0xF0, 0xAA, 0x1B, 0x00, 0x00,
  0x05, 0x83, 0xE2, 0xF7, 0xD5, 0x59, 0x00, 0x00, 0x95, 0xFF, 0xA8, 0x83, 0xE5, 0xFE, 0x23, 0x0F,
  0xFA, 0xB7, 0x00, 0x18, 0x15, 0x1C, 0x09, 0x41, 0xFF, 0xC3, 0xEA, 0xFF, 0xFC, 0x8E, 0x00, 0x54,
  0xFF, 0xFA, 0x78, 0x68, 0xEB, 0xFF, 0x4B, 0x4F, 0xFF, 0xA9, 0x00, 0x00, 0x7A, 0xFF, 0x81, 0x28,
  0xFF, 0xB4, 0x00, 0x00, 0x86, 0xFF, 0x75, 0x00, 0xC4, 0xFE, 0x9C, 0x8B, 0xF6, 0xF3, 0x1F, 0x00,
  0x12, 0x9A, 0xE3, 0xF6, 0xC4, 0x38, 0x00, 0xBC, 0xFF, 0xFF, 0xFF, 0xFF, 0xFF, 0xA0, 0x55, 0x74,
  0x74, 0x74, 0xB8, 0xFF, 0x85, 0x00, 0x00, 0x00, 0x00, 0xCC, 0xFF, 0x26, 0x00, 0x00, 0x00, 0x35,
  0xFF, 0xC2, 0x00, 0x00, 0x00, 0x00, 0x9D, 0xFF, 0x60, 0x00, 0x00, 0x00, 0x0F, 0xF5, 0xF2, 0x0B,
  0x00, 0x00, 0x00, 0x6D, 0xFF, 0x9A, 0x00, 0x00, 0x00, 0x00, 0xD4, 0xFF, 0x37, 0x00, 0x00, 0x00,
  0x3C, 0xFF, 0xD5, 0x00, 0x00, 0x00, 0x00, 0x2B, 0xB6, 0xED, 0xF2, 0xC7, 0x45, 0x00, 0x03, 0xE4,
  0xFE, 0x96, 0x86, 0xF2, 0xF8, 0x21, 0x1B, 0xFF, 0xD8, 0x00, 0x00, 0xA4, 0xFF, 0x4F, 0x00, 0xB9,
  0xFE, 0x88, 0x70, 0xF1, 0xD3, 0x0F, 0x00, 0x3D, 0xEA, 0xFF, 0xFF, 0xF7, 0x54, 0x00, 0x27, 0xF9,
  0xE0, 0x45, 0x33, 0xC5, 0xFF, 0x54, 0x5F, 0xFF, 0x96, 0x00, 0x00, 0x66, 0xFF, 0x8F, 0x25, 0xF8,
  0xF5, 0x8C, 0x81, 0xE4, 0xFF, 0x4D, 0x00, 0x41, 0xC0, 0xEF, 0xF4, 0xCE, 0x5D, 0x00, 0x00, 0x39,
  0xC0, 0xF5, 0xE7, 0xAA, 0x1D, 0x00, 0x1F, 0xF6, 0xFD, 0xB7, 0xB5, 0xFD, 0xDE, 0x06, 0x62, 0xFF,
  0x9C, 0x00, 0x00, 0x8F, 0xFF, 0x48, 0x4D, 0xFF, 0xD5, 0x3A, 0x37, 0xCC, 0xFF, 0x6E, 0x04, 0xBA,
  0xFF, 0xFF, 0xFF, 0xD8, 0xFF, 0x73, 0x00, 0x00, 0x2E, 0x47, 0x23, 0x76, 0xFF, 0x60, 0x0C, 0x48,
  0x33, 0x00, 0x01, 0xC3, 0xFF, 0x29, 0x06, 0xEC, 0xFB, 0xAC, 0xCE, 0xFF, 0xB5, 0x00, 0x00, 0x3A,
  0xC6, 0xF5, 0xEA, 0x98, 0x0C, 0x00, 0x00, 0x0D, 0x0E, 0x00, 0x07, 0xE8, 0xEB, 0x0B, 0x04, 0xCD,
  0xD1, 0x06, 0x00, 0x00, 0x00, 0x00, 0x00, 0x00, 0x00, 0x00, 0x00, 0x0D, 0x0E, 0x00, 0x07, 0xE8,
  0xEB, 0x0B, 0x04, 0xCD, 0xD1, 0x06, 0x00, 0x0D, 0x0E, 0x00, 0x07, 0xE8, 0xEB, 0x0B, 0x04, 0xCD,
  0xD1, 0x06, 0x00, 0x00, 0x00, 0x00, 0x00, 0x00, 0x00, 0x00, 0x00, 0x00, 0x00, 0x00, 0x00, 0xE4,
  0xEC, 0x00, 0x00, 0xE5, 0xE9, 0x00, 0x10, 0xFD, 0x77, 0x00, 0x4D, 0xC9, 0x03, 0x00, 0x00, 0x00,
  0x00, 0x00, 0x00, 0x00, 0x0A, 0x00, 0x00, 0x00, 0x00, 0x25, 0x93, 0xD7, 0x00, 0x00, 0x42, 0xB3,
  0xFE, 0xFF, 0xC1, 0x3D, 0xD1, 0xFF, 0xF5, 0x9F, 0x3A, 0x00, 0x7C, 0xFF, 0xFB, 0x7B, 0x10, 0x00,
  0x00, 0x11, 0x77, 0xE2, 0xFF, 0xF6, 0xA1, 0x39, 0x00, 0x00, 0x04, 0x58, 0xC8, 0xFF, 0xE4, 0x00,
  0x00, 0x00, 0x00, 0x00, 0x38, 0x90, 0x00, 0x00, 0x00, 0x00, 0x00, 0x00, 0x00, 0x7C, 0xFF, 0xFF,
  0xFF, 0xFF, 0xFF, 0xE4, 0x38, 0x74, 0x74, 0x74, 0x74, 0x74, 0x67, 0x11, 0x24, 0x24, 0x24, 0x24,
  0x24, 0x20, 0x7C, 0xFF, 0xFF, 0xFF, 0xFF, 0xFF, 0xE4, 0x26, 0x50, 0x50, 0x50, 0x50, 0x50, 0x47,
  0x00, 0x00, 0x00, 0x00, 0x00, 0x00, 0x00, 0x00, 0x00, 0x00, 0x00, 0x00, 0x00, 0x00, 0x0A, 0x00,
  0x00, 0x00, 0x00, 0x00, 0x00, 0x7B, 0xC1, 0x50, 0x02, 0x00, 0x00, 0x00, 0x65, 0xFD, 0xFF, 0xDD,
  0x70, 0x0E, 0x00, 0x00, 0x1E, 0x82, 0xE4, 0xFF, 0xF2, 0x85, 0x00, 0x00, 0x00, 0x3A, 0xDA, 0xFF,
  0xE4, 0x0F, 0x6B, 0xD1, 0xFF, 0xFA, 0xA5, 0x34, 0x7C, 0xFF, 0xEB, 0x85, 0x1A, 0x00, 0x00, 0x59,
  0x66, 0x09, 0x00, 0x00, 0x00, 0x00, 0x00, 0x00, 0x00, 0x00, 0x00, 0x00, 0x00, 0x00, 0x59, 0xD7,
  0xF9, 0xD9, 0x60, 0x00, 0x40, 0xFE, 0xCC, 0x7D, 0xD8, 0xFF, 0x38, 0x45, 0x88, 0x22, 0x00, 0x5D,
  0xFF, 0x65, 0x00, 0x00, 0x00, 0x1F, 0xD8, 0xF6, 0x22, 0x00, 0x00, 0x16, 0xE6, 0xF3, 0x42, 0x00,
  0x00, 0x00, 0x5C, 0xF8, 0x60, 0x00, 0x00, 0x00, 0x00, 0x00, 0x1A, 0x00, 0x00, 0x00, 0x00, 0x00,
  0x81, 0xFF, 0x63, 0x00, 0x00, 0x00, 0x00, 0x67, 0xF3, 0x4D, 0x00, 0x00, 0x00, 0x00, 0x00, 0x3D,
  0xAC, 0xE8, 0xF9, 0xE4, 0xB0, 0x4D, 0x00, 0x00, 0x00, 0x00, 0x00, 0x85, 0xFF, 0xDA, 0x90, 0x7A,
  0x90, 0xD7, 0xFF, 0xA0, 0x01, 0x00, 0x00, 0x62, 0xFF, 0x7D, 0x01, 0x0C, 0x08, 0x0E, 0x19, 0x6C,
  0xFE, 0x73, 0x00, 0x02, 0xE5, 0xA9, 0x01, 0xA5, 0xFE, 0xF3, 0xBC, 0xE0, 0x00, 0x9D, 0xE4, 0x02,
  0x30, 0xFF, 0x3F, 0x49, 0xFF, 0x99, 0x5A, 0xE8, 0xE0, 0x00, 0x46, 0xFF, 0x1D, 0x4F, 0xFF, 0x17,
  0x74, 0xFF, 0x18, 0x00, 0x96, 0xE0, 0x00, 0x2E, 0xFF, 0x31, 0x48, 0xFF, 0x1B, 0x6F, 0xFF, 0x1D,
  0x00, 0x9A, 0xE2, 0x00, 0x49, 0xFF, 0x19, 0x29, 0xFF, 0x47, 0x3A, 0xFF, 0xB2, 0x77, 0xEE, 0xFB,
  0x7A, 0xD2, 0xC4, 0x00, 0x00, 0xD9, 0xB2, 0x00, 0x7E, 0xEC, 0xE5, 0x45, 0xBE, 0xF5, 0xBF, 0x20,
  0x00, 0x00, 0x5A, 0xFF, 0x89, 0x04, 0x00, 0x00, 0x00, 0x00, 0x03, 0x00, 0x00, 0x00, 0x00, 0x00,
  0x82, 0xFE, 0xE1, 0x95, 0x79, 0x81, 0xB5, 0x8B, 0x00, 0x00, 0x00, 0x00, 0x00, 0x00, 0x3D, 0xA6,
  0xE1, 0xF9, 0xF2, 0xBC, 0x3D, 0x00, 0x00, 0x00, 0x00, 0x00, 0x00, 0xAD, 0xFF, 0xA3, 0x00, 0x00,
  0x00, 0x00, 0x00, 0x13, 0xF9, 0xFF, 0xF6, 0x0E, 0x00, 0x00, 0x00, 0x00, 0x6D, 0xFF, 0xDF, 0xFF,
  0x64, 0x00, 0x00, 0x00, 0x00, 0xCE, 0xF5, 0x3F, 0xFF, 0xC5, 0x00, 0x00, 0x00, 0x2E, 0xFF, 0xA4,
  0x00, 0xD4, 0xFF, 0x26, 0x00, 0x00, 0x8F, 0xFF, 0xC0, 0x98, 0xD3, 0xFF, 0x86, 0x00, 0x05, 0xE9,
  0xFF, 0xFF, 0xFF, 0xFF, 0xFF, 0xE3, 0x02, 0x50, 0xFF, 0x8B, 0x00, 0x00, 0x00, 0xC0, 0xFF, 0x47,
  0xB0, 0xFF, 0x33, 0x00, 0x00, 0x00, 0x65, 0xFF, 0xA7, 0x00, 0xF4, 0xFF, 0xFF, 0xFF, 0xED, 0xB1,
  0x1D, 0x00, 0x00, 0xF4, 0xFD, 0x74, 0x76, 0xB7, 0xFF, 0xB3, 0x00, 0x00, 0xF4, 0xFC, 0x00, 0x00,
  0x0F, 0xFF, 0xE5, 0x00, 0x00, 0xF4, 0xFC, 0x24, 0x27, 0x74, 0xFF, 0xB1, 0x00, 0x00, 0xF4, 0xFF,
  0xFF, 0xFF, 0xFF, 0xF0, 0x2F, 0x00, 0x00, 0xF4, 0xFD, 0x50, 0x50, 0x6E, 0xF0, 0xEA, 0x12, 0x00,
  0xF4, 0xFC, 0x00, 0x00, 0x00, 0xAC, 0xFF, 0x44, 0x00, 0xF4, 0xFD, 0x74, 0x74, 0x8D, 0xF7, 0xF9,
  0x1C, 0x00, 0xF4, 0xFF, 0xFF, 0xFF, 0xF4, 0xCF, 0x50, 0x00, 0x00, 0x01, 0x6B, 0xD2, 0xF7, 0xEE,
  0xB2, 0x30, 0x00, 0x00, 0x8A, 0xFF, 0xDD, 0x80, 0xA0, 0xFF, 0xF3, 0x22, 0x13, 0xFA, 0xF6, 0x19,
  0x00, 0x00, 0x9A, 0xF4, 0x76, 0x44, 0xFF, 0xBF, 0x00, 0x00, 0x00, 0x00, 0x00, 0x00, 0x54, 0xFF,
  0xAE, 0x00, 0x00, 0x00, 0x00, 0x00, 0x00, 0x43, 0xFF, 0xC2, 0x00, 0x00, 0x00, 0x00, 0x00, 0x00,
  0x11, 0xFA, 0xF8, 0x1D, 0x00, 0x00, 0x94, 0xF0, 0x74, 0x00, 0x8E, 0xFF, 0xE0, 0x80, 0x9E, 0xFE,
  0xF8, 0x26, 0x00, 0x02, 0x73, 0xD5, 0xF8, 0xF1, 0xBB, 0x3A, 0x00, 0x00, 0xF4, 0xFF, 0xFF, 0xFA,
  0xDA, 0x82, 0x08, 0x00, 0x00, 0xF4, 0xFD, 0x74, 0x81, 0xD8, 0xFF, 0xBB, 0x01, 0x00, 0xF4, 0xFC,
  0x00, 0x00, 0x0A, 0xDC, 0xFF, 0x47, 0x00, 0xF4, 0xFC, 0x00, 0x00, 0x00, 0x89, 0xFF, 0x82, 0x00,
  0xF4, 0xFC, 0x00, 0x00, 0x00, 0x77, 0xFF, 0x91, 0x00, 0xF4, 0xFC, 0x00, 0x00, 0x00, 0x90, 0xFF,
  0x7D, 0x00, 0xF4, 0xFC, 0x00, 0x00, 0x10, 0xE5, 0xFF, 0x3C, 0x00, 0xF4, 0xFD, 0x74, 0x85, 0xDF,
  0xFF, 0xAC, 0x00, 0x00, 0xF4, 0xFF, 0xFF, 0xF8, 0xD4, 0x75, 0x04, 0x00, 0x00, 0xF4, 0xFF, 0xFF,
  0xFF, 0xFF, 0xFF, 0x68, 0x00, 0xF4, 0xFF, 0x74, 0x74, 0x74, 0x74, 0x2F, 0x00, 0xF4, 0xFF, 0x00,
  0x00, 0x00, 0x00, 0x00, 0x00, 0xF4, 0xFF, 0x24, 0x24, 0x24, 0x24, 0x00, 0x00, 0xF4, 0xFF, 0xFF,
  0xFF, 0xFF, 0xFF, 0x04, 0x00, 0xF4, 0xFF, 0x50, 0x50, 0x50, 0x50, 0x01, 0x00, 0xF4, 0xFF, 0x00,
  0x00, 0x00, 0x00, 0x00, 0x00, 0xF4, 0xFF, 0x74, 0x74, 0x74, 0x74, 0x2F, 0x00, 0xF4, 0xFF, 0xFF,
  0xFF, 0xFF, 0xFF, 0x68, 0x00, 0xF4, 0xFF, 0xFF, 0xFF, 0xFF, 0xFF, 0x48, 0x00, 0xF4, 0xFD, 0x74,
  0x74, 0x74, 0x74, 0x20, 0x00, 0xF4, 0xFC, 0x00, 0x00, 0x00, 0x00, 0x00, 0x00, 0xF4, 0xFC, 0x24,
  0x24, 0x24, 0x20, 0x00, 0x00, 0xF4, 0xFF, 0xFF, 0xFF, 0xFF, 0xE4, 0x00, 0x00, 0xF4, 0xFD, 0x50,
  0x50, 0x50, 0x47, 0x00, 0x00, 0xF4, 0xFC, 0x00, 0x00, 0x00, 0x00, 0x00, 0x00, 0xF4, 0xFC, 0x00,
  0x00, 0x00, 0x00, 0x00, 0x00, 0xF4, 0xFC, 0x00, 0x00, 0x00, 0x00, 0x00, 0x00, 0x00, 0x61, 0xC8,
  0xF2, 0xEB, 0xB7, 0x3A, 0x00, 0x00, 0x7E, 0xFF, 0xE0, 0x82, 0x9F, 0xFA, 0xF7, 0x2F, 0x10, 0xF8,
  0xF7, 0x1B, 0x00, 0x00, 0x56, 0x98, 0x4F, 0x46, 0xFF, 0xBF, 0x00, 0x00, 0x1E, 0x24, 0x24, 0x1E,
  0x54, 0xFF, 0xAE, 0x00, 0x00, 0xDC, 0xFF, 0xFF, 0xD3, 0x41, 0xFF, 0xC3, 0x00, 0x00, 0x44, 0x5F,
  0xFF, 0xBE, 0x0F, 0xF7, 0xF9, 0x23, 0x00, 0x00, 0x5D, 0xFF, 0x81, 0x00, 0x80, 0xFF, 0xE6, 0x84,
  0x95, 0xF7, 0xEB, 0x16, 0x00, 0x00, 0x64, 0xCD, 0xF6, 0xEF, 0xB0, 0x26, 0x00, 0x00, 0xF4, 0xFC,
  0x00, 0x00, 0x00, 0x1C, 0xFF, 0xD8, 0x00, 0x00, 0xF4, 0xFC, 0x00, 0x00, 0x00, 0x1C, 0xFF, 0xD8,
  0x00, 0x00, 0xF4, 0xFC, 0x00, 0x00, 0x00, 0x1C, 0xFF, 0xD8, 0x00, 0x00, 0xF4, 0xFC, 0x24, 0x24,
  0x24, 0x3C, 0xFF, 0xD8, 0x00, 0x00, 0xF4, 0xFF, 0xFF, 0xFF, 0xFF, 0xFF, 0xFF, 0xD8, 0x00, 0x00,
  0xF4, 0xFD, 0x50, 0x50, 0x50, 0x63, 0xFF, 0xD8, 0x00, 0x00, 0xF4, 0xFC, 0x00, 0x00, 0x00, 0x1C,
  0xFF, 0xD8, 0x00, 0x00, 0xF4, 0xFC, 0x00, 0x00, 0x00, 0x1C, 0xFF, 0xD8, 0x00, 0x00, 0xF4, 0xFC,
  0x00, 0x00, 0x00, 0x1C, 0xFF, 0xD8, 0x00, 0x00, 0xD4, 0xFF, 0x20, 0x00, 0xD4, 0xFF, 0x20, 0x00,
  0xD4, 0xFF, 0x20, 0x00, 0xD4, 0xFF, 0x20, 0x00, 0xD4, 0xFF, 0x20, 0x00, 0xD4, 0xFF, 0x20, 0x00,
  0xD4, 0xFF, 0x20, 0x00, 0xD4, 0xFF, 0x20, 0x00, 0xD4, 0xFF, 0x20, 0x00, 0x00, 0x00, 0x00, 0x84,
  0xFF, 0x70, 0x00, 0x00, 0x00, 0x00, 0x84, 0xFF, 0x70, 0x00, 0x00, 0x00, 0x00, 0x84, 0xFF, 0x70,
  0x00, 0x00, 0x00, 0x00, 0x84, 0xFF, 0x70, 0x00, 0x00, 0x00, 0x00, 0x84, 0xFF, 0x70, 0x00, 0x00,
  0x00, 0x00, 0x85, 0xFF, 0x6F, 0x90, 0xF4, 0x43, 0x00, 0xA2, 0xFF, 0x5D, 0x52, 0xFF, 0xE5, 0xB2,
  0xFC, 0xF8, 0x1C, 0x00, 0x78, 0xE1, 0xF5, 0xCA, 0x43, 0x00, 0x00, 0xF4, 0xFC, 0x00, 0x00, 0x2D,
  0xF1, 0xF0, 0x2F, 0x00, 0xF4, 0xFC, 0x00, 0x19, 0xE2, 0xF8, 0x3F, 0x00, 0x00, 0xF4, 0xFC, 0x0B,
  0xCE, 0xFC, 0x51, 0x00, 0x00, 0x00, 0xF4, 0xFC, 0xB4, 0xFF, 0x74, 0x00, 0x00, 0x00, 0x00, 0xF4,
  0xFF, 0xFF, 0xFF, 0xB7, 0x00, 0x00, 0x00, 0x00, 0xF4, 0xFF, 0x69, 0xC7, 0xFF, 0x69, 0x00, 0x00,
  0x00, 0xF4, 0xFC, 0x00, 0x28, 0xF7, 0xF5, 0x25, 0x00, 0x00, 0xF4, 0xFC, 0x00, 0x00, 0x75, 0xFF,
  0xC9, 0x04, 0x00, 0xF4, 0xFC, 0x00, 0x00, 0x02, 0xC6, 0xFF, 0x7F, 0x00, 0xF4, 0xFC, 0x00, 0x00,
  0x00, 0x00, 0x00, 0x00, 0xF4, 0xFC, 0x00, 0x00, 0x00, 0x00, 0x00, 0x00, 0xF4, 0xFC, 0x00, 0x00,
  0x00, 0x00, 0x00, 0x00, 0xF4, 0xFC, 0x00, 0x00, 0x00, 0x00, 0x00, 0x00, 0xF4, 0xFC, 0x00, 0x00,
  0x00, 0x00, 0x00, 0x00, 0xF4, 0xFC, 0x00, 0x00, 0x00, 0x00, 0x00, 0x00, 0xF4, 0xFC, 0x00, 0x00,
  0x00, 0x00, 0x00, 0x00, 0xF4, 0xFE, 0x9C, 0x9C, 0x9C, 0x9C, 0x18, 0x00, 0xF4, 0xFF, 0xFF, 0xFF,
  0xFF, 0xFF, 0x28, 0x00, 0xF4, 0xFF, 0x41, 0x00, 0x00, 0x00, 0x00, 0xC1, 0xFF, 0x68, 0x00, 0xF4,
  0xFF, 0xCC, 0x01, 0x00, 0x00, 0x4D, 0xFF, 0xFF, 0x68, 0x00, 0xF4, 0xFF, 0xFF, 0x5B, 0x00, 0x03,
  0xD4, 0xFF, 0xFF, 0x68, 0x00, 0xF4, 0xFD, 0xE1, 0xE0, 0x07, 0x63, 0xFF, 0xDE, 0xFF, 0x68, 0x00,
  0xF4, 0xFC, 0x5B, 0xFF, 0x7E, 0xE4, 0xCA, 0x8D, 0xFF, 0x68, 0x00, 0xF4, 0xFC, 0x01, 0xCB, 0xFF,
  0xFF, 0x3E, 0x8C, 0xFF, 0x68, 0x00, 0xF4, 0xFC, 0x00, 0x3E, 0xFF, 0xB0, 0x00, 0x8C, 0xFF, 0x68,
  0x00, 0xF4, 0xFC, 0x00, 0x00, 0x2B, 0x11, 0x00, 0x8C, 0xFF, 0x68, 0x00, 0xF4, 0xFC, 0x00, 0x00,
  0x00, 0x00, 0x00, 0x8C, 0xFF, 0x68, 0x00, 0xF4, 0xFD, 0x3E, 0x00, 0x00, 0x1C, 0xFF, 0xD8, 0x00,
  0x00, 0xF4, 0xFF, 0xDE, 0x0D, 0x00, 0x1C, 0xFF, 0xD8, 0x00, 0x00, 0xF4, 0xFF, 0xFF, 0x9C, 0x00,
  0x1C, 0xFF, 0xD8, 0x00, 0x00, 0xF4, 0xFD, 0xD4, 0xFF, 0x4C, 0x1C, 0xFF, 0xD8, 0x00, 0x00, 0xF4,
  0xFC, 0x2F, 0xF9, 0xE8, 0x30, 0xFF, 0xD8, 0x00, 0x00, 0xF4, 0xFC, 0x00, 0x76, 0xFF, 0xC5, 0xFF,
  0xD8, 0x00, 0x00, 0xF4, 0xFC, 0x00, 0x02, 0xBF, 0xFF, 0xFF, 0xD8, 0x00, 0x00, 0xF4, 0xFC, 0x00,
  0x00, 0x1E, 0xEF, 0xFF, 0xD8, 0x00, 0x00, 0xF4, 0xFC, 0x00, 0x00, 0x00, 0x5A, 0xFF, 0xD8, 0x00,
  0x00, 0x00, 0x58, 0xC3, 0xEE, 0xE9, 0xBB, 0x45, 0x00, 0x00, 0x00, 0x75, 0xFF, 0xE6, 0x86, 0x8E,
  0xF1, 0xFE, 0x58, 0x00, 0x0F, 0xF7, 0xF8, 0x21, 0x00, 0x00, 0x3C, 0xFF, 0xE7, 0x02, 0x45, 0xFF,
  0xC0, 0x00, 0x00, 0x00, 0x00, 0xE2, 0xFF, 0x29, 0x55, 0xFF, 0xAE, 0x00, 0x00, 0x00, 0x00, 0xCF,
  0xFF, 0x38, 0x42, 0xFF, 0xC3, 0x00, 0x00, 0x00, 0x00, 0xE5, 0xFF, 0x26, 0x0C, 0xF4, 0xF9, 0x23,
  0x00, 0x00, 0x40, 0xFF, 0xE3, 0x01, 0x00, 0x72, 0xFF, 0xE7, 0x86, 0x8D, 0xF1, 0xFE, 0x56, 0x00,
  0x00, 0x00, 0x58, 0xC4, 0xEF, 0xEA, 0xBB, 0x45, 0x00, 0x00, 0x00, 0xF4, 0xFF, 0xFF, 0xFD, 0xE4,
  0xA6, 0x21, 0x00, 0x00, 0xF4, 0xFD, 0x74, 0x78, 0xA9, 0xFF, 0xD8, 0x01, 0x00, 0xF4, 0xFC, 0x00,
  0x00, 0x00, 0xD4, 0xFF, 0x21, 0x00, 0xF4, 0xFC, 0x24, 0x28, 0x56, 0xF6, 0xF6, 0x08, 0x00, 0xF4,
  0xFF, 0xFF, 0xFF, 0xFF, 0xEC, 0x53, 0x00, 0x00, 0xF4, 0xFD, 0x50, 0x4D, 0x35, 0x0A, 0x00, 0x00,
  0x00, 0xF4, 0xFC, 0x00, 0x00, 0x00, 0x00, 0x00, 0x00, 0x00, 0xF4, 0xFC, 0x00, 0x00, 0x00, 0x00,
  0x00, 0x00, 0x00, 0xF4, 0xFC, 0x00, 0x00, 0x00, 0x00, 0x00, 0x00, 0x00, 0x00, 0x58, 0xC3, 0xEE,
  0xE9, 0xBB, 0x45, 0x00, 0x00, 0x00, 0x75, 0xFF, 0xE6, 0x86, 0x8E, 0xF1, 0xFE, 0x56, 0x00, 0x0F,
  0xF7, 0xF8, 0x21, 0x00, 0x00, 0x3C, 0xFF, 0xE4, 0x01, 0x45, 0xFF, 0xC0, 0x00, 0x00, 0x00, 0x00,
  0xE2, 0xFF, 0x27, 0x55, 0xFF, 0xAE, 0x00, 0x00, 0x00, 0x00, 0xCE, 0xFF, 0x37, 0x42, 0xFF, 0xC3,
  0x00, 0x0D, 0xB5, 0x32, 0xE5, 0xFF, 0x1B, 0x0C, 0xF4, 0xF9, 0x23, 0x0B, 0xC1, 0xF3, 0xFF, 0xE2,
  0x01, 0x00, 0x72, 0xFF, 0xE7, 0x86, 0xA0, 0xFF, 0xFF, 0x7D, 0x00, 0x00, 0x00, 0x58, 0xC4, 0xEF,
  0xF2, 0xC3, 0xBA, 0xCA, 0x02, 0x00, 0x00, 0x00, 0x00, 0x00, 0x00, 0x00, 0x02, 0x0E, 0x00, 0x00,
  0xF4, 0xFF, 0xFF, 0xFE, 0xE8, 0xAB, 0x22, 0x00, 0x00, 0xF4, 0xFD, 0x74, 0x78, 0xA7, 0xFF, 0xD8,
  0x01, 0x00, 0xF4, 0xFC, 0x00, 0x00, 0x00, 0xD3, 0xFF, 0x21, 0x00, 0xF4, 0xFC, 0x24, 0x28, 0x54,
  0xF6, 0xF7, 0x0E, 0x00, 0xF4, 0xFF, 0xFF, 0xFF, 0xFF, 0xF3, 0x60, 0x00, 0x00, 0xF4, 0xFD, 0x50,
  0xAF, 0xFF, 0x78, 0x00, 0x00, 0x00, 0xF4, 0xFC, 0x00, 0x21, 0xFA, 0xF0, 0x14, 0x00, 0x00, 0xF4,
  0xFC, 0x00, 0x00, 0x97, 0xFF, 0x97, 0x00, 0x00, 0xF4, 0xFC, 0x00, 0x00, 0x1B, 0xF7, 0xFC, 0x2D,
  0x00, 0x23, 0xAC, 0xED, 0xF7, 0xD8, 0x70, 0x00, 0x00, 0x04, 0xDF, 0xFF, 0xC2, 0xA7, 0xEA, 0xFF,
  0x61, 0x00, 0x1D, 0xFF, 0xE0, 0x00, 0x00, 0x36, 0x8C, 0x5C, 0x00, 0x02, 0xE6, 0xFF, 0xB4, 0x61,
  0x26, 0x00, 0x00, 0x00, 0x00, 0x31, 0xC0, 0xFC, 0xFF, 0xFF, 0xCE, 0x2F, 0x00, 0x00, 0x00, 0x00,
  0x10, 0x4D, 0xB1, 0xFF, 0xD3, 0x00, 0x38, 0xA8, 0x7A, 0x00, 0x00, 0x0A, 0xFD, 0xF2, 0x00, 0x18,
  0xEE, 0xFE, 0xBB, 0xA5, 0xD6, 0xFF, 0xA7, 0x00, 0x00, 0x31, 0xB3, 0xE9, 0xF7, 0xDC, 0x8A, 0x0C,
  0x00, 0xBC, 0xFF, 0xFF, 0xFF, 0xFF, 0xFF, 0xFF, 0xFF, 0x10, 0x55, 0x74, 0x74, 0xE5, 0xFF, 0x87,
  0x74, 0x74, 0x07, 0x00, 0x00, 0x00, 0xD0, 0xFF, 0x24, 0x00, 0x00, 0x00, 0x00, 0x00, 0x00, 0xD0,
  0xFF, 0x24, 0x00, 0x00, 0x00, 0x00, 0x00, 0x00, 0xD0, 0xFF, 0x24, 0x00, 0x00, 0x00, 0x00, 0x00,
  0x00, 0xD0, 0xFF, 0x24, 0x00, 0x00, 0x00, 0x00, 0x00, 0x00, 0xD0, 0xFF, 0x24, 0x00, 0x00, 0x00,
  0x00, 0x00, 0x00, 0xD0, 0xFF, 0x24, 0x00, 0x00, 0x00, 0x00, 0x00, 0x00, 0xD0, 0xFF, 0x24, 0x00,
  0x00, 0x00, 0x18, 0xFF, 0xDC, 0x00, 0x00, 0x00, 0x60, 0xFF, 0x94, 0x18, 0xFF, 0xDC, 0x00, 0x00,
  0x00, 0x60, 0xFF, 0x94, 0x18, 0xFF, 0xDC, 0x00, 0x00, 0x00, 0x60, 0xFF, 0x94, 0x18, 0xFF, 0xDC,
  0x00, 0x00, 0x00, 0x60, 0xFF, 0x94, 0x18, 0xFF, 0xDC, 0x00, 0x00, 0x00, 0x60, 0xFF, 0x94, 0x13,
  0xFF, 0xE4, 0x00, 0x00, 0x00, 0x68, 0xFF, 0x8F, 0x02, 0xEF, 0xFD, 0x1D, 0x00, 0x00, 0x9E, 0xFF,
  0x6D, 0x00, 0x85, 0xFF, 0xD9, 0x81, 0xA1, 0xFE, 0xEB, 0x14, 0x00, 0x02, 0x68, 0xD1, 0xF4, 0xE5,
  0xA8, 0x23, 0x00, 0xAF, 0xFF, 0x69, 0x00, 0x00, 0x00, 0x48, 0xFF, 0xA8, 0x4D, 0xFF, 0xC5, 0x00,
  0x00, 0x00, 0x9E, 0xFF, 0x4A, 0x03, 0xE6, 0xFF, 0x21, 0x00, 0x06, 0xEF, 0xE8, 0x03, 0x00, 0x89,
  0xFF, 0x7C, 0x00, 0x4C, 0xFF, 0x8E, 0x00, 0x00, 0x27, 0xFF, 0xD7, 0x00, 0xA2, 0xFF, 0x2F, 0x00,
  0x00, 0x00, 0xC4, 0xFF, 0x3A, 0xF1, 0xD1, 0x00, 0x00, 0x00, 0x00, 0x62, 0xFF, 0xD6, 0xFF, 0x73,
  0x00, 0x00, 0x00, 0x00, 0x0C, 0xF3, 0xFF, 0xFC, 0x18, 0x00, 0x00, 0x00, 0x00, 0x00, 0x9D, 0xFF,
  0xB7, 0x00, 0x00, 0x00, 0x9B, 0xFF, 0x63, 0x00, 0x00, 0xB0, 0xFF, 0x6B, 0x00, 0x00, 0x83, 0xFF,
  0x5A, 0x59, 0xFF, 0x9C, 0x00, 0x04, 0xF1, 0xFF, 0xB3, 0x00, 0x00, 0xC0, 0xFF, 0x18, 0x17, 0xFF,
  0xD5, 0x00, 0x3C, 0xFF, 0xF5, 0xF4, 0x06, 0x06, 0xF6, 0xD4, 0x00, 0x00, 0xD5, 0xFE, 0x10, 0x82,
  0xFD, 0x82, 0xFF, 0x43, 0x3A, 0xFF, 0x92, 0x00, 0x00, 0x92, 0xFF, 0x47, 0xC8, 0xCA, 0x23, 0xFF,
  0x8B, 0x77, 0xFF, 0x4F, 0x00, 0x00, 0x50, 0xFF, 0x91, 0xFC, 0x83, 0x00, 0xD8, 0xD2, 0xB5, 0xFC,
  0x10, 0x00, 0x00, 0x10, 0xFD, 0xF6, 0xFF, 0x3C, 0x00, 0x8C, 0xFF, 0xF5, 0xCA, 0x00, 0x00, 0x00,
  0x00, 0xCC, 0xFF, 0xF1, 0x04, 0x00, 0x41, 0xFF, 0xFF, 0x87, 0x00, 0x00, 0x00, 0x00, 0x89, 0xFF,
  0xAF, 0x00, 0x00, 0x05, 0xF0, 0xFF, 0x45, 0x00, 0x00, 0x47, 0xFF, 0xDD, 0x0B, 0x00, 0x01, 0xBD,
  0xFF, 0x5E, 0x00, 0x9B, 0xFF, 0x93, 0x00, 0x6B, 0xFF, 0xB3, 0x00, 0x00, 0x0D, 0xE1, 0xFE, 0x61,
  0xF4, 0xEE, 0x19, 0x00, 0x00, 0x00, 0x44, 0xFF, 0xFF, 0xFF, 0x5D, 0x00, 0x00, 0x00, 0x00, 0x02,
  0xDB, 0xFF, 0xF2, 0x0C, 0x00, 0x00, 0x00, 0x00, 0x70, 0xFF, 0xEC, 0xFF, 0x92, 0x00, 0x00, 0x00,
  0x22, 0xF5, 0xEB, 0x21, 0xE3, 0xFD, 0x3A, 0x00, 0x01, 0xBE, 0xFF, 0x5D, 0x00, 0x4E, 0xFF, 0xD6,
  0x07, 0x68, 0xFF, 0xBC, 0x00, 0x00, 0x00, 0xAD, 0xFF, 0x84, 0x91, 0xFF, 0xB7, 0x00, 0x00, 0x00,
  0xA8, 0xFF, 0x6A, 0x0D, 0xE5, 0xFF, 0x50, 0x00, 0x36, 0xFE, 0xD5, 0x04, 0x00, 0x55, 0xFF, 0xDE,
  0x09, 0xC3, 0xFF, 0x48, 0x00, 0x00, 0x00, 0xB6, 0xFF, 0xC0, 0xFF, 0xB7, 0x00, 0x00, 0x00, 0x00,
  0x22, 0xF6, 0xFF, 0xFC, 0x2A, 0x00, 0x00, 0x00, 0x00, 0x00, 0x87, 0xFF, 0xA1, 0x00, 0x00, 0x00,
  0x00, 0x00, 0x00, 0x6C, 0xFF, 0x88, 0x00, 0x00, 0x00, 0x00, 0x00, 0x00, 0x6C, 0xFF, 0x88, 0x00,
  0x00, 0x00, 0x00, 0x00, 0x00, 0x6C, 0xFF, 0x88, 0x00, 0x00, 0x00, 0x6C, 0xFF, 0xFF, 0xFF, 0xFF,
  0xFF, 0xFF, 0x78, 0x30, 0x74, 0x74, 0x74, 0x80, 0xFC, 0xFE, 0x45, 0x00, 0x00, 0x00, 0x00, 0xA3,
  0xFF, 0x8C, 0x00, 0x00, 0x00, 0x00, 0x63, 0xFF, 0xC9, 0x05, 0x00, 0x00, 0x00, 0x2B, 0xF6, 0xEF,
  0x20, 0x00, 0x00, 0x00, 0x0A, 0xD6, 0xFF, 0x51, 0x00, 0x00, 0x00, 0x00, 0xA0, 0xFF, 0x93, 0x00,
  0x00, 0x00, 0x00, 0x58, 0xFF, 0xF8, 0x7B, 0x74, 0x74, 0x74, 0x46, 0x8C, 0xFF, 0xFF, 0xFF, 0xFF,
  0xFF, 0xFF, 0x9C, 0x00, 0x90, 0xFF, 0xFF, 0x4C, 0x00, 0x90, 0xFD, 0x74, 0x22, 0x00, 0x90, 0xFC,
  0x00, 0x00, 0x00, 0x90, 0xFC, 0x00, 0x00, 0x00, 0x90, 0xFC, 0x00, 0x00, 0x00, 0x90, 0xFC, 0x00,
  0x00, 0x00, 0x90, 0xFC, 0x00, 0x00, 0x00, 0x90, 0xFC, 0x00, 0x00, 0x00, 0x90, 0xFC, 0x00, 0x00,
  0x00, 0x90, 0xFC, 0x00, 0x00, 0x00, 0x90, 0xFD, 0x74, 0x22, 0x00, 0x90, 0xFF, 0xFF, 0x4C, 0x90,
  0xF2, 0x09, 0x00, 0x00, 0x00, 0x37, 0xFF, 0x54, 0x00, 0x00, 0x00, 0x00, 0xDE, 0xAD, 0x00, 0x00,
  0x00, 0x00, 0x86, 0xF8, 0x0E, 0x00, 0x00, 0x00, 0x2D, 0xFF, 0x5F, 0x00, 0x00, 0x00, 0x00, 0xD4,
  0xB8, 0x00, 0x00, 0x00, 0x00, 0x7C, 0xFC, 0x15, 0x00, 0x00, 0x00, 0x23, 0xFF, 0x6A, 0x00, 0x00,
  0x00, 0x00, 0xCB, 0xC3, 0x00, 0x00, 0x00, 0x00, 0x72, 0xFE, 0x1E, 0x00, 0x00, 0x00, 0x1B, 0xFD,
  0x75, 0x00, 0x00, 0x00, 0x00, 0xC0, 0xCF, 0x58, 0xFF, 0xFF, 0x84, 0x00, 0x27, 0x7A, 0xFF, 0x84,
  0x00, 0x00, 0x0C, 0xFF, 0x84, 0x00, 0x00, 0x0C, 0xFF, 0x84, 0x00, 0x00, 0x0C, 0xFF, 0x84, 0x00,
  0x00, 0x0C, 0xFF, 0x84, 0x00, 0x00, 0x0C, 0xFF, 0x84, 0x00, 0x00, 0x0C, 0xFF, 0x84, 0x00, 0x00,
  0x0C, 0xFF, 0x84, 0x00, 0x00, 0x0C, 0xFF, 0x84, 0x00, 0x27, 0x7A, 0xFF, 0x84, 0x00, 0x58, 0xFF,
  0xFF, 0x84, 0x00, 0x00, 0x00, 0x2A, 0x80, 0x5D, 0x00, 0x00, 0x00, 0x06, 0xD0, 0xFF, 0xFE, 0x40,
  0x00, 0x00, 0x86, 0xFE, 0x57, 0xEA, 0xDF, 0x0D, 0x37, 0xFC, 0x95, 0x00, 0x55, 0xFF, 0x9C, 0x00,
  0x00, 0x00, 0x00, 0x00, 0x00, 0x00, 0x00, 0x00, 0x00, 0x00, 0x00, 0x00, 0x00, 0x00, 0x00, 0x00,
  0x00, 0x00, 0x00, 0x00, 0x00, 0x00, 0x00, 0x00, 0x00, 0x00, 0x00, 0x00, 0x00, 0x00, 0x00, 0x00,
  0x00, 0x00, 0x00, 0x00, 0x00, 0x00, 0x00, 0x00, 0x00, 0x24, 0x24, 0x24, 0x24, 0x24, 0x24, 0x12,
  0xFF, 0xFF, 0xFF, 0xFF, 0xFF, 0xFF, 0x80, 0x50, 0x50, 0x50, 0x50, 0x50, 0x50, 0x28, 0x47, 0xF8,
  0x8F, 0x00, 0x00, 0x4E, 0xF9, 0x49, 0x00, 0x00, 0x00, 0x00, 0x00, 0x00, 0x00, 0x00, 0x00, 0x00,
  0x00, 0x00, 0x00, 0x00, 0x00, 0x00, 0x00, 0x00, 0x00, 0x00, 0x00, 0x00, 0x00, 0x00, 0x00, 0x00,
  0x00, 0x00, 0x00, 0x00, 0x00, 0x00, 0x00, 0x31, 0xC1, 0xF4, 0xEF, 0xA4, 0x0D, 0x01, 0xE2, 0xEF,
  0x7F, 0xA5, 0xFF, 0x8C, 0x02, 0x28, 0x2F, 0x24, 0x25, 0xFA, 0xBE, 0x13, 0xCD, 0xFF, 0xFF, 0xFF,
  0xFF, 0xC4, 0x6A, 0xFF, 0xA1, 0x52, 0x56, 0xFC, 0xC4, 0x5A, 0xFF, 0xBB, 0x7B, 0xBC, 0xFE, 0xC5,
  0x04, 0x9F, 0xF2, 0xEB, 0x85, 0xCC, 0xCE, 0x38, 0xFF, 0x80, 0x00, 0x00, 0x00, 0x00, 0x00, 0x38,
  0xFF, 0x80, 0x00, 0x00, 0x00, 0x00, 0x00, 0x38, 0xFF, 0x91, 0xB5, 0xF6, 0xD8, 0x56, 0x00, 0x38,
  0xFF, 0xFB, 0x9E, 0x85, 0xEE, 0xFB, 0x28, 0x38, 0xFF, 0xA1, 0x00, 0x00, 0x5F, 0xFF, 0x6F, 0x38,
  0xFF, 0x80, 0x00, 0x00, 0x39, 0xFF, 0x87, 0x38, 0xFF, 0xA5, 0x00, 0x00, 0x64, 0xFF, 0x6C, 0x38,
  0xFF, 0xFB, 0x9D, 0x85, 0xEF, 0xF9, 0x23, 0x38, 0xFF, 0x85, 0xC5, 0xF7, 0xD6, 0x51, 0x00, 0x00,
  0x2E, 0xBB, 0xF5, 0xEE, 0xA0, 0x10, 0x18, 0xEE, 0xEF, 0x87, 0xA1, 0xFF, 0xAA, 0x6F, 0xFF, 0x60,
  0x00, 0x00, 0x66, 0x65, 0x87, 0xFF, 0x38, 0x00, 0x00, 0x00, 0x00, 0x6C, 0xFF, 0x63, 0x00, 0x01,
  0x6E, 0x6B, 0x17, 0xEE, 0xEF, 0x87, 0xB0, 0xFF, 0xA0, 0x00, 0x32, 0xC0, 0xF6, 0xEC, 0x99, 0x0B,
  0x00, 0x00, 0x00, 0x00, 0x00, 0x80, 0xFF, 0x38, 0x00, 0x00, 0x00, 0x00, 0x00, 0x80, 0xFF, 0x38,
  0x00, 0x50, 0xD6, 0xF6, 0xB1, 0x90, 0xFF, 0x38, 0x25, 0xFA, 0xEC, 0x84, 0x9E, 0xFB, 0xFF, 0x38,
  0x6F, 0xFF, 0x5D, 0x00, 0x00, 0xA2, 0xFF, 0x38, 0x87, 0xFF, 0x38, 0x00, 0x00, 0x80, 0xFF, 0x38,
  0x6D, 0xFF, 0x63, 0x00, 0x00, 0xA7, 0xFF, 0x38, 0x24, 0xFA, 0xEF, 0x85, 0x9F, 0xFB, 0xFF, 0x38,
  0x00, 0x53, 0xD7, 0xF7, 0xC3, 0x87, 0xFF, 0x38, 0x00, 0x37, 0xC2, 0xF6, 0xE1, 0x90, 0x0A, 0x00,
  0x1C, 0xF2, 0xE8, 0x84, 0x96, 0xFC, 0x92, 0x00, 0x71, 0xFF, 0x6D, 0x24, 0x24, 0xB8, 0xEE, 0x00,
  0x88, 0xFF, 0xFF, 0xFF, 0xFF, 0xFF, 0xFF, 0x0E, 0x6C, 0xFF, 0x8A, 0x50, 0x50, 0x52, 0x53, 0x06,
  0x17, 0xED, 0xE4, 0x84, 0x84, 0xF1, 0xBC, 0x00, 0x00, 0x2F, 0xBB, 0xF4, 0xEF, 0xAC, 0x18, 0x00,
  0x00, 0x48, 0xD8, 0xFA, 0x9A, 0x00, 0xC6, 0xFA, 0x7D, 0x47, 0xAC, 0xFF, 0xFF, 0xFF, 0x7C, 0x4D,
  0xE7, 0xF0, 0x74, 0x38, 0x00, 0xD4, 0xE4, 0x00, 0x00, 0x00, 0xD4, 0xE4, 0x00, 0x00, 0x00, 0xD4,
  0xE4, 0x00, 0x00, 0x00, 0xD4, 0xE4, 0x00, 0x00, 0x00, 0xD4, 0xE4, 0x00, 0x00, 0x00, 0x4E, 0xD5,
  0xF6, 0xC1, 0x85, 0xFF, 0x38, 0x23, 0xF9, 0xEE, 0x85, 0x9E, 0xFA, 0xFF, 0x38, 0x6F, 0xFF, 0x5E,
  0x00, 0x00, 0xA2, 0xFF, 0x38, 0x87, 0xFF, 0x38, 0x00, 0x00, 0x80, 0xFF, 0x38, 0x6D, 0xFF, 0x64,
  0x00, 0x00, 0xA8, 0xFF, 0x38, 0x23, 0xFA, 0xF0, 0x86, 0xA0, 0xFD, 0xFF, 0x38, 0x00, 0x51, 0xD6,
  0xF7, 0xB5, 0x92, 0xFF, 0x36, 0x12, 0x4C, 0x29, 0x00, 0x00, 0xA5, 0xFF, 0x19, 0x11, 0xFB, 0xE9,
  0x7F, 0x9C, 0xFD, 0xC5, 0x00, 0x00, 0x59, 0xD9, 0xFA, 0xE7, 0xA7, 0x1B, 0x00, 0x38, 0xFF, 0x80,
  0x00, 0x00, 0x00, 0x00, 0x00, 0x38, 0xFF, 0x80, 0x00, 0x00, 0x00, 0x00, 0x00, 0x38, 0xFF, 0x99,
  0xBD, 0xF7, 0xDB, 0x4B, 0x00, 0x38, 0xFF, 0xF9, 0x93, 0x8C, 0xF9, 0xED, 0x04, 0x38, 0xFF, 0x9C,
  0x00, 0x00, 0xA5, 0xFF, 0x21, 0x38, 0xFF, 0x80, 0x00, 0x00, 0x90, 0xFF, 0x28, 0x38, 0xFF, 0x80,
  0x00, 0x00, 0x90, 0xFF, 0x28, 0x38, 0xFF, 0x80, 0x00, 0x00, 0x90, 0xFF, 0x28, 0x38, 0xFF, 0x80,
  0x00, 0x00, 0x90, 0xFF, 0x28, 0x00, 0x0F, 0x02, 0x00, 0x2C, 0xFD, 0xB4, 0x00, 0x01, 0x39, 0x19,
  0x00, 0x18, 0xFF, 0xA0, 0x00, 0x18, 0xFF, 0xA0, 0x00, 0x18, 0xFF, 0xA0, 0x00, 0x18, 0xFF, 0xA0,
  0x00, 0x18, 0xFF, 0xA0, 0x00, 0x18, 0xFF, 0xA0, 0x00, 0x18, 0xFF, 0xA0, 0x00, 0x00, 0x00, 0x0F,
  0x02, 0x00, 0x00, 0x2C, 0xFD, 0xB4, 0x00, 0x00, 0x01, 0x39, 0x19, 0x00, 0x00, 0x18, 0xFF, 0xA0,
  0x00, 0x00, 0x18, 0xFF, 0xA0, 0x00, 0x00, 0x18, 0xFF, 0xA0, 0x00, 0x00, 0x18, 0xFF, 0xA0, 0x00,
  0x00, 0x18, 0xFF, 0xA0, 0x00, 0x00, 0x18, 0xFF, 0xA0, 0x00, 0x00, 0x18, 0xFF, 0xA0, 0x00, 0x00,
  0x1F, 0xFF, 0x9A, 0x00, 0x28, 0xA3, 0xFF, 0x7D, 0x00, 0x5B, 0xFB, 0xCD, 0x1C, 0x00, 0x38, 0xFF,
  0x80, 0x00, 0x00, 0x00, 0x00, 0x00, 0x38, 0xFF, 0x80, 0x00, 0x00, 0x00, 0x00, 0x00, 0x38, 0xFF,
  0x80, 0x00, 0x65, 0xFF, 0x93, 0x00, 0x38, 0xFF, 0x80, 0x4A, 0xFB, 0xB0, 0x02, 0x00, 0x38, 0xFF,
  0xB2, 0xF4, 0xC9, 0x0A, 0x00, 0x00, 0x38, 0xFF, 0xFF, 0xFF, 0xB8, 0x01, 0x00, 0x00, 0x38, 0xFF,
  0xDC, 0x8E, 0xFF, 0x74, 0x00, 0x00, 0x38, 0xFF, 0x80, 0x02, 0xC3, 0xFA, 0x35, 0x00, 0x38, 0xFF,
  0x80, 0x00, 0x20, 0xF1, 0xDC, 0x0D, 0x28, 0xFF, 0x90, 0x00, 0x28, 0xFF, 0x90, 0x00, 0x28, 0xFF,
  0x90, 0x00, 0x28, 0xFF, 0x90, 0x00, 0x28, 0xFF, 0x90, 0x00, 0x28, 0xFF, 0x90, 0x00, 0x27, 0xFF,
  0x93, 0x00, 0x12, 0xFE, 0xDF, 0x71, 0x00, 0x88, 0xF1, 0xF6, 0x38, 0xFF, 0x85, 0xCE, 0xF7, 0xB1,
  0x2A, 0xCD, 0xF5, 0xB9, 0x11, 0x38, 0xFF, 0xF4, 0x88, 0xC1, 0xFF, 0xF3, 0x8E, 0xB7, 0xFF, 0x7C,
  0x38, 0xFF, 0x95, 0x00, 0x31, 0xFF, 0xA9, 0x00, 0x1D, 0xFF, 0xA3, 0x38, 0xFF, 0x80, 0x00, 0x24,
  0xFF, 0x94, 0x00, 0x10, 0xFF, 0xA8, 0x38, 0xFF, 0x80, 0x00, 0x24, 0xFF, 0x94, 0x00, 0x10, 0xFF,
  0xA8, 0x38, 0xFF, 0x80, 0x00, 0x24, 0xFF, 0x94, 0x00, 0x10, 0xFF, 0xA8, 0x38, 0xFF, 0x80, 0x00,
  0x24, 0xFF, 0x94, 0x00, 0x10, 0xFF, 0xA8, 0x38, 0xFF, 0x85, 0xC7, 0xF7, 0xDB, 0x4B, 0x00, 0x38,
  0xFF, 0xF9, 0x93, 0x8C, 0xF9, 0xED, 0x04, 0x38, 0xFF, 0x9C, 0x00, 0x00, 0xA5, 0xFF, 0x21, 0x38,
  0xFF, 0x80, 0x00, 0x00, 0x90, 0xFF, 0x28, 0x38, 0xFF, 0x80, 0x00, 0x00, 0x90, 0xFF, 0x28, 0x38,
  0xFF, 0x80, 0x00, 0x00, 0x90, 0xFF, 0x28, 0x38, 0xFF, 0x80, 0x00, 0x00, 0x90, 0xFF, 0x28, 0x00,
  0x30, 0xBA, 0xF4, 0xEE, 0xA4, 0x19, 0x00, 0x19, 0xEF, 0xF1, 0x89, 0x9B, 0xFC, 0xD2, 0x02, 0x70,
  0xFF, 0x62, 0x00, 0x00, 0x95, 0xFF, 0x3B, 0x87, 0xFF, 0x38, 0x00, 0x00, 0x69, 0xFF, 0x53, 0x6C,
  0xFF, 0x65, 0x00, 0x00, 0x9A, 0xFF, 0x37, 0x17, 0xED, 0xF1, 0x89, 0x9C, 0xFD, 0xCC, 0x01, 0x00,
  0x2F, 0xBB, 0xF4, 0xEF, 0xA4, 0x17, 0x00, 0x38, 0xFF, 0x85, 0xC5, 0xF7, 0xD8, 0x56, 0x00, 0x38,
  0xFF, 0xFB, 0x9E, 0x85, 0xEE, 0xFB, 0x28, 0x38, 0xFF, 0xA1, 0x00, 0x00, 0x5F, 0xFF, 0x6F, 0x38,
  0xFF, 0x80, 0x00, 0x00, 0x39, 0xFF, 0x87, 0x38, 0xFF, 0xA5, 0x00, 0x00, 0x64, 0xFF, 0x6C, 0x38,
  0xFF, 0xFC, 0x9D, 0x85, 0xEF, 0xF9, 0x23, 0x38, 0xFF, 0x93, 0xB8, 0xF7, 0xD6, 0x51, 0x00, 0x38,
  0xFF, 0x80, 0x00, 0x00, 0x00, 0x00, 0x00, 0x38, 0xFF, 0x80, 0x00, 0x00, 0x00, 0x00, 0x00, 0x38,
  0xFF, 0x80, 0x00, 0x00, 0x00, 0x00, 0x00, 0x00, 0x50, 0xD6, 0xF6, 0xC1, 0x85, 0xFF, 0x38, 0x25,
  0xFA, 0xEC, 0x84, 0x9E, 0xFA, 0xFF, 0x38, 0x6F, 0xFF, 0x5D, 0x00, 0x00, 0xA2, 0xFF, 0x38, 0x87,
  0xFF, 0x38, 0x00, 0x00, 0x80, 0xFF, 0x38, 0x6D, 0xFF, 0x63, 0x00, 0x00, 0xA7, 0xFF, 0x38, 0x24,
  0xFA, 0xEF, 0x85, 0x9F, 0xFC, 0xFF, 0x38, 0x00, 0x53, 0xD7, 0xF7, 0xB5, 0x91, 0xFF, 0x38, 0x00,
  0x00, 0x00, 0x00, 0x00, 0x80, 0xFF, 0x38, 0x00, 0x00, 0x00, 0x00, 0x00, 0x80, 0xFF, 0x38, 0x00,
  0x00, 0x00, 0x00, 0x00, 0x80, 0xFF, 0x38, 0x00, 0x00, 0x00, 0x00, 0x03, 0x38, 0xFF, 0x8D, 0xD9,
  0xCF, 0x38, 0xFF, 0xF7, 0x8D, 0x6D, 0x38, 0xFF, 0x9A, 0x00, 0x00, 0x38, 0xFF, 0x80, 0x00, 0x00,
  0x38, 0xFF, 0x80, 0x00, 0x00, 0x38, 0xFF, 0x80, 0x00, 0x00, 0x38, 0xFF, 0x80, 0x00, 0x00, 0x00,
  0x6C, 0xDD, 0xFA, 0xE2, 0x70, 0x00, 0x39, 0xFF, 0xCC, 0x7D, 0xD3, 0xFF, 0x35, 0x3D, 0xFF, 0xA7,
  0x32, 0x13, 0x28, 0x10, 0x00, 0x67, 0xD5, 0xFE, 0xF7, 0xB2, 0x19, 0x19, 0x30, 0x0A, 0x0F, 0x59,
  0xFF, 0x99, 0x59, 0xFF, 0xC0, 0x78, 0xA3, 0xFF, 0x86, 0x01, 0x81, 0xE3, 0xFA, 0xE6, 0x97, 0x0A,
  0x00, 0x62, 0x7A, 0x00, 0x00, 0x00, 0xC4, 0xF4, 0x00, 0x00, 0xAC, 0xFF, 0xFF, 0xFF, 0x9C, 0x4B,
  0xDE, 0xF9, 0x70, 0x44, 0x00, 0xC4, 0xF4, 0x00, 0x00, 0x00, 0xC4, 0xF4, 0x00, 0x00, 0x00, 0xC2,
  0xF7, 0x00, 0x00, 0x00, 0xA5, 0xFF, 0x91, 0x58, 0x00, 0x2C, 0xCE, 0xFA, 0xBB, 0x48, 0xFF, 0x70,
  0x00, 0x00, 0xC4, 0xF4, 0x00, 0x48, 0xFF, 0x70, 0x00, 0x00, 0xC4, 0xF4, 0x00, 0x48, 0xFF, 0x70,
  0x00, 0x00, 0xC4, 0xF4, 0x00, 0x48, 0xFF, 0x70, 0x00, 0x00, 0xC4, 0xF4, 0x00, 0x3E, 0xFF, 0x82,
  0x00, 0x01, 0xDE, 0xF4, 0x00, 0x16, 0xFA, 0xEC, 0x7E, 0xAB, 0xFD, 0xF4, 0x00, 0x00, 0x66, 0xE5,
  0xF5, 0xA7, 0xAB, 0xF4, 0x00, 0xAB, 0xFF, 0x3D, 0x00, 0x00, 0x8A, 0xFF, 0x37, 0x40, 0xFF, 0xA0,
  0x00, 0x01, 0xE3, 0xD6, 0x00, 0x00, 0xD4, 0xF5, 0x0E, 0x40, 0xFF, 0x76, 0x00, 0x00, 0x6A, 0xFF,
  0x67, 0x9B, 0xFC, 0x19, 0x00, 0x00, 0x0D, 0xF2, 0xCF, 0xEF, 0xB5, 0x00, 0x00, 0x00, 0x00, 0x94,
  0xFF, 0xFF, 0x54, 0x00, 0x00, 0x00, 0x00, 0x2A, 0xFF, 0xED, 0x06, 0x00, 0x00, 0x99, 0xFF, 0x3A,
  0x00, 0x8B, 0xFF, 0x5B, 0x00, 0x49, 0xFF, 0x64, 0x53, 0xFF, 0x77, 0x00, 0xD7, 0xFF, 0xAC, 0x00,
  0x8B, 0xFF, 0x1E, 0x10, 0xFC, 0xB5, 0x24, 0xFF, 0xC5, 0xF4, 0x08, 0xCD, 0xD8, 0x00, 0x00, 0xC6,
  0xF0, 0x73, 0xF1, 0x39, 0xFF, 0x5D, 0xFD, 0x91, 0x00, 0x00, 0x80, 0xFF, 0xE4, 0xA9, 0x00, 0xE2,
  0xE3, 0xFF, 0x4B, 0x00, 0x00, 0x3A, 0xFF, 0xFF, 0x5B, 0x00, 0x94, 0xFF, 0xF9, 0x0B, 0x00, 0x00,
  0x03, 0xEF, 0xFC, 0x12, 0x00, 0x44, 0xFF, 0xBF, 0x00, 0x00, 0x59, 0xFF, 0x91, 0x00, 0x25, 0xF6,
  0xBE, 0x01, 0x00, 0xB0, 0xFE, 0x41, 0xC1, 0xF4, 0x22, 0x00, 0x00, 0x19, 0xEF, 0xF5, 0xFF, 0x6E,
  0x00, 0x00, 0x00, 0x00, 0xA4, 0xFF, 0xFC, 0x1A, 0x00, 0x00, 0x00, 0x36, 0xFD, 0xC5, 0xFF, 0xA8,
  0x00, 0x00, 0x05, 0xD3, 0xEB, 0x12, 0xA3, 0xFF, 0x48, 0x00, 0x7E, 0xFF, 0x62, 0x00, 0x15, 0xED,
  0xDE, 0x09, 0xAD, 0xFF, 0x3B, 0x00, 0x00, 0x89, 0xFF, 0x38, 0x45, 0xFF, 0x9B, 0x00, 0x00, 0xDF,
  0xD9, 0x00, 0x01, 0xDC, 0xF1, 0x09, 0x39, 0xFF, 0x7A, 0x00, 0x00, 0x76, 0xFF, 0x5B, 0x91, 0xFE,
  0x1E, 0x00, 0x00, 0x14, 0xF9, 0xBD, 0xE6, 0xBD, 0x00, 0x00, 0x00, 0x00, 0xA6, 0xFF, 0xFF, 0x5E,
  0x00, 0x00, 0x00, 0x00, 0x3F, 0xFF, 0xF4, 0x0B, 0x00, 0x00, 0x00, 0x00, 0x19, 0xFE, 0x9D, 0x00,
  0x00, 0x00, 0x00, 0x31, 0xBB, 0xFC, 0x2A, 0x00, 0x00, 0x00, 0x00, 0x6F, 0xEC, 0x69, 0x00, 0x00,
  0x00, 0x00, 0x7C, 0xFF, 0xFF, 0xFF, 0xFF, 0xFF, 0x1C, 0x38, 0x74, 0x74, 0x9A, 0xFF, 0xD7, 0x08,
  0x00, 0x00, 0x10, 0xD9, 0xED, 0x24, 0x00, 0x00, 0x03, 0xB9, 0xFB, 0x42, 0x00, 0x00, 0x00, 0x91,
  0xFF, 0x6A, 0x00, 0x00, 0x00, 0x5D, 0xFF, 0xE0, 0x74, 0x74, 0x74, 0x1B, 0x9C, 0xFF, 0xFF, 0xFF,
  0xFF, 0xFF, 0x3C, 0x00, 0x02, 0x9D, 0xF6, 0x6C, 0x00, 0x4E, 0xFF, 0xAC, 0x30, 0x00, 0x6F, 0xFF,
  0x23, 0x00, 0x00, 0x70, 0xFF, 0x20, 0x00, 0x00, 0x70, 0xFF, 0x20, 0x00, 0x03, 0xA6, 0xFF, 0x19,
  0x00, 0x18, 0xFF, 0xCD, 0x00, 0x00, 0x07, 0xB7, 0xFF, 0x19, 0x00, 0x00, 0x70, 0xFF, 0x20, 0x00,
  0x00, 0x70, 0xFF, 0x20, 0x00, 0x00, 0x5E, 0xFF, 0xA6, 0x30, 0x00, 0x0A, 0xB4, 0xF8, 0x6C, 0x00,
  0x90, 0xFC, 0x00, 0x00, 0x90, 0xFC, 0x00, 0x00, 0x90, 0xFC, 0x00, 0x00, 0x90, 0xFC, 0x00, 0x00,
  0x90, 0xFC, 0x00, 0x00, 0x90, 0xFC, 0x00, 0x00, 0x90, 0xFC, 0x00, 0x00, 0x90, 0xFC, 0x00, 0x00,
  0x90, 0xFC, 0x00, 0x00, 0x90, 0xFC, 0x00, 0x00, 0x90, 0xFC, 0x00, 0x00, 0x90, 0xFC, 0x00, 0x7C,
  0xF4, 0x95, 0x00, 0x00, 0x38, 0xB5, 0xFF, 0x3A, 0x00, 0x00, 0x34, 0xFF, 0x5D, 0x00, 0x00, 0x30,
  0xFF, 0x60, 0x00, 0x00, 0x30, 0xFF, 0x60, 0x00, 0x00, 0x2A, 0xFF, 0x96, 0x01, 0x00, 0x04, 0xDB,
  0xFF, 0x08, 0x00, 0x2A, 0xFF, 0xAD, 0x02, 0x00, 0x30, 0xFF, 0x60, 0x00, 0x00, 0x30, 0xFF, 0x60,
  0x00, 0x38, 0xAE, 0xFF, 0x50, 0x00, 0x7C, 0xF6, 0xA6, 0x05, 0x00, 0x00, 0x00, 0x15, 0x00, 0x00,
  0x00, 0x00, 0x00, 0x1C, 0xD3, 0xFF, 0xD4, 0x4C, 0x6D, 0x73, 0x00, 0x45, 0xC7, 0x62, 0xCA, 0xFF,
  0xFF, 0x87, 0x00, 0x00, 0x00, 0x00, 0x01, 0x3A, 0x2C, 0x00, 0x00, 0x00, 0x00, 0x00, 0x00, 0x00,
  0x00, 0x00, 0x00, 0x00, 0x00, 0x00, 0x00, 0x00, 0x00, 0x00, 0x00, 0x00, 0x00, 0x00, 0x00, 0x00,
  0x00, 0x00, 0x00, 0x00, 0x00, 0x08, 0x00, 0x00, 0x07, 0x00, 0x00, 0x00, 0x39, 0xFB, 0x86, 0x21,
  0xF4, 0xA3, 0x00, 0x00, 0x32, 0xF0, 0x7A, 0x1C, 0xE9, 0x95, 0x00, 0x00, 0x00, 0x00, 0x00, 0x00,
  0x00, 0x00, 0x00, 0x00, 0xF4, 0xFF, 0xFF, 0xFF, 0xFF, 0xFF, 0x68, 0x00, 0xF4, 0xFF, 0x74, 0x74,
  0x74, 0x74, 0x2F, 0x00, 0xF4, 0xFF, 0x00, 0x00, 0x00, 0x00, 0x00, 0x00, 0xF4, 0xFF, 0x24, 0x24,
  0x24, 0x24, 0x00, 0x00, 0xF4, 0xFF, 0xFF, 0xFF, 0xFF, 0xFF, 0x04, 0x00, 0xF4, 0xFF, 0x50, 0x50,
  0x50, 0x50, 0x01, 0x00, 0xF4, 0xFF, 0x00, 0x00, 0x00, 0x00, 0x00, 0x00, 0xF4, 0xFF, 0x74, 0x74,
  0x74, 0x74, 0x2F, 0x00, 0xF4, 0xFF, 0xFF, 0xFF, 0xFF, 0xFF, 0x68, 0x00, 0x00, 0x00, 0xAD, 0xFF,
  0xA3, 0x00, 0x00, 0x00, 0x00, 0x00, 0x13, 0xF9, 0xFF, 0xF6, 0x0E, 0x00, 0x00, 0x00, 0x00, 0x6D,
  0xFF, 0xDF, 0xFF, 0x64, 0x00, 0x00, 0x00, 0x00, 0xCE, 0xF5, 0x3F, 0xFF, 0xC5, 0x00, 0x00, 0x00,
  0x2E, 0xFF, 0xA4, 0x00, 0xD4, 0xFF, 0x26, 0x00, 0x00, 0x8F, 0xFF, 0xC0, 0x98, 0xD3, 0xFF, 0x86,
  0x00, 0x05, 0xE9, 0xFF, 0xFF, 0xFF, 0xFF, 0xFF, 0xE3, 0x02, 0x50, 0xFF, 0x8B, 0x00, 0x00, 0x00,
  0xC0, 0xFF, 0x47, 0xB0, 0xFF, 0x33, 0x00, 0x00, 0x00, 0x65, 0xFF, 0xA7, 0x00, 0xF4, 0xFF, 0xFF,
  0xFF, 0xFF, 0xFF, 0x78, 0x00, 0x00, 0xF4, 0xFD, 0x74, 0x74, 0x74, 0x74, 0x36, 0x00, 0x00, 0xF4,
  0xFC, 0x24, 0x22, 0x09, 0x00, 0x00, 0x00, 0x00, 0xF4, 0xFF, 0xFF, 0xFF, 0xFE, 0xCB, 0x34, 0x00,
  0x00, 0xF4, 0xFD, 0x50, 0x54, 0x84, 0xFD, 0xE5, 0x0B, 0x00, 0xF4, 0xFC, 0x00, 0x00, 0x00, 0xB4,
  0xFF, 0x3C, 0x00, 0xF4, 0xFC, 0x00, 0x00, 0x00, 0xBF, 0xFF, 0x35, 0x00, 0xF4, 0xFD, 0x74, 0x77,
  0xA8, 0xFF, 0xD6, 0x06, 0x00, 0xF4, 0xFF, 0xFF, 0xFE, 0xE5, 0xA7, 0x1F, 0x00, 0x00, 0xF4, 0xFF,
  0xFF, 0xFF, 0xED, 0xB1, 0x1D, 0x00, 0x00, 0xF4, 0xFD, 0x74, 0x76, 0xB7, 0xFF, 0xB3, 0x00, 0x00,
  0xF4, 0xFC, 0x00, 0x00, 0x0F, 0xFF, 0xE5, 0x00, 0x00, 0xF4, 0xFC, 0x24, 0x27, 0x74, 0xFF, 0xB1,
  0x00, 0x00, 0xF4, 0xFF, 0xFF, 0xFF, 0xFF, 0xF0, 0x2F, 0x00, 0x00, 0xF4, 0xFD, 0x50, 0x50, 0x6E,
  0xF0, 0xEA, 0x12, 0x00, 0xF4, 0xFC, 0x00, 0x00, 0x00, 0xAC, 0xFF, 0x44, 0x00, 0xF4, 0xFD, 0x74,
  0x74, 0x8D, 0xF7, 0xF9, 0x1C, 0x00, 0xF4, 0xFF, 0xFF, 0xFF, 0xF4, 0xCF, 0x50, 0x00, 0x00, 0xF4,
  0xFF, 0xFF, 0xFF, 0xFF, 0xFF, 0x04, 0x00, 0xF4, 0xFD, 0x74, 0x74, 0x74, 0x74, 0x01, 0x00, 0xF4,
  0xFC, 0x00, 0x00, 0x00, 0x00, 0x00, 0x00, 0xF4, 0xFC, 0x00, 0x00, 0x00, 0x00, 0x00, 0x00, 0xF4,
  0xFC, 0x00, 0x00, 0x00, 0x00, 0x00, 0x00, 0xF4, 0xFC, 0x00, 0x00, 0x00, 0x00, 0x00, 0x00, 0xF4,
  0xFC, 0x00, 0x00, 0x00, 0x00, 0x00, 0x00, 0xF4, 0xFC, 0x00, 0x00, 0x00, 0x00, 0x00, 0x00, 0xF4,
  0xFC, 0x00, 0x00, 0x00, 0x00, 0x00, 0x00, 0x08, 0xFF, 0xFF, 0xFF, 0xFF, 0xFF, 0xFF, 0x60, 0x00,
  0x00, 0x08, 0xFF, 0xE5, 0x74, 0x74, 0xC4, 0xFF, 0x60, 0x00, 0x00, 0x0C, 0xFF, 0xCD, 0x00, 0x00,
  0x94, 0xFF, 0x60, 0x00, 0x00, 0x17, 0xFF, 0xC7, 0x00, 0x00, 0x94, 0xFF, 0x60, 0x00, 0x00, 0x28,
  0xFF, 0xB6, 0x00, 0x00, 0x94, 0xFF, 0x60, 0x00, 0x00, 0x45, 0xFF, 0x9B, 0x00, 0x00, 0x94, 0xFF,
  0x60, 0x00, 0x00, 0x6D, 0xFF, 0x6C, 0x00, 0x00, 0x94, 0xFF, 0x60, 0x00, 0x55, 0xCC, 0xFF, 0x93,
  0x74, 0x74, 0xC4, 0xFF, 0xA8, 0x29, 0xBC, 0xFF, 0xFF, 0xFF, 0xFF, 0xFF, 0xFF, 0xFF, 0xFF, 0x5C,
  0xBC, 0xFF, 0x00, 0x00, 0x00, 0x00, 0x00, 0x60, 0xFF, 0x5C, 0x66, 0x8C, 0x00, 0x00, 0x00, 0x00,
  0x00, 0x34, 0x8C, 0x32, 0x00, 0xF4, 0xFF, 0xFF, 0xFF, 0xFF, 0xFF, 0x68, 0x00, 0xF4, 0xFF, 0x74,
  0x74, 0x74, 0x74, 0x2F, 0x00, 0xF4, 0xFF, 0x00, 0x00, 0x00, 0x00, 0x00, 0x00, 0xF4, 0xFF, 0x24,
  0x24, 0x24, 0x24, 0x00, 0x00, 0xF4, 0xFF, 0xFF, 0xFF, 0xFF, 0xFF, 0x04, 0x00, 0xF4, 0xFF, 0x50,
  0x50, 0x50, 0x50, 0x01, 0x00, 0xF4, 0xFF, 0x00, 0x00, 0x00, 0x00, 0x00, 0x00, 0xF4, 0xFF, 0x74,
  0x74, 0x74, 0x74, 0x2F, 0x00, 0xF4, 0xFF, 0xFF, 0xFF, 0xFF, 0xFF, 0x68, 0x48, 0xFF, 0xC5, 0x01,
  0x00, 0x78, 0xFF, 0x78, 0x00, 0x00, 0xB6, 0xFF, 0x46, 0x00, 0x9E, 0xFF, 0x67, 0x00, 0x78, 0xFF,
  0x78, 0x00, 0x5B, 0xFF, 0x99, 0x00, 0x00, 0x10, 0xE5, 0xEF, 0x17, 0x78, 0xFF, 0x78, 0x14, 0xEB,
  0xE0, 0x0D, 0x00, 0x00, 0x00, 0x4C, 0xFF, 0xA9, 0x8B, 0xFF, 0x8B, 0xA7, 0xFE, 0x42, 0x00, 0x00,
  0x00, 0x00, 0x00, 0xCB, 0xFF, 0xFF, 0xFF, 0xFF, 0xFF, 0xCB, 0x00, 0x00, 0x00, 0x00, 0x00, 0x4F,
  0xFF, 0xC1, 0xA2, 0xFF, 0xA2, 0xC1, 0xFF, 0x59, 0x00, 0x00, 0x00, 0x16, 0xEA, 0xF2, 0x20, 0x78,
  0xFF, 0x78, 0x21, 0xF4, 0xED, 0x19, 0x00, 0x00, 0xB1, 0xFF, 0x66, 0x00, 0x78, 0xFF, 0x78, 0x00,
  0x6C, 0xFF, 0xB5, 0x00, 0x63, 0xFF, 0xB9, 0x00, 0x00, 0x78, 0xFF, 0x78, 0x00, 0x01, 0xBF, 0xFF,
  0x64, 0x00, 0x31, 0xB6, 0xEA, 0xF6, 0xD8, 0x74, 0x00, 0x00, 0x0E, 0xE9, 0xFF, 0xC2, 0xAA, 0xF3,
  0xFF, 0x62, 0x00, 0x34, 0xCC, 0xA2, 0x00, 0x00, 0x6F, 0xFF, 0xA0, 0x00, 0x00, 0x00, 0x00, 0x1C,
  0x30, 0xBB, 0xFF, 0x71, 0x00, 0x00, 0x00, 0x00, 0xCC, 0xFF, 0xFF, 0xC9, 0x0A, 0x00, 0x00, 0x00,
  0x00, 0x3F, 0x57, 0xA2, 0xFF, 0xB2, 0x00, 0x57, 0xC0, 0x78, 0x00, 0x00, 0x1D, 0xFF, 0xF3, 0x00,
  0x29, 0xF6, 0xFD, 0xBA, 0xA6, 0xE1, 0xFF, 0xB0, 0x00, 0x00, 0x3C, 0xBA, 0xEB, 0xF7, 0xDD, 0x8F,
  0x10, 0x00, 0x00, 0xF4, 0xFC, 0x00, 0x00, 0x00, 0x61, 0xFF, 0xD8, 0x00, 0x00, 0xF4, 0xFC, 0x00,
  0x00, 0x1A, 0xEF, 0xFF, 0xD8, 0x00, 0x00, 0xF4, 0xFC, 0x00, 0x00, 0xB3, 0xFF, 0xFF, 0xD8, 0x00,
  0x00, 0xF4, 0xFC, 0x00, 0x5D, 0xFF, 0xB6, 0xFF, 0xD8, 0x00, 0x00, 0xF4, 0xFC, 0x18, 0xED, 0xE0,
  0x29, 0xFF, 0xD8, 0x00, 0x00, 0xF4, 0xFC, 0xAF, 0xFE, 0x43, 0x1C, 0xFF, 0xD8, 0x00, 0x00, 0xF4,
  0xFF, 0xFF, 0x96, 0x00, 0x1C, 0xFF, 0xD8, 0x00, 0x00, 0xF4, 0xFF, 0xDE, 0x0C, 0x00, 0x1C, 0xFF,
  0xD8, 0x00, 0x00, 0xF4, 0xFE, 0x3F, 0x00, 0x00, 0x1C, 0xFF, 0xD8, 0x00, 0x00, 0x00, 0x06, 0x0C,
  0x01, 0x02, 0x0C, 0x04, 0x00, 0x00, 0x00, 0x00, 0x71, 0xFF, 0x3E, 0x64, 0xFF, 0x50, 0x00, 0x00,
  0x00, 0x00, 0x13, 0xCF, 0xFF, 0xFF, 0xB9, 0x06, 0x00, 0x00, 0x00, 0x00, 0x00, 0x00, 0x15, 0x12,
  0x00, 0x00, 0x00, 0x00, 0x00, 0xF4, 0xFC, 0x00, 0x00, 0x00, 0x61, 0xFF, 0xD8, 0x00, 0x00, 0xF4,
  0xFC, 0x00, 0x00, 0x1A, 0xEF, 0xFF, 0xD8, 0x00, 0x00, 0xF4, 0xFC, 0x00, 0x00, 0xB3, 0xFF, 0xFF,
  0xD8, 0x00, 0x00, 0xF4, 0xFC, 0x00, 0x5D, 0xFF, 0xB6, 0xFF, 0xD8, 0x00, 0x00, 0xF4, 0xFC, 0x18,
  0xED, 0xE0, 0x29, 0xFF, 0xD8, 0x00, 0x00, 0xF4, 0xFC, 0xAF, 0xFE, 0x43, 0x1C, 0xFF, 0xD8, 0x00,
  0x00, 0xF4, 0xFF, 0xFF, 0x96, 0x00, 0x1C, 0xFF, 0xD8, 0x00, 0x00, 0xF4, 0xFF, 0xDE, 0x0C, 0x00,
  0x1C, 0xFF, 0xD8, 0x00, 0x00, 0xF4, 0xFE, 0x3F, 0x00, 0x00, 0x1C, 0xFF, 0xD8, 0x00, 0x00, 0xF4,
  0xFC, 0x00, 0x00, 0x00, 0xB0, 0xFF, 0x71, 0x00, 0xF4, 0xFC, 0x00, 0x00, 0x73, 0xFF, 0xA4, 0x00,
  0x00, 0xF4, 0xFC, 0x00, 0x39, 0xFA, 0xCE, 0x09, 0x00, 0x00, 0xF4, 0xFC, 0x2D, 0xE2, 0xEB, 0x1F,
  0x00, 0x00, 0x00, 0xF4, 0xFF, 0xFF, 0xFF, 0x77, 0x00, 0x00, 0x00, 0x00, 0xF4, 0xFD, 0x58, 0xF0,
  0xF1, 0x29, 0x00, 0x00, 0x00, 0xF4, 0xFC, 0x00, 0x4D, 0xFE, 0xDB, 0x11, 0x00, 0x00, 0xF4, 0xFC,
  0x00, 0x00, 0x80, 0xFF, 0xBA, 0x03, 0x00, 0xF4, 0xFC, 0x00, 0x00, 0x01, 0xB3, 0xFF, 0x8F, 0x00,
  0x40, 0xFF, 0xFF, 0xFF, 0xFF, 0xFF, 0xFF, 0x64, 0x00, 0x40, 0xFF, 0xC7, 0x74, 0x74, 0xC2, 0xFF,
  0x64, 0x00, 0x40, 0xFF, 0x97, 0x00, 0x00, 0x90, 0xFF, 0x64, 0x00, 0x43, 0xFF, 0x93, 0x00, 0x00,
  0x90, 0xFF, 0x64, 0x00, 0x48, 0xFF, 0x89, 0x00, 0x00, 0x90, 0xFF, 0x64, 0x00, 0x57, 0xFF, 0x74,
  0x00, 0x00, 0x90, 0xFF, 0x64, 0x00, 0x7D, 0xFF, 0x4E, 0x00, 0x00, 0x90, 0xFF, 0x64, 0x55, 0xE6,
  0xF6, 0x0F, 0x00, 0x00, 0x90, 0xFF, 0x64, 0xAA, 0xE5, 0x59, 0x00, 0x00, 0x00, 0x90, 0xFF, 0x64,
  0x00, 0xF4, 0xFF, 0x41, 0x00, 0x00, 0x00, 0x00, 0xC1, 0xFF, 0x68, 0x00, 0xF4, 0xFF, 0xCC, 0x01,
  0x00, 0x00, 0x4D, 0xFF, 0xFF, 0x68, 0x00, 0xF4, 0xFF, 0xFF, 0x5B, 0x00, 0x03, 0xD4, 0xFF, 0xFF,
  0x68, 0x00, 0xF4, 0xFD, 0xE1, 0xE0, 0x07, 0x63, 0xFF, 0xDE, 0xFF, 0x68, 0x00, 0xF4, 0xFC, 0x5B,
  0xFF, 0x7E, 0xE4, 0xCA, 0x8D, 0xFF, 0x68, 0x00, 0xF4, 0xFC, 0x01, 0xCB, 0xFF, 0xFF, 0x3E, 0x8C,
  0xFF, 0x68, 0x00, 0xF4, 0xFC, 0x00, 0x3E, 0xFF, 0xB0, 0x00, 0x8C, 0xFF, 0x68, 0x00, 0xF4, 0xFC,
  0x00, 0x00, 0x2B, 0x11, 0x00, 0x8C, 0xFF, 0x68, 0x00, 0xF4, 0xFC, 0x00, 0x00, 0x00, 0x00, 0x00,
  0x8C, 0xFF, 0x68, 0x00, 0xF4, 0xFC, 0x00, 0x00, 0x00, 0x1C, 0xFF, 0xD8, 0x00, 0x00, 0xF4, 0xFC,
  0x00, 0x00, 0x00, 0x1C, 0xFF, 0xD8, 0x00, 0x00, 0xF4, 0xFC, 0x00, 0x00, 0x00, 0x1C, 0xFF, 0xD8,
  0x00, 0x00, 0xF4, 0xFC, 0x24, 0x24, 0x24, 0x3C, 0xFF, 0xD8, 0x00, 0x00, 0xF4, 0xFF, 0xFF, 0xFF,
  0xFF, 0xFF, 0xFF, 0xD8, 0x00, 0x00, 0xF4, 0xFD, 0x50, 0x50, 0x50, 0x63, 0xFF, 0xD8, 0x00, 0x00,
  0xF4, 0xFC, 0x00, 0x00, 0x00, 0x1C, 0xFF, 0xD8, 0x00, 0x00, 0xF4, 0xFC, 0x00, 0x00, 0x00, 0x1C,
  0xFF, 0xD8, 0x00, 0x00, 0xF4, 0xFC, 0x00, 0x00, 0x00, 0x1C, 0xFF, 0xD8, 0x00, 0x00, 0x00, 0x58,
  0xC3, 0xEE, 0xE9, 0xBB, 0x45, 0x00, 0x00, 0x00, 0x75, 0xFF, 0xE6, 0x86, 0x8E, 0xF1, 0xFE, 0x58,
  0x00, 0x0F, 0xF7, 0xF8, 0x21, 0x00, 0x00, 0x3C, 0xFF, 0xE7, 0x02, 0x45, 0xFF, 0xC0, 0x00, 0x00,
  0x00, 0x00, 0xE2, 0xFF, 0x29, 0x55, 0xFF, 0xAE, 0x00, 0x00, 0x00, 0x00, 0xCF, 0xFF, 0x38, 0x42,
  0xFF, 0xC3, 0x00, 0x00, 0x00, 0x00, 0xE5, 0xFF, 0x26, 0x0C, 0xF4, 0xF9, 0x23, 0x00, 0x00, 0x40,
  0xFF, 0xE3, 0x01, 0x00, 0x72, 0xFF, 0xE7, 0x86, 0x8D, 0xF1, 0xFE, 0x56, 0x00, 0x00, 0x00, 0x58,
  0xC4, 0xEF, 0xEA, 0xBB, 0x45, 0x00, 0x00, 0x00, 0xF4, 0xFF, 0xFF, 0xFF, 0xFF, 0xFF, 0xFF, 0xB4,
  0x00, 0x00, 0xF4, 0xFD, 0x74, 0x74, 0x74, 0x94, 0xFF, 0xB4, 0x00, 0x00, 0xF4, 0xFC, 0x00, 0x00,
  0x00, 0x3C, 0xFF, 0xB4, 0x00, 0x00, 0xF4, 0xFC, 0x00, 0x00, 0x00, 0x3C, 0xFF, 0xB4, 0x00, 0x00,
  0xF4, 0xFC, 0x00, 0x00, 0x00, 0x3C, 0xFF, 0xB4, 0x00, 0x00, 0xF4, 0xFC, 0x00, 0x00, 0x00, 0x3C,
  0xFF, 0xB4, 0x00, 0x00, 0xF4, 0xFC, 0x00, 0x00, 0x00, 0x3C, 0xFF, 0xB4, 0x00, 0x00, 0xF4, 0xFC,
  0x00, 0x00, 0x00, 0x3C, 0xFF, 0xB4, 0x00, 0x00, 0xF4, 0xFC, 0x00, 0x00, 0x00, 0x3C, 0xFF, 0xB4,
  0x00, 0x00, 0xF4, 0xFF, 0xFF, 0xFD, 0xE4, 0xA6, 0x21, 0x00, 0x00, 0xF4, 0xFD, 0x74, 0x78, 0xA9,
  0xFF, 0xD8, 0x01, 0x00, 0xF4, 0xFC, 0x00, 0x00, 0x00, 0xD4, 0xFF, 0x21, 0x00, 0xF4, 0xFC, 0x24,
  0x28, 0x56, 0xF6, 0xF6, 0x08, 0x00, 0xF4, 0xFF, 0xFF, 0xFF, 0xFF, 0xEC, 0x53, 0x00, 0x00, 0xF4,
  0xFD, 0x50, 0x4D, 0x35, 0x0A, 0x00, 0x00, 0x00, 0xF4, 0xFC, 0x00, 0x00, 0x00, 0x00, 0x00, 0x00,
  0x00, 0xF4, 0xFC, 0x00, 0x00, 0x00, 0x00, 0x00, 0x00, 0x00, 0xF4, 0xFC, 0x00, 0x00, 0x00, 0x00,
  0x00, 0x00, 0x00, 0x01, 0x6B, 0xD2, 0xF7, 0xEE, 0xB2, 0x30, 0x00, 0x00, 0x8A, 0xFF, 0xDD, 0x80,
  0xA0, 0xFF, 0xF3, 0x22, 0x13, 0xFA, 0xF6, 0x19, 0x00, 0x00, 0x9A, 0xF4, 0x76, 0x44, 0xFF, 0xBF,
  0x00, 0x00, 0x00, 0x00, 0x00, 0x00, 0x54, 0xFF, 0xAE, 0x00, 0x00, 0x00, 0x00, 0x00, 0x00, 0x43,
  0xFF, 0xC2, 0x00, 0x00, 0x00, 0x00, 0x00, 0x00, 0x11, 0xFA, 0xF8, 0x1D, 0x00, 0x00, 0x94, 0xF0,
  0x74, 0x00, 0x8E, 0xFF, 0xE0, 0x80, 0x9E, 0xFE, 0xF8, 0x26, 0x00, 0x02, 0x73, 0xD5, 0xF8, 0xF1,
  0xBB, 0x3A, 0x00, 0xBC, 0xFF, 0xFF, 0xFF, 0xFF, 0xFF, 0xFF, 0xFF, 0x10, 0x55, 0x74, 0x74, 0xE5,
  0xFF, 0x87, 0x74, 0x74, 0x07, 0x00, 0x00, 0x00, 0xD0, 0xFF, 0x24, 0x00, 0x00, 0x00, 0x00, 0x00,
  0x00, 0xD0, 0xFF, 0x24, 0x00, 0x00, 0x00, 0x00, 0x00, 0x00, 0xD0, 0xFF, 0x24, 0x00, 0x00, 0x00,
  0x00, 0x00, 0x00, 0xD0, 0xFF, 0x24, 0x00, 0x00, 0x00, 0x00, 0x00, 0x00, 0xD0, 0xFF, 0x24, 0x00,
  0x00, 0x00, 0x00, 0x00, 0x00, 0xD0, 0xFF, 0x24, 0x00, 0x00, 0x00, 0x00, 0x00, 0x00, 0xD0, 0xFF,
  0x24, 0x00, 0x00, 0x00, 0x99, 0xFF, 0x7F, 0x00, 0x00, 0x00, 0x67, 0xFF, 0x9D, 0x17, 0xF2, 0xF2,
  0x14, 0x00, 0x00, 0xD2, 0xFF, 0x2B, 0x00, 0x7B, 0xFF, 0x8F, 0x00, 0x3F, 0xFF, 0xB7, 0x00, 0x00,
  0x09, 0xE3, 0xF8, 0x1E, 0xAC, 0xFF, 0x43, 0x00, 0x00, 0x00, 0x5E, 0xFF, 0xB6, 0xFB, 0xCF, 0x00,
  0x00, 0x00, 0x00, 0x01, 0xCD, 0xFF, 0xFF, 0x5C, 0x00, 0x00, 0x00, 0x00, 0x00, 0x52, 0xFF, 0xE4,
  0x05, 0x00, 0x00, 0x00, 0x00, 0x66, 0xC6, 0xFF, 0x63, 0x00, 0x00, 0x00, 0x00, 0x00, 0xDA, 0xE9,
  0x76, 0x00, 0x00, 0x00, 0x00, 0x00, 0x00, 0x00, 0x03, 0x35, 0xFF, 0xD9, 0x12, 0x00, 0x00, 0x00,
  0x00, 0x00, 0x09, 0x8E, 0xF0, 0xFF, 0xFF, 0xFF, 0xFF, 0xDB, 0x5D, 0x00, 0x00, 0x00, 0xB1, 0xFF,
  0xBD, 0x76, 0xFF, 0xE2, 0x6F, 0xE4, 0xFF, 0x5E, 0x00, 0x32, 0xFF, 0xDF, 0x05, 0x20, 0xFF, 0xD4,
  0x00, 0x33, 0xFF, 0xDF, 0x00, 0x62, 0xFF, 0xA6, 0x00, 0x20, 0xFF, 0xD4, 0x00, 0x00, 0xF2, 0xFF,
  0x11, 0x60, 0xFF, 0xA7, 0x00, 0x20, 0xFF, 0xD4, 0x00, 0x00, 0xF4, 0xFF, 0x10, 0x34, 0xFF, 0xD9,
  0x01, 0x20, 0xFF, 0xD4, 0x00, 0x2A, 0xFF, 0xE2, 0x00, 0x00, 0xC3, 0xFF, 0x97, 0x4F, 0xFF, 0xDA,
  0x44, 0xCD, 0xFF, 0x70, 0x00, 0x00, 0x17, 0xB9, 0xFF, 0xFF, 0xFF, 0xFF, 0xFF, 0xF8, 0x85, 0x01,
  0x00, 0x00, 0x00, 0x00, 0x20, 0x5C, 0xFF, 0xE1, 0x3F, 0x0F, 0x00, 0x00, 0x00, 0x47, 0xFF, 0xDD,
  0x0B, 0x00, 0x01, 0xBD, 0xFF, 0x5E, 0x00, 0x9B, 0xFF, 0x93, 0x00, 0x6B, 0xFF, 0xB3, 0x00, 0x00,
  0x0D, 0xE1, 0xFE, 0x61, 0xF4, 0xEE, 0x19, 0x00, 0x00, 0x00, 0x44, 0xFF, 0xFF, 0xFF, 0x5D, 0x00,
  0x00, 0x00, 0x00, 0x02, 0xDB, 0xFF, 0xF2, 0x0C, 0x00, 0x00, 0x00, 0x00, 0x70, 0xFF, 0xEC, 0xFF,
  0x92, 0x00, 0x00, 0x00, 0x22, 0xF5, 0xEB, 0x21, 0xE3, 0xFD, 0x3A, 0x00, 0x01, 0xBE, 0xFF, 0x5D,
  0x00, 0x4E, 0xFF, 0xD6, 0x07, 0x68, 0xFF, 0xBC, 0x00, 0x00, 0x00, 0xAD, 0xFF, 0x84, 0x00, 0xF4,
  0xFC, 0x00, 0x00, 0x00, 0x60, 0xFF, 0x94, 0x00, 0x00, 0xF4, 0xFC, 0x00, 0x00, 0x00, 0x60, 0xFF,
  0x94, 0x00, 0x00, 0xF4, 0xFC, 0x00, 0x00, 0x00, 0x60, 0xFF, 0x94, 0x00, 0x00, 0xF4, 0xFC, 0x00,
  0x00, 0x00, 0x60, 0xFF, 0x94, 0x00, 0x00, 0xF4, 0xFC, 0x00, 0x00, 0x00, 0x60, 0xFF, 0x94, 0x00,
  0x00, 0xF4, 0xFC, 0x00, 0x00, 0x00, 0x60, 0xFF, 0x94, 0x00, 0x00, 0xF4, 0xFC, 0x00, 0x00, 0x00,
  0x60, 0xFF, 0x94, 0x00, 0x00, 0xF4, 0xFE, 0x9C, 0x9C, 0x9C, 0xC1, 0xFF, 0xD5, 0x6B, 0x00, 0xF4,
  0xFF, 0xFF, 0xFF, 0xFF, 0xFF, 0xFF, 0xFF, 0xB0, 0x00, 0x00, 0x00, 0x00, 0x00, 0x00, 0x00, 0x10,
  0xFF, 0xB0, 0x00, 0x00, 0x00, 0x00, 0x00, 0x00, 0x00, 0x06, 0x64, 0x44, 0x58, 0xFF, 0x98, 0x00,
  0x00, 0x28, 0xFF, 0xCC, 0x00, 0x58, 0xFF, 0x98, 0x00, 0x00, 0x28, 0xFF, 0xCC, 0x00, 0x57, 0xFF,
  0x99, 0x00, 0x00, 0x28, 0xFF, 0xCC, 0x00, 0x46, 0xFF, 0xBE, 0x00, 0x00, 0x2E, 0xFF, 0xCC, 0x00,
  0x15, 0xF4, 0xFF, 0xC0, 0xB1, 0xEE, 0xFF, 0xCC, 0x00, 0x00, 0x4D, 0xD4, 0xF6, 0xDF, 0xA8, 0xFF,
  0xCC, 0x00, 0x00, 0x00, 0x00, 0x00, 0x00, 0x28, 0xFF, 0xCC, 0x00, 0x00, 0x00, 0x00, 0x00, 0x00,
  0x28, 0xFF, 0xCC, 0x00, 0x00, 0x00, 0x00, 0x00, 0x00, 0x28, 0xFF, 0xCC, 0x00, 0x00, 0xF4, 0xFC,
  0x00, 0x00, 0x8C, 0xFF, 0x68, 0x00, 0x20, 0xFF, 0xD4, 0x00, 0x00, 0xF4, 0xFC, 0x00, 0x00, 0x8C,
  0xFF, 0x68, 0x00, 0x20, 0xFF, 0xD4, 0x00, 0x00, 0xF4, 0xFC, 0x00, 0x00, 0x8C, 0xFF, 0x68, 0x00,
  0x20, 0xFF, 0xD4, 0x00, 0x00, 0xF4, 0xFC, 0x00, 0x00, 0x8C, 0xFF, 0x68, 0x00, 0x20, 0xFF, 0xD4,
  0x00, 0x00, 0xF4, 0xFC, 0x00, 0x00, 0x8C, 0xFF, 0x68, 0x00, 0x20, 0xFF, 0xD4, 0x00, 0x00, 0xF4,
  0xFC, 0x00, 0x00, 0x8C, 0xFF, 0x68, 0x00, 0x20, 0xFF, 0xD4, 0x00, 0x00, 0xF4, 0xFC, 0x00, 0x00,
  0x8C, 0xFF, 0x68, 0x00, 0x20, 0xFF, 0xD4, 0x00, 0x00, 0xF4, 0xFE, 0x9C, 0x9C, 0xD2, 0xFF, 0xC4,
  0x9C, 0xA8, 0xFF, 0xD4, 0x00, 0x00, 0xF4, 0xFF, 0xFF, 0xFF, 0xFF, 0xFF, 0xFF, 0xFF, 0xFF, 0xFF,
  0xD4, 0x00, 0x00, 0xF4, 0xFC, 0x00, 0x00, 0x8C, 0xFF, 0x68, 0x00, 0x20, 0xFF, 0xD4, 0x00, 0x00,
  0xF4, 0xFC, 0x00, 0x00, 0x8C, 0xFF, 0x68, 0x00, 0x20, 0xFF, 0xD4, 0x00, 0x00, 0xF4, 0xFC, 0x00,
  0x00, 0x8C, 0xFF, 0x68, 0x00, 0x20, 0xFF, 0xD4, 0x00, 0x00, 0xF4, 0xFC, 0x00, 0x00, 0x8C, 0xFF,
  0x68, 0x00, 0x20, 0xFF, 0xD4, 0x00, 0x00, 0xF4, 0xFC, 0x00, 0x00, 0x8C, 0xFF, 0x68, 0x00, 0x20,
  0xFF, 0xD4, 0x00, 0x00, 0xF4, 0xFC, 0x00, 0x00, 0x8C, 0xFF, 0x68, 0x00, 0x20, 0xFF, 0xD4, 0x00,
  0x00, 0xF4, 0xFC, 0x00, 0x00, 0x8C, 0xFF, 0x68, 0x00, 0x20, 0xFF, 0xD4, 0x00, 0x00, 0xF4, 0xFE,
  0x9C, 0x9C, 0xD2, 0xFF, 0xC4, 0x9C, 0xA8, 0xFF, 0xEE, 0x92, 0x00, 0xF4, 0xFF, 0xFF, 0xFF, 0xFF,
  0xFF, 0xFF, 0xFF, 0xFF, 0xFF, 0xFF, 0xF0, 0x00, 0x00, 0x00, 0x00, 0x00, 0x00, 0x00, 0x00, 0x00,
  0x00, 0x00, 0xD0, 0xF0, 0x00, 0x00, 0x00, 0x00, 0x00, 0x00, 0x00, 0x00, 0x00, 0x00, 0x00, 0x51,
  0x5D, 0xBC, 0xFF, 0xFF, 0xFF, 0x08, 0x00, 0x00, 0x00, 0x00, 0x00, 0x55, 0x74, 0xF5, 0xFF, 0x08,
  0x00, 0x00, 0x00, 0x00, 0x00, 0x00, 0x00, 0xEC, 0xFF, 0x2A, 0x21, 0x07, 0x00, 0x00, 0x00, 0x00,
  0x00, 0xEC, 0xFF, 0xFF, 0xFF, 0xFE, 0xC2, 0x2A, 0x00, 0x00, 0x00, 0xEC, 0xFF, 0x55, 0x56, 0x93,
  0xFF, 0xD9, 0x03, 0x00, 0x00, 0xEC, 0xFF, 0x08, 0x00, 0x00, 0xCD, 0xFF, 0x28, 0x00, 0x00, 0xEC,
  0xFF, 0x08, 0x00, 0x00, 0xD6, 0xFF, 0x21, 0x00, 0x00, 0xEC, 0xFF, 0x78, 0x79, 0xB3, 0xFF, 0xC8,
  0x01, 0x00, 0x00, 0xEC, 0xFF, 0xFF, 0xFD, 0xE2, 0xA0, 0x1A, 0x00, 0x00, 0xF4, 0xFC, 0x00, 0x00,
  0x00, 0x00, 0x00, 0x28, 0xFF, 0xCC, 0x00, 0x00, 0xF4, 0xFC, 0x00, 0x00, 0x00, 0x00, 0x00, 0x28,
  0xFF, 0xCC, 0x00, 0x00, 0xF4, 0xFC, 0x00, 0x00, 0x00, 0x00, 0x00, 0x28, 0xFF, 0xCC, 0x00, 0x00,
  0xF4, 0xFF, 0xFF, 0xF7, 0xD7, 0x78, 0x04, 0x28, 0xFF, 0xCC, 0x00, 0x00, 0xF4, 0xFE, 0x9C, 0xA7,
  0xEA, 0xFF, 0x81, 0x28, 0xFF, 0xCC, 0x00, 0x00, 0xF4, 0xFC, 0x00, 0x00, 0x28, 0xFF, 0xD8, 0x28,
  0xFF, 0xCC, 0x00, 0x00, 0xF4, 0xFC, 0x00, 0x00, 0x28, 0xFF, 0xD8, 0x28, 0xFF, 0xCC, 0x00, 0x00,
  0xF4, 0xFE, 0x9C, 0xA7, 0xE9, 0xFF, 0x82, 0x28, 0xFF, 0xCC, 0x00, 0x00, 0xF4, 0xFF, 0xFF, 0xF8,
  0xD9, 0x7C, 0x05, 0x28, 0xFF, 0xCC, 0x00, 0x00, 0xF4, 0xFC, 0x00, 0x00, 0x00, 0x00, 0x00, 0x00,
  0x00, 0xF4, 0xFC, 0x00, 0x00, 0x00, 0x00, 0x00, 0x00, 0x00, 0xF4, 0xFC, 0x00, 0x00, 0x00, 0x00,
  0x00, 0x00, 0x00, 0xF4, 0xFF, 0xFF, 0xFC, 0xE0, 0x9A, 0x15, 0x00, 0x00, 0xF4, 0xFE, 0x9C, 0xA1,
  0xD6, 0xFF, 0xC1, 0x00, 0x00, 0xF4, 0xFC, 0x00, 0x00, 0x05, 0xE2, 0xFF, 0x18, 0x00, 0xF4, 0xFC,
  0x00, 0x00, 0x05, 0xE2, 0xFF, 0x18, 0x00, 0xF4, 0xFE, 0x9C, 0xA1, 0xD6, 0xFF, 0xC2, 0x00, 0x00,
  0xF4, 0xFF, 0xFF, 0xFC, 0xE2, 0x9C, 0x17, 0x00, 0x00, 0x1F, 0xA3, 0xE9, 0xF8, 0xD7, 0x76, 0x03,
  0x00, 0x0D, 0xE3, 0xFF, 0xB2, 0x80, 0xD9, 0xFF, 0x9E, 0x00, 0x5E, 0xFF, 0xC2, 0x00, 0x00, 0x15,
  0xF0, 0xFF, 0x25, 0x0B, 0x18, 0x0D, 0x1B, 0x24, 0x24, 0xBF, 0xFF, 0x5E, 0x00, 0x00, 0x00, 0xC0,
  0xFF, 0xFF, 0xFF, 0xFF, 0x70, 0x00, 0x00, 0x00, 0x3C, 0x50, 0x50, 0xC6, 0xFF, 0x5D, 0x56, 0xDC,
  0x9B, 0x00, 0x00, 0x0D, 0xE9, 0xFF, 0x23, 0x18, 0xF1, 0xFF, 0xA7, 0x81, 0xD1, 0xFF, 0xA0, 0x00,
  0x00, 0x2F, 0xB3, 0xEE, 0xF9, 0xD9, 0x7A, 0x04, 0x00, 0x00, 0xF4, 0xFC, 0x00, 0x00, 0x2B, 0xB5,
  0xF1, 0xF3, 0xBE, 0x3D, 0x00, 0x00, 0x00, 0xF4, 0xFC, 0x00, 0x1D, 0xED, 0xF7, 0x8F, 0x8F, 0xF8,
  0xFB, 0x36, 0x00, 0x00, 0xF4, 0xFC, 0x00, 0x8E, 0xFF, 0x68, 0x00, 0x00, 0x6C, 0xFF, 0xAC, 0x00,
  0x00, 0xF4, 0xFC, 0x24, 0xCF, 0xFF, 0x20, 0x00, 0x00, 0x21, 0xFF, 0xE0, 0x00, 0x00, 0xF4, 0xFF,
  0xFF, 0xFF, 0xFF, 0x12, 0x00, 0x00, 0x12, 0xFF, 0xF0, 0x00, 0x00, 0xF4, 0xFD, 0x50, 0xE0, 0xFF,
  0x22, 0x00, 0x00, 0x24, 0xFF, 0xDD, 0x00, 0x00, 0xF4, 0xFC, 0x00, 0xA4, 0xFF, 0x6B, 0x00, 0x00,
  0x6F, 0xFF, 0xA2, 0x00, 0x00, 0xF4, 0xFC, 0x00, 0x32, 0xF8, 0xF7, 0x8E, 0x8F, 0xF8, 0xF7, 0x2B,
  0x00, 0x00, 0xF4, 0xFC, 0x00, 0x00, 0x3C, 0xBF, 0xF3, 0xF2, 0xBA, 0x34, 0x00, 0x00, 0x00, 0x1F,
  0xA7, 0xE6, 0xFE, 0xFF, 0xFF, 0xFF, 0x00, 0x00, 0xD2, 0xFF, 0xA9, 0x79, 0x74, 0xF9, 0xFF, 0x00,
  0x1A, 0xFF, 0xDA, 0x00, 0x00, 0x00, 0xF4, 0xFF, 0x00, 0x09, 0xF4, 0xF8, 0x57, 0x28, 0x24, 0xF5,
  0xFF, 0x00, 0x00, 0x5A, 0xF2, 0xFF, 0xFF, 0xFF, 0xFF, 0xFF, 0x00, 0x00, 0x00, 0x77, 0xFF, 0x99,
  0x50, 0xF7, 0xFF, 0x00, 0x00, 0x19, 0xF2, 0xE8, 0x0C, 0x00, 0xF4, 0xFF, 0x00, 0x00, 0xA6, 0xFF,
  0x69, 0x00, 0x00, 0xF4, 0xFF, 0x00, 0x3F, 0xFF, 0xD9, 0x04, 0x00, 0x00, 0xF4, 0xFF, 0x00, 0x00,
  0x31, 0xC1, 0xF4, 0xEF, 0xA4, 0x0D, 0x01, 0xE2, 0xEF, 0x7F, 0xA5, 0xFF, 0x8C, 0x02, 0x28, 0x2F,
  0x24, 0x25, 0xFA, 0xBE, 0x13, 0xCD, 0xFF, 0xFF, 0xFF, 0xFF, 0xC4, 0x6A, 0xFF, 0xA1, 0x52, 0x56,
  0xFC, 0xC4, 0x5A, 0xFF, 0xBB, 0x7B, 0xBC, 0xFE, 0xC5, 0x04, 0x9F, 0xF2, 0xEB, 0x85, 0xCC, 0xCE,
  0x00, 0x00, 0x00, 0x00, 0x00, 0x02, 0x1B, 0x00, 0x00, 0x1A, 0xAC, 0xED, 0xFF, 0xFF, 0xC4, 0x00,
  0x00, 0xC8, 0xEC, 0x88, 0x73, 0x69, 0x38, 0x00, 0x32, 0xFF, 0x85, 0xDD, 0xF7, 0xC6, 0x2E, 0x00,
  0x64, 0xFB, 0xEE, 0x8A, 0x9B, 0xFD, 0xE0, 0x04, 0x76, 0xFF, 0x6D, 0x00, 0x00, 0xA2, 0xFF, 0x35,
  0x73, 0xFF, 0x49, 0x00, 0x00, 0x7D, 0xFF, 0x42, 0x4D, 0xFF, 0x7B, 0x00, 0x00, 0xA8, 0xFF, 0x20,
  0x07, 0xDA, 0xF8, 0x8E, 0x9B, 0xFD, 0xB1, 0x00, 0x00, 0x1F, 0xB3, 0xF4, 0xED, 0x99, 0x0D, 0x00,
  0x38, 0xFF, 0xFF, 0xFF, 0xF6, 0xC4, 0x26, 0x00, 0x38, 0xFF, 0xBA, 0x74, 0x93, 0xFF, 0xAB, 0x00,
  0x38, 0xFF, 0x92, 0x24, 0x41, 0xFE, 0xA1, 0x00, 0x38, 0xFF, 0xFF, 0xFF, 0xFF, 0xF3, 0x31, 0x00,
  0x38, 0xFF, 0xA8, 0x50, 0x5A, 0xE2, 0xDB, 0x00, 0x38, 0xFF, 0xBA, 0x74, 0x7E, 0xED, 0xEC, 0x00,
  0x38, 0xFF, 0xFF, 0xFF, 0xFC, 0xDB, 0x50, 0x00, 0x18, 0xFF, 0xFF, 0xFF, 0xFF, 0xD8, 0x18, 0xFF,
  0xCB, 0x74, 0x74, 0x61, 0x18, 0xFF, 0xA0, 0x00, 0x00, 0x00, 0x18, 0xFF, 0xA0, 0x00, 0x00, 0x00,
  0x18, 0xFF, 0xA0, 0x00, 0x00, 0x00, 0x18, 0xFF, 0xA0, 0x00, 0x00, 0x00, 0x18, 0xFF, 0xA0, 0x00,
  0x00, 0x00, 0x00, 0x70, 0xFF, 0xFF, 0xFF, 0xFF, 0xF4, 0x00, 0x00, 0x70, 0xFF, 0x87, 0x74, 0xDF,
  0xF4, 0x00, 0x00, 0x74, 0xFF, 0x21, 0x00, 0xC4, 0xF4, 0x00, 0x00, 0x83, 0xFF, 0x14, 0x00, 0xC4,
  0xF4, 0x00, 0x00, 0xA5, 0xF9, 0x03, 0x00, 0xC4, 0xF4, 0x00, 0x55, 0xE9, 0xE4, 0x74, 0x74, 0xDF,
  0xF9, 0x5C, 0xBC, 0xFF, 0xFF, 0xFF, 0xFF, 0xFF, 0xFF, 0xCC, 0xBC, 0xC4, 0x00, 0x00, 0x00, 0x00,
  0xB4, 0xCC, 0x66, 0x6B, 0x00, 0x00, 0x00, 0x00, 0x62, 0x6F, 0x00, 0x37, 0xC2, 0xF6, 0xE1, 0x90,
  0x0A, 0x00, 0x1C, 0xF2, 0xE8, 0x84, 0x96, 0xFC, 0x92, 0x00, 0x71, 0xFF, 0x6D, 0x24, 0x24, 0xB8,
  0xEE, 0x00, 0x88, 0xFF, 0xFF, 0xFF, 0xFF, 0xFF, 0xFF, 0x0E, 0x6C, 0xFF, 0x8A, 0x50, 0x50, 0x52,
  0x53, 0x06, 0x17, 0xED, 0xE4, 0x84, 0x84, 0xF1, 0xBC, 0x00, 0x00, 0x2F, 0xBB, 0xF4, 0xEF, 0xAC,
  0x18, 0x00, 0x58, 0xFF, 0x72, 0x00, 0x88, 0xFF, 0x30, 0x01, 0xC1, 0xEA, 0x14, 0x00, 0xAE, 0xF5,
  0x21, 0x88, 0xFF, 0x30, 0x6A, 0xFF, 0x55, 0x00, 0x00, 0x17, 0xED, 0xBC, 0x98, 0xFF, 0x5E, 0xF2,
  0xAC, 0x00, 0x00, 0x00, 0x00, 0x87, 0xFF, 0xFF, 0xFF, 0xFF, 0xFF, 0x33, 0x00, 0x00, 0x00, 0x1F,
  0xF0, 0xCD, 0xAD, 0xFF, 0x81, 0xFA, 0xBC, 0x01, 0x00, 0x02, 0xC0, 0xF6, 0x28, 0x88, 0xFF, 0x30,
  0x7C, 0xFF, 0x6E, 0x00, 0x76, 0xFF, 0x6A, 0x00, 0x88, 0xFF, 0x30, 0x03, 0xC8, 0xF6, 0x28, 0x00,
  0x72, 0xDE, 0xF8, 0xE2, 0x7D, 0x00, 0x45, 0xFF, 0xCA, 0x76, 0xCD, 0xFF, 0x40, 0x20, 0x48, 0x24,
  0x29, 0xA0, 0xFF, 0x44, 0x00, 0x00, 0x54, 0xFF, 0xFF, 0xC8, 0x07, 0x32, 0x58, 0x2C, 0x50, 0x83,
  0xFF, 0x83, 0x60, 0xFF, 0xBD, 0x74, 0xA7, 0xFF, 0x7B, 0x01, 0x82, 0xE1, 0xF9, 0xE5, 0x94, 0x07,
  0x38, 0xFF, 0x80, 0x00, 0x02, 0xC4, 0xFF, 0x28, 0x38, 0xFF, 0x80, 0x00, 0x75, 0xFF, 0xFF, 0x28,
  0x38, 0xFF, 0x80, 0x2A, 0xF8, 0xEC, 0xFF, 0x28, 0x38, 0xFF, 0x84, 0xCB, 0xC2, 0x92, 0xFF, 0x28,
  0x38, 0xFF, 0xE9, 0xF3, 0x21, 0x90, 0xFF, 0x28, 0x38, 0xFF, 0xFF, 0x64, 0x00, 0x90, 0xFF, 0x28,
  0x38, 0xFF, 0xB3, 0x00, 0x00, 0x90, 0xFF, 0x28, 0x00, 0x24, 0xD4, 0x50, 0x58, 0xD4, 0x19, 0x00,
  0x00, 0x02, 0xB2, 0xFD, 0xFE, 0xA6, 0x00, 0x00, 0x00, 0x00, 0x00, 0x0D, 0x0C, 0x00, 0x00, 0x00,
  0x38, 0xFF, 0x80, 0x00, 0x02, 0xC4, 0xFF, 0x28, 0x38, 0xFF, 0x80, 0x00, 0x75, 0xFF, 0xFF, 0x28,
  0x38, 0xFF, 0x80, 0x2A, 0xF8, 0xEC, 0xFF, 0x28, 0x38, 0xFF, 0x84, 0xCB, 0xC2, 0x92, 0xFF, 0x28,
  0x38, 0xFF, 0xE9, 0xF3, 0x21, 0x90, 0xFF, 0x28, 0x38, 0xFF, 0xFF, 0x64, 0x00, 0x90, 0xFF, 0x28,
  0x38, 0xFF, 0xB3, 0x00, 0x00, 0x90, 0xFF, 0x28, 0x38, 0xFF, 0x80, 0x00, 0x29, 0xF5, 0xC3, 0x04,
  0x38, 0xFF, 0x80, 0x08, 0xD2, 0xEB, 0x1B, 0x00, 0x38, 0xFF, 0x92, 0x9B, 0xFE, 0x47, 0x00, 0x00,
  0x38, 0xFF, 0xFF, 0xFF, 0xBC, 0x00, 0x00, 0x00, 0x38, 0xFF, 0xA8, 0xB8, 0xFF, 0x58, 0x00, 0x00,
  0x38, 0xFF, 0x80, 0x11, 0xDF, 0xF4, 0x2A, 0x00, 0x38, 0xFF, 0x80, 0x00, 0x33, 0xF8, 0xD7, 0x0C,
  0x00, 0x80, 0xFF, 0xFF, 0xFF, 0xFF, 0xF4, 0x00, 0x00, 0x80, 0xFF, 0x7E, 0x74, 0xDF, 0xF4, 0x00,
  0x00, 0x81, 0xFF, 0x13, 0x00, 0xC4, 0xF4, 0x00, 0x00, 0x8A, 0xFF, 0x0D, 0x00, 0xC4, 0xF4, 0x00,
  0x00, 0xAA, 0xF6, 0x00, 0x00, 0xC4, 0xF4, 0x00, 0x57, 0xF6, 0xC4, 0x00, 0x00, 0xC4, 0xF4, 0x00,
  0xAA, 0xDE, 0x3E, 0x00, 0x00, 0xC4, 0xF4, 0x00, 0x38, 0xFF, 0xF6, 0x19, 0x00, 0x00, 0xA1, 0xFF,
  0x94, 0x38, 0xFF, 0xFF, 0x90, 0x00, 0x24, 0xFC, 0xFF, 0x94, 0x38, 0xFF, 0xEC, 0xF7, 0x19, 0xA2,
  0xEC, 0xFF, 0x94, 0x38, 0xFF, 0x81, 0xF3, 0xB1, 0xFC, 0x73, 0xFF, 0x94, 0x38, 0xFF, 0x6C, 0x81,
  0xFF, 0xD8, 0x13, 0xFF, 0x94, 0x38, 0xFF, 0x6C, 0x0D, 0x9D, 0x44, 0x10, 0xFF, 0x94, 0x38, 0xFF,
  0x6C, 0x00, 0x00, 0x00, 0x10, 0xFF, 0x94, 0x38, 0xFF, 0x80, 0x00, 0x00, 0x90, 0xFF, 0x28, 0x38,
  0xFF, 0x80, 0x00, 0x00, 0x90, 0xFF, 0x28, 0x38, 0xFF, 0x92, 0x24, 0x24, 0x9F, 0xFF, 0x28, 0x38,
  0xFF, 0xFF, 0xFF, 0xFF, 0xFF, 0xFF, 0x28, 0x38, 0xFF, 0xA8, 0x50, 0x50, 0xB3, 0xFF, 0x28, 0x38,
  0xFF, 0x80, 0x00, 0x00, 0x90, 0xFF, 0x28, 0x38, 0xFF, 0x80, 0x00, 0x00, 0x90, 0xFF, 0x28, 0x00,
  0x30, 0xBA, 0xF4, 0xEE, 0xA4, 0x19, 0x00, 0x19, 0xEF, 0xF1, 0x89, 0x9B, 0xFC, 0xD2, 0x02, 0x70,
  0xFF, 0x62, 0x00, 0x00, 0x95, 0xFF, 0x3B, 0x87, 0xFF, 0x38, 0x00, 0x00, 0x69, 0xFF, 0x53, 0x6C,
  0xFF, 0x65, 0x00, 0x00, 0x9A, 0xFF, 0x37, 0x17, 0xED, 0xF1, 0x89, 0x9C, 0xFD, 0xCC, 0x01, 0x00,
  0x2F, 0xBB, 0xF4, 0xEF, 0xA4, 0x17, 0x00, 0x38, 0xFF, 0xFF, 0xFF, 0xFF, 0xFF, 0xFF, 0x04, 0x38,
  0xFF, 0xBA, 0x74, 0x74, 0xD6, 0xFF, 0x04, 0x38, 0xFF, 0x80, 0x00, 0x00, 0xB4, 0xFF, 0x04, 0x38,
  0xFF, 0x80, 0x00, 0x00, 0xB4, 0xFF, 0x04, 0x38, 0xFF, 0x80, 0x00, 0x00, 0xB4, 0xFF, 0x04, 0x38,
  0xFF, 0x80, 0x00, 0x00, 0xB4, 0xFF, 0x04, 0x38, 0xFF, 0x80, 0x00, 0x00, 0xB4, 0xFF, 0x04, 0x38,
  0xFF, 0x85, 0xC5, 0xF7, 0xD8, 0x56, 0x00, 0x38, 0xFF, 0xFB, 0x9E, 0x85, 0xEE, 0xFB, 0x28, 0x38,
  0xFF, 0xA1, 0x00, 0x00, 0x5F, 0xFF, 0x6F, 0x38, 0xFF, 0x80, 0x00, 0x00, 0x39, 0xFF, 0x87, 0x38,
  0xFF, 0xA5, 0x00, 0x00, 0x64, 0xFF, 0x6C, 0x38, 0xFF, 0xFC, 0x9D, 0x85, 0xEF, 0xF9, 0x23, 0x38,
  0xFF, 0x93, 0xB8, 0xF7, 0xD6, 0x51, 0x00, 0x38, 0xFF, 0x80, 0x00, 0x00, 0x00, 0x00, 0x00, 0x38,
  0xFF, 0x80, 0x00, 0x00, 0x00, 0x00, 0x00, 0x38, 0xFF, 0x80, 0x00, 0x00, 0x00, 0x00, 0x00, 0x00,
  0x2E, 0xBB, 0xF5, 0xEE, 0xA0, 0x10, 0x18, 0xEE, 0xEF, 0x87, 0xA1, 0xFF, 0xAA, 0x6F, 0xFF, 0x60,
  0x00, 0x00, 0x66, 0x65, 0x87, 0xFF, 0x38, 0x00, 0x00, 0x00, 0x00, 0x6C, 0xFF, 0x63, 0x00, 0x01,
  0x6E, 0x6B, 0x17, 0xEE, 0xEF, 0x87, 0xB0, 0xFF, 0xA0, 0x00, 0x32, 0xC0, 0xF6, 0xEC, 0x99, 0x0B,
  0xBC, 0xFF, 0xFF, 0xFF, 0xFF, 0xFF, 0x60, 0x55, 0x74, 0xC0, 0xFF, 0x8C, 0x74, 0x2B, 0x00, 0x00,
  0x8C, 0xFF, 0x2C, 0x00, 0x00, 0x00, 0x00, 0x8C, 0xFF, 0x2C, 0x00, 0x00, 0x00, 0x00, 0x8C, 0xFF,
  0x2C, 0x00, 0x00, 0x00, 0x00, 0x8C, 0xFF, 0x2C, 0x00, 0x00, 0x00, 0x00, 0x8C, 0xFF, 0x2C, 0x00,
  0x00, 0xAD, 0xFF, 0x3B, 0x00, 0x00, 0x89, 0xFF, 0x38, 0x45, 0xFF, 0x9B, 0x00, 0x00, 0xDF, 0xD9,
  0x00, 0x01, 0xDC, 0xF1, 0x09, 0x39, 0xFF, 0x7A, 0x00, 0x00, 0x76, 0xFF, 0x5B, 0x91, 0xFE, 0x1E,
  0x00, 0x00, 0x14, 0xF9, 0xBD, 0xE6, 0xBD, 0x00, 0x00, 0x00, 0x00, 0xA6, 0xFF, 0xFF, 0x5E, 0x00,
  0x00, 0x00, 0x00, 0x3F, 0xFF, 0xF4, 0x0B, 0x00, 0x00, 0x00, 0x00, 0x19, 0xFE, 0x9D, 0x00, 0x00,
  0x00, 0x00, 0x31, 0xBB, 0xFC, 0x2A, 0x00, 0x00, 0x00, 0x00, 0x6F, 0xEC, 0x69, 0x00, 0x00, 0x00,
  0x00, 0x00, 0x00, 0x00, 0x00, 0xEC, 0xCC, 0x00, 0x00, 0x00, 0x00, 0x00, 0x00, 0x00, 0x00, 0xEC,
  0xCC, 0x00, 0x00, 0x00, 0x00, 0x00, 0x34, 0xB9, 0xEB, 0xFF, 0xFF, 0xE6, 0xAC, 0x24, 0x00, 0x1B,
  0xF1, 0xEF, 0x8D, 0xEC, 0xDE, 0x96, 0xF7, 0xDE, 0x0C, 0x6A, 0xFF, 0x5F, 0x00, 0xDC, 0xC0, 0x00,
  0x7D, 0xFF, 0x49, 0x86, 0xFF, 0x38, 0x00, 0xDC, 0xC0, 0x00, 0x55, 0xFF, 0x66, 0x67, 0xFF, 0x66,
  0x00, 0xDC, 0xC0, 0x00, 0x83, 0xFF, 0x45, 0x17, 0xEE, 0xF3, 0x90, 0xEC, 0xDE, 0x98, 0xF9, 0xDA,
  0x08, 0x00, 0x32, 0xB9, 0xEC, 0xFF, 0xFF, 0xE7, 0xAB, 0x22, 0x00, 0x00, 0x00, 0x00, 0x00, 0xEC,
  0xCC, 0x00, 0x00, 0x00, 0x00, 0x00, 0x00, 0x00, 0x00, 0xEC, 0xCC, 0x00, 0x00, 0x00, 0x00, 0x00,
  0x00, 0x00, 0x00, 0xEC, 0xCC, 0x00, 0x00, 0x00, 0x00, 0x59, 0xFF, 0x91, 0x00, 0x25, 0xF6, 0xBE,
  0x01, 0x00, 0xB0, 0xFE, 0x41, 0xC1, 0xF4, 0x22, 0x00, 0x00, 0x19, 0xEF, 0xF5, 0xFF, 0x6E, 0x00,
  0x00, 0x00, 0x00, 0xA4, 0xFF, 0xFC, 0x1A, 0x00, 0x00, 0x00, 0x36, 0xFD, 0xC5, 0xFF, 0xA8, 0x00,
  0x00, 0x05, 0xD3, 0xEB, 0x12, 0xA3, 0xFF, 0x48, 0x00, 0x7E, 0xFF, 0x62, 0x00, 0x15, 0xED, 0xDE,
  0x09, 0x38, 0xFF, 0x80, 0x00, 0x00, 0xD4, 0xE4, 0x00, 0x38, 0xFF, 0x80, 0x00, 0x00, 0xD4, 0xE4,
  0x00, 0x38, 0xFF, 0x80, 0x00, 0x00, 0xD4, 0xE4, 0x00, 0x38, 0xFF, 0x80, 0x00, 0x00, 0xD4, 0xE4,
  0x00, 0x38, 0xFF, 0x80, 0x00, 0x00, 0xD4, 0xE4, 0x00, 0x38, 0xFF, 0xB8, 0x70, 0x70, 0xE7, 0xF0,
  0x60, 0x38, 0xFF, 0xFF, 0xFF, 0xFF, 0xFF, 0xFF, 0xDC, 0x00, 0x00, 0x00, 0x00, 0x00, 0x00, 0xA4,
  0xDC, 0x00, 0x00, 0x00, 0x00, 0x00, 0x00, 0x5C, 0x7B, 0x6C, 0xFF, 0x4C, 0x00, 0x28, 0xFF, 0x90,
  0x6C, 0xFF, 0x4C, 0x00, 0x28, 0xFF, 0x90, 0x69, 0xFF, 0x4F, 0x00, 0x28, 0xFF, 0x90, 0x4B, 0xFF,
  0xA2, 0x28, 0x6A, 0xFF, 0x90, 0x05, 0xC9, 0xFF, 0xFF, 0xFA, 0xFF, 0x90, 0x00, 0x04, 0x38, 0x42,
  0x36, 0xFF, 0x90, 0x00, 0x00, 0x00, 0x00, 0x28, 0xFF, 0x90, 0x38, 0xFF, 0x80, 0x00, 0x78, 0xFF,
  0x40, 0x00, 0xB4, 0xFF, 0x04, 0x38, 0xFF, 0x80, 0x00, 0x78, 0xFF, 0x40, 0x00, 0xB4, 0xFF, 0x04,
  0x38, 0xFF, 0x80, 0x00, 0x78, 0xFF, 0x40, 0x00, 0xB4, 0xFF, 0x04, 0x38, 0xFF, 0x80, 0x00, 0x78,
  0xFF, 0x40, 0x00, 0xB4, 0xFF, 0x04, 0x38, 0xFF, 0x80, 0x00, 0x78, 0xFF, 0x40, 0x00, 0xB4, 0xFF,
  0x04, 0x38, 0xFF, 0xB8, 0x70, 0xB3, 0xFF, 0x94, 0x70, 0xD5, 0xFF, 0x04, 0x38, 0xFF, 0xFF, 0xFF,
  0xFF, 0xFF, 0xFF, 0xFF, 0xFF, 0xFF, 0x04, 0x38, 0xFF, 0x80, 0x00, 0x78, 0xFF, 0x40, 0x00, 0xB4,
  0xFF, 0x04, 0x38, 0xFF, 0x80, 0x00, 0x78, 0xFF, 0x40, 0x00, 0xB4, 0xFF, 0x04, 0x38, 0xFF, 0x80,
  0x00, 0x78, 0xFF, 0x40, 0x00, 0xB4, 0xFF, 0x04, 0x38, 0xFF, 0x80, 0x00, 0x78, 0xFF, 0x40, 0x00,
  0xB4, 0xFF, 0x04, 0x38, 0xFF, 0x80, 0x00, 0x78, 0xFF, 0x40, 0x00, 0xB4, 0xFF, 0x04, 0x38, 0xFF,
  0xB8, 0x70, 0xB3, 0xFF, 0x94, 0x70, 0xD5, 0xFF, 0x70, 0x38, 0xFF, 0xFF, 0xFF, 0xFF, 0xFF, 0xFF,
  0xFF, 0xFF, 0xFF, 0xFC, 0x00, 0x00, 0x00, 0x00, 0x00, 0x00, 0x00, 0x00, 0x00, 0x84, 0xFC, 0x00,
  0x00, 0x00, 0x00, 0x00, 0x00, 0x00, 0x00, 0x00, 0x4A, 0x8D, 0xBC, 0xFF, 0xFF, 0x88, 0x00, 0x00,
  0x00, 0x00, 0x55, 0x8E, 0xFF, 0x88, 0x00, 0x00, 0x00, 0x00, 0x00, 0x30, 0xFF, 0x98, 0x24, 0x15,
  0x00, 0x00, 0x00, 0x30, 0xFF, 0xFF, 0xFF, 0xFF, 0xD8, 0x26, 0x00, 0x30, 0xFF, 0xAD, 0x50, 0x78,
  0xFF, 0x96, 0x00, 0x30, 0xFF, 0xBE, 0x74, 0x9A, 0xFF, 0x8C, 0x00, 0x30, 0xFF, 0xFF, 0xFF, 0xF1,
  0xB3, 0x15, 0x38, 0xFF, 0x80, 0x00, 0x00, 0x00, 0x00, 0xE0, 0xD8, 0x00, 0x38, 0xFF, 0x80, 0x00,
  0x00, 0x00, 0x00, 0xE0, 0xD8, 0x00, 0x38, 0xFF, 0x8C, 0x16, 0x04, 0x00, 0x00, 0xE0, 0xD8, 0x00,
  0x38, 0xFF, 0xFF, 0xFF, 0xFC, 0xA3, 0x04, 0xE0, 0xD8, 0x00, 0x38, 0xFF, 0xA4, 0x4A, 0xA8, 0xFF,
  0x49, 0xE0, 0xD8, 0x00, 0x38, 0xFF, 0xB0, 0x62, 0xB8, 0xFF, 0x41, 0xE0, 0xD8, 0x00, 0x38, 0xFF,
  0xFF, 0xFE, 0xE8, 0x89, 0x00, 0xE0, 0xD8, 0x00, 0x38, 0xFF, 0x80, 0x00, 0x00, 0x00, 0x00, 0x38,
  0xFF, 0x80, 0x00, 0x00, 0x00, 0x00, 0x38, 0xFF, 0x8C, 0x17, 0x09, 0x00, 0x00, 0x38, 0xFF, 0xFF,
  0xFF, 0xFF, 0xCA, 0x1B, 0x38, 0xFF, 0xA4, 0x48, 0x7C, 0xFF, 0x89, 0x38, 0xFF, 0xB0, 0x60, 0x91,
  0xFF, 0x81, 0x38, 0xFF, 0xFF, 0xFF, 0xF1, 0xB0, 0x11, 0x00, 0x6B, 0xDC, 0xF9, 0xDA, 0x6D, 0x00,
  0x50, 0xFF, 0xCC, 0x7C, 0xC6, 0xFF, 0x66, 0x41, 0x74, 0x27, 0x24, 0x30, 0xFA, 0xC9, 0x00, 0x00,
  0x44, 0xFF, 0xFF, 0xFF, 0xDE, 0x29, 0x48, 0x26, 0x50, 0x55, 0xF9, 0xBE, 0x58, 0xFF, 0xCE, 0x7F,
  0xBC, 0xFF, 0x61, 0x00, 0x60, 0xDD, 0xF8, 0xD8, 0x6B, 0x00, 0x38, 0xFF, 0x80, 0x01, 0x79, 0xDF,
  0xF7, 0xCA, 0x44, 0x00, 0x38, 0xFF, 0x80, 0x77, 0xFF, 0xBB, 0x83, 0xE8, 0xF9, 0x2B, 0x38, 0xFF,
  0x92, 0xDB, 0xE2, 0x04, 0x00, 0x4C, 0xFF, 0x85, 0x38, 0xFF, 0xFF, 0xFF, 0xC0, 0x00, 0x00, 0x25,
  0xFF, 0x9B, 0x38, 0xFF, 0xA8, 0xEA, 0xE5, 0x05, 0x00, 0x51, 0xFF, 0x81, 0x38, 0xFF, 0x80, 0x92,
  0xFF, 0xBD, 0x83, 0xEA, 0xF7, 0x26, 0x38, 0xFF, 0x80, 0x07, 0x90, 0xE8, 0xF8, 0xCA, 0x42, 0x00,
  0x00, 0x6B, 0xDD, 0xFB, 0xFF, 0xFF, 0xC4, 0x00, 0x2F, 0xFF, 0xCB, 0x79, 0x74, 0xF9, 0xC4, 0x00,
  0x49, 0xFF, 0x99, 0x29, 0x24, 0xF5, 0xC4, 0x00, 0x06, 0xBC, 0xFF, 0xFF, 0xFF, 0xFF, 0xC4, 0x00,
  0x00, 0x1F, 0xF8, 0xBC, 0x50, 0xF7, 0xC4, 0x00, 0x00, 0xB1, 0xFC, 0x29, 0x00, 0xF4, 0xC4, 0x00,
  0x4D, 0xFF, 0x97, 0x00, 0x00, 0xF4, 0xC4, 0x00, 0x00, 0x00, 0x10, 0x00, 0x03, 0x0D, 0x00, 0x00,
  0x00, 0x77, 0xFF, 0x42, 0xB7, 0xF6, 0x0B, 0x00, 0x00, 0x0D, 0x3C, 0x03, 0x1B, 0x31, 0x00, 0x00,
  0x00, 0x37, 0xC2, 0xF6, 0xE1, 0x90, 0x0A, 0x00, 0x1C, 0xF2, 0xE8, 0x84, 0x96, 0xFC, 0x92, 0x00,
  0x71, 0xFF, 0x6D, 0x24, 0x24, 0xB8, 0xEE, 0x00, 0x88, 0xFF, 0xFF, 0xFF, 0xFF, 0xFF, 0xFF, 0x0E,
  0x6C, 0xFF, 0x8A, 0x50, 0x50, 0x52, 0x53, 0x06, 0x17, 0xED, 0xE4, 0x84, 0x84, 0xF1, 0xBC, 0x00,
  0x00, 0x2F, 0xBB, 0xF4, 0xEF, 0xAC, 0x18, 0x00, 0x11, 0x48, 0x32, 0x20, 0x47, 0x6F, 0x6C, 0x6F,
  0x73, 0x20, 0x53, 0x6D, 0x61, 0x6C, 0x6C, 0x20, 0x31, 0x33, 0x00, 0x11, 0x48, 0x32, 0x20, 0x47,
  0x6F, 0x6C, 0x6F, 0x73, 0x20, 0x53, 0x6D, 0x61, 0x6C, 0x6C, 0x20, 0x31, 0x33, 0x00, 0x01,
};

constexpr size_t H2GolosSmall13Size = sizeof(H2GolosSmall13);

const uint8_t H2GolosMedium19[] PROGMEM = {
  0x00, 0x00, 0x00, 0xA1, 0x00, 0x00, 0x00, 0x0B, 0x00, 0x00, 0x00, 0x13, 0x00, 0x00, 0x00, 0x00,
  0x00, 0x00, 0x00, 0x11, 0x00, 0x00, 0x00, 0x04, 0x00, 0x00, 0x00, 0x20, 0x00, 0x00, 0x00, 0x00,
  0x00, 0x00, 0x00, 0x00, 0x00, 0x00, 0x00, 0x05, 0x00, 0x00, 0x00, 0x00, 0x00, 0x00, 0x00, 0x00,
  0x00, 0x00, 0x00, 0x00, 0x00, 0x00, 0x00, 0x21, 0x00, 0x00, 0x00, 0x0D, 0x00, 0x00, 0x00, 0x06,
  0x00, 0x00, 0x00, 0x06, 0x00, 0x00, 0x00, 0x0D, 0x00, 0x00, 0x00, 0x00, 0x00, 0x00, 0x00, 0x00,
  0x00, 0x00, 0x00, 0x22, 0x00, 0x00, 0x00, 0x0D, 0x00, 0x00, 0x00, 0x08, 0x00, 0x00, 0x00, 0x08,
  0x00, 0x00, 0x00, 0x0D, 0x00, 0x00, 0x00, 0x00, 0x00, 0x00, 0x00, 0x00, 0x00, 0x00, 0x00, 0x23,
  0x00, 0x00, 0x00, 0x0D, 0x00, 0x00, 0x00, 0x0D, 0x00, 0x00, 0x00, 0x0D, 0x00, 0x00, 0x00, 0x0D,
  0x00, 0x00, 0x00, 0x00, 0x00, 0x00, 0x00, 0x00, 0x00, 0x00, 0x00, 0x24, 0x00, 0x00, 0x00, 0x11,
  0x00, 0x00, 0x00, 0x0D, 0x00, 0x00, 0x00, 0x0D, 0x00, 0x00, 0x00, 0x0F, 0x00, 0x00, 0x00, 0x00,
  0x00, 0x00, 0x00, 0x00, 0x00, 0x00, 0x00, 0x25, 0x00, 0x00, 0x00, 0x0E, 0x00, 0x00, 0x00, 0x10,
  0x00, 0x00, 0x00, 0x10, 0x00, 0x00, 0x00, 0x0E, 0x00, 0x00, 0x00, 0x00, 0x00, 0x00, 0x00, 0x00,
  0x00, 0x00, 0x00, 0x26, 0x00, 0x00, 0x00, 0x0D, 0x00, 0x00, 0x00, 0x0E, 0x00, 0x00, 0x00, 0x0D,
  0x00, 0x00, 0x00, 0x0D, 0x00, 0x00, 0x00, 0x00, 0x00, 0x00, 0x00, 0x00, 0x00, 0x00, 0x00, 0x27,
  0x00, 0x00, 0x00, 0x0D, 0x00, 0x00, 0x00, 0x04, 0x00, 0x00, 0x00, 0x04, 0x00, 0x00, 0x00, 0x0D,
  0x00, 0x00, 0x00, 0x00, 0x00, 0x00, 0x00, 0x00, 0x00, 0x00, 0x00, 0x28, 0x00, 0x00, 0x00, 0x11,
  0x00, 0x00, 0x00, 0x08, 0x00, 0x00, 0x00, 0x07, 0x00, 0x00, 0x00, 0x0D, 0x00, 0x00, 0x00, 0x00,
  0x00, 0x00, 0x00, 0x00, 0x00, 0x00, 0x00, 0x29, 0x00, 0x00, 0x00, 0x11, 0x00, 0x00, 0x00, 0x07,
  0x00, 0x00, 0x00, 0x07, 0x00, 0x00, 0x00, 0x0D, 0x00, 0x00, 0x00, 0x00, 0x00, 0x00, 0x00, 0x00,
  0x00, 0x00, 0x00, 0x2A, 0x00, 0x00, 0x00, 0x0D, 0x00, 0x00, 0x00, 0x09, 0x00, 0x00, 0x00, 0x09,
  0x00, 0x00, 0x00, 0x0D, 0x00, 0x00, 0x00, 0x00, 0x00, 0x00, 0x00, 0x00, 0x00, 0x00, 0x00, 0x2B,
  0x00, 0x00, 0x00, 0x0B, 0x00, 0x00, 0x00, 0x0B, 0x00, 0x00, 0x00, 0x0B, 0x00, 0x00, 0x00, 0x0B,
  0x00, 0x00, 0x00, 0x00, 0x00, 0x00, 0x00, 0x00, 0x00, 0x00, 0x00, 0x2C, 0x00, 0x00, 0x00, 0x05,
  0x00, 0x00, 0x00, 0x06, 0x00, 0x00, 0x00, 0x06, 0x00, 0x00, 0x00, 0x02, 0x00, 0x00, 0x00, 0x00,
  0x00, 0x00, 0x00, 0x00, 0x00, 0x00, 0x00, 0x2D, 0x00, 0x00, 0x00, 0x07, 0x00, 0x00, 0x00, 0x07,
  0x00, 0x00, 0x00, 0x07, 0x00, 0x00, 0x00, 0x07, 0x00, 0x00, 0x00, 0x00, 0x00, 0x00, 0x00, 0x00,
  0x00, 0x00, 0x00, 0x2E, 0x00, 0x00, 0x00, 0x03, 0x00, 0x00, 0x00, 0x06, 0x00, 0x00, 0x00, 0x06,
  0x00, 0x00, 0x00, 0x03, 0x00, 0x00, 0x00, 0x00, 0x00, 0x00, 0x00, 0x00, 0x00, 0x00, 0x00, 0x2F,
  0x00, 0x00, 0x00, 0x11, 0x00, 0x00, 0x00, 0x09, 0x00, 0x00, 0x00, 0x09, 0x00, 0x00, 0x00, 0x0D,
  0x00, 0x00, 0x00, 0x00, 0x00, 0x00, 0x00, 0x00, 0x00, 0x00, 0x00, 0x30, 0x00, 0x00, 0x00, 0x0D,
  0x00, 0x00, 0x00, 0x0C, 0x00, 0x00, 0x00, 0x0C, 0x00, 0x00, 0x00, 0x0D, 0x00, 0x00, 0x00, 0x00,
  0x00, 0x00, 0x00, 0x00, 0x00, 0x00, 0x00, 0x31, 0x00, 0x00, 0x00, 0x0D, 0x00, 0x00, 0x00, 0x0A,
  0x00, 0x00, 0x00, 0x0A, 0x00, 0x00, 0x00, 0x0D, 0x00, 0x00, 0x00, 0x00, 0x00, 0x00, 0x00, 0x00,
  0x00, 0x00, 0x00, 0x32, 0x00, 0x00, 0x00, 0x0D, 0x00, 0x00, 0x00, 0x0B, 0x00, 0x00, 0x00, 0x0B,
  0x00, 0x00, 0x00, 0x0D, 0x00, 0x00, 0x00, 0x00, 0x00, 0x00, 0x00, 0x00, 0x00, 0x00, 0x00, 0x33,
  0x00, 0x00, 0x00, 0x0D, 0x00, 0x00, 0x00, 0x0C, 0x00, 0x00, 0x00, 0x0C, 0x00, 0x00, 0x00, 0x0D,
  0x00, 0x00, 0x00, 0x00, 0x00, 0x00, 0x00, 0x00, 0x00, 0x00, 0x00, 0x34, 0x00, 0x00, 0x00, 0x0D,
  0x00, 0x00, 0x00, 0x0C, 0x00, 0x00, 0x00, 0x0C, 0x00, 0x00, 0x00, 0x0D, 0x00, 0x00, 0x00, 0x00,
  0x00, 0x00, 0x00, 0x00, 0x00, 0x00, 0x00, 0x35, 0x00, 0x00, 0x00, 0x0D, 0x00, 0x00, 0x00, 0x0B,
  0x00, 0x00, 0x00, 0x0B, 0x00, 0x00, 0x00, 0x0D, 0x00, 0x00, 0x00, 0x00, 0x00, 0x00, 0x00, 0x00,
  0x00, 0x00, 0x00, 0x36, 0x00, 0x00, 0x00, 0x0D, 0x00, 0x00, 0x00, 0x0C, 0x00, 0x00, 0x00, 0x0C,
  0x00, 0x00, 0x00, 0x0D, 0x00, 0x00, 0x00, 0x00, 0x00, 0x00, 0x00, 0x00, 0x00, 0x00, 0x00, 0x37,
  0x00, 0x00, 0x00, 0x0D, 0x00, 0x00, 0x00, 0x0A, 0x00, 0x00, 0x00, 0x0A, 0x00, 0x00, 0x00, 0x0D,
  0x00, 0x00, 0x00, 0x00, 0x00, 0x00, 0x00, 0x00, 0x00, 0x00, 0x00, 0x38, 0x00, 0x00, 0x00, 0x0D,
  0x00, 0x00, 0x00, 0x0C, 0x00, 0x00, 0x00, 0x0C, 0x00, 0x00, 0x00, 0x0D, 0x00, 0x00, 0x00, 0x00,
  0x00, 0x00, 0x00, 0x00, 0x00, 0x00, 0x00, 0x39, 0x00, 0x00, 0x00, 0x0D, 0x00, 0x00, 0x00, 0x0C,
  0x00, 0x00, 0x00, 0x0C, 0x00, 0x00, 0x00, 0x0D, 0x00, 0x00, 0x00, 0x00, 0x00, 0x00, 0x00, 0x00,
  0x00, 0x00, 0x00, 0x3A, 0x00, 0x00, 0x00, 0x0A, 0x00, 0x00, 0x00, 0x06, 0x00, 0x00, 0x00, 0x06,
  0x00, 0x00, 0x00, 0x0A, 0x00, 0x00, 0x00, 0x00, 0x00, 0x00, 0x00, 0x00, 0x00, 0x00, 0x00, 0x3B,
  0x00, 0x00, 0x00, 0x0D, 0x00, 0x00, 0x00, 0x06, 0x00, 0x00, 0x00, 0x06, 0x00, 0x00, 0x00, 0x0A,
  0x00, 0x00, 0x00, 0x00, 0x00, 0x00, 0x00, 0x00, 0x00, 0x00, 0x00, 0x3C, 0x00, 0x00, 0x00, 0x0C,
  0x00, 0x00, 0x00, 0x0B, 0x00, 0x00, 0x00, 0x0B, 0x00, 0x00, 0x00, 0x0C, 0x00, 0x00, 0x00, 0x00,
  0x00, 0x00, 0x00, 0x00, 0x00, 0x00, 0x00, 0x3D, 0x00, 0x00, 0x00, 0x0A, 0x00, 0x00, 0x00, 0x0B,
  0x00, 0x00, 0x00, 0x0B, 0x00, 0x00, 0x00, 0x0A, 0x00, 0x00, 0x00, 0x00, 0x00, 0x00, 0x00, 0x00,
  0x00, 0x00, 0x00, 0x3E, 0x00, 0x00, 0x00, 0x0C, 0x00, 0x00, 0x00, 0x0B, 0x00, 0x00, 0x00, 0x0B,
  0x00, 0x00, 0x00, 0x0C, 0x00, 0x00, 0x00, 0x00, 0x00, 0x00, 0x00, 0x00, 0x00, 0x00, 0x00, 0x3F,
  0x00, 0x00, 0x00, 0x0D, 0x00, 0x00, 0x00, 0x0A, 0x00, 0x00, 0x00, 0x0A, 0x00, 0x00, 0x00, 0x0D,
  0x00, 0x00, 0x00, 0x00, 0x00, 0x00, 0x00, 0x00, 0x00, 0x00, 0x00, 0x40, 0x00, 0x00, 0x00, 0x11,
  0x00, 0x00, 0x00, 0x13, 0x00, 0x00, 0x00, 0x13, 0x00, 0x00, 0x00, 0x0D, 0x00, 0x00, 0x00, 0x00,
  0x00, 0x00, 0x00, 0x00, 0x00, 0x00, 0x00, 0x41, 0x00, 0x00, 0x00, 0x0D, 0x00, 0x00, 0x00, 0x0D,
  0x00, 0x00, 0x00, 0x0D, 0x00, 0x00, 0x00, 0x0D, 0x00, 0x00, 0x00, 0x00, 0x00, 0x00, 0x00, 0x00,
  0x00, 0x00, 0x00, 0x42, 0x00, 0x00, 0x00, 0x0D, 0x00, 0x00, 0x00, 0x0D, 0x00, 0x00, 0x00, 0x0D,
  0x00, 0x00, 0x00, 0x0D, 0x00, 0x00, 0x00, 0x00, 0x00, 0x00, 0x00, 0x00, 0x00, 0x00, 0x00, 0x43,
  0x00, 0x00, 0x00, 0x0D, 0x00, 0x00, 0x00, 0x0D, 0x00, 0x00, 0x00, 0x0D, 0x00, 0x00, 0x00, 0x0D,
  0x00, 0x00, 0x00, 0x00, 0x00, 0x00, 0x00, 0x00, 0x00, 0x00, 0x00, 0x44, 0x00, 0x00, 0x00, 0x0D,
  0x00, 0x00, 0x00, 0x0D, 0x00, 0x00, 0x00, 0x0D, 0x00, 0x00, 0x00, 0x0D, 0x00, 0x00, 0x00, 0x00,
  0x00, 0x00, 0x00, 0x00, 0x00, 0x00, 0x00, 0x45, 0x00, 0x00, 0x00, 0x0D, 0x00, 0x00, 0x00, 0x0C,
  0x00, 0x00, 0x00, 0x0C, 0x00, 0x00, 0x00, 0x0D, 0x00, 0x00, 0x00, 0x00, 0x00, 0x00, 0x00, 0x00,
  0x00, 0x00, 0x00, 0x46, 0x00, 0x00, 0x00, 0x0D, 0x00, 0x00, 0x00, 0x0B, 0x00, 0x00, 0x00, 0x0B,
  0x00, 0x00, 0x00, 0x0D, 0x00, 0x00, 0x00, 0x00, 0x00, 0x00, 0x00, 0x00, 0x00, 0x00, 0x00, 0x47,
  0x00, 0x00, 0x00, 0x0D, 0x00, 0x00, 0x00, 0x0E, 0x00, 0x00, 0x00, 0x0E, 0x00, 0x00, 0x00, 0x0D,
  0x00, 0x00, 0x00, 0x00, 0x00, 0x00, 0x00, 0x00, 0x00, 0x00, 0x00, 0x48, 0x00, 0x00, 0x00, 0x0D,
  0x00, 0x00, 0x00, 0x0E, 0x00, 0x00, 0x00, 0x0E, 0x00, 0x00, 0x00, 0x0D, 0x00, 0x00, 0x00, 0x00,
  0x00, 0x00, 0x00, 0x00, 0x00, 0x00, 0x00, 0x49, 0x00, 0x00, 0x00, 0x0D, 0x00, 0x00, 0x00, 0x06,
  0x00, 0x00, 0x00, 0x06, 0x00, 0x00, 0x00, 0x0D, 0x00, 0x00, 0x00, 0x00, 0x00, 0x00, 0x00, 0x00,
  0x00, 0x00, 0x00, 0x4A, 0x00, 0x00, 0x00, 0x0D, 0x00, 0x00, 0x00, 0x0B, 0x00, 0x00, 0x00, 0x0B,
  0x00, 0x00, 0x00, 0x0D, 0x00, 0x00, 0x00, 0x00, 0x00, 0x00, 0x00, 0x00, 0x00, 0x00, 0x00, 0x4B,
  0x00, 0x00, 0x00, 0x0D, 0x00, 0x00, 0x00, 0x0D, 0x00, 0x00, 0x00, 0x0D, 0x00, 0x00, 0x00, 0x0D,
  0x00, 0x00, 0x00, 0x00, 0x00, 0x00, 0x00, 0x00, 0x00, 0x00, 0x00, 0x4C, 0x00, 0x00, 0x00, 0x0D,
  0x00, 0x00, 0x00, 0x0B, 0x00, 0x00, 0x00, 0x0B, 0x00, 0x00, 0x00, 0x0D, 0x00, 0x00, 0x00, 0x00,
  0x00, 0x00, 0x00, 0x00, 0x00, 0x00, 0x00, 0x4D, 0x00, 0x00, 0x00, 0x0D, 0x00, 0x00, 0x00, 0x11,
  0x00, 0x00, 0x00, 0x11, 0x00, 0x00, 0x00, 0x0D, 0x00, 0x00, 0x00, 0x00, 0x00, 0x00, 0x00, 0x00,
  0x00, 0x00, 0x00, 0x4E, 0x00, 0x00, 0x00, 0x0D, 0x00, 0x00, 0x00, 0x0E, 0x00, 0x00, 0x00, 0x0E,
  0x00, 0x00, 0x00, 0x0D, 0x00, 0x00, 0x00, 0x00, 0x00, 0x00, 0x00, 0x00, 0x00, 0x00, 0x00, 0x4F,
  0x00, 0x00, 0x00, 0x0D, 0x00, 0x00, 0x00, 0x0E, 0x00, 0x00, 0x00, 0x0E, 0x00, 0x00, 0x00, 0x0D,
  0x00, 0x00, 0x00, 0x00, 0x00, 0x00, 0x00, 0x00, 0x00, 0x00, 0x00, 0x50, 0x00, 0x00, 0x00, 0x0D,
  0x00, 0x00, 0x00, 0x0D, 0x00, 0x00, 0x00, 0x0D, 0x00, 0x00, 0x00, 0x0D, 0x00, 0x00, 0x00, 0x00,
  0x00, 0x00, 0x00, 0x00, 0x00, 0x00, 0x00, 0x51, 0x00, 0x00, 0x00, 0x0E, 0x00, 0x00, 0x00, 0x0E,
  0x00, 0x00, 0x00, 0x0E, 0x00, 0x00, 0x00, 0x0D, 0x00, 0x00, 0x00, 0x00, 0x00, 0x00, 0x00, 0x00,
  0x00, 0x00, 0x00, 0x52, 0x00, 0x00, 0x00, 0x0D, 0x00, 0x00, 0x00, 0x0D, 0x00, 0x00, 0x00, 0x0D,
  0x00, 0x00, 0x00, 0x0D, 0x00, 0x00, 0x00, 0x00, 0x00, 0x00, 0x00, 0x00, 0x00, 0x00, 0x00, 0x53,
  0x00, 0x00, 0x00, 0x0D, 0x00, 0x00, 0x00, 0x0D, 0x00, 0x00, 0x00, 0x0D, 0x00, 0x00, 0x00, 0x0D,
  0x00, 0x00, 0x00, 0x00, 0x00, 0x00, 0x00, 0x00, 0x00, 0x00, 0x00, 0x54, 0x00, 0x00, 0x00, 0x0D,
  0x00, 0x00, 0x00, 0x0C, 0x00, 0x00, 0x00, 0x0C, 0x00, 0x00, 0x00, 0x0D, 0x00, 0x00, 0x00, 0x00,
  0x00, 0x00, 0x00, 0x00, 0x00, 0x00, 0x00, 0x55, 0x00, 0x00, 0x00, 0x0D, 0x00, 0x00, 0x00, 0x0E,
  0x00, 0x00, 0x00, 0x0E, 0x00, 0x00, 0x00, 0x0D, 0x00, 0x00, 0x00, 0x00, 0x00, 0x00, 0x00, 0x00,
  0x00, 0x00, 0x00, 0x56, 0x00, 0x00, 0x00, 0x0D, 0x00, 0x00, 0x00, 0x0D, 0x00, 0x00, 0x00, 0x0D,
  0x00, 0x00, 0x00, 0x0D, 0x00, 0x00, 0x00, 0x00, 0x00, 0x00, 0x00, 0x00, 0x00, 0x00, 0x00, 0x57,
  0x00, 0x00, 0x00, 0x0D, 0x00, 0x00, 0x00, 0x13, 0x00, 0x00, 0x00, 0x13, 0x00, 0x00, 0x00, 0x0D,
  0x00, 0x00, 0x00, 0x00, 0x00, 0x00, 0x00, 0x00, 0x00, 0x00, 0x00, 0x58, 0x00, 0x00, 0x00, 0x0D,
  0x00, 0x00, 0x00, 0x0D, 0x00, 0x00, 0x00, 0x0D, 0x00, 0x00, 0x00, 0x0D, 0x00, 0x00, 0x00, 0x00,
  0x00, 0x00, 0x00, 0x00, 0x00, 0x00, 0x00, 0x59, 0x00, 0x00, 0x00, 0x0D, 0x00, 0x00, 0x00, 0x0D,
  0x00, 0x00, 0x00, 0x0D, 0x00, 0x00, 0x00, 0x0D, 0x00, 0x00, 0x00, 0x00, 0x00, 0x00, 0x00, 0x00,
  0x00, 0x00, 0x00, 0x5A, 0x00, 0x00, 0x00, 0x0D, 0x00, 0x00, 0x00, 0x0C, 0x00, 0x00, 0x00, 0x0C,
  0x00, 0x00, 0x00, 0x0D, 0x00, 0x00, 0x00, 0x00, 0x00, 0x00, 0x00, 0x00, 0x00, 0x00, 0x00, 0x5B,
  0x00, 0x00, 0x00, 0x11, 0x00, 0x00, 0x00, 0x07, 0x00, 0x00, 0x00, 0x07, 0x00, 0x00, 0x00, 0x0D,
  0x00, 0x00, 0x00, 0x00, 0x00, 0x00, 0x00, 0x00, 0x00, 0x00, 0x00, 0x5C, 0x00, 0x00, 0x00, 0x11,
  0x00, 0x00, 0x00, 0x09, 0x00, 0x00, 0x00, 0x09, 0x00, 0x00, 0x00, 0x0D, 0x00, 0x00, 0x00, 0x00,
  0x00, 0x00, 0x00, 0x00, 0x00, 0x00, 0x00, 0x5D, 0x00, 0x00, 0x00, 0x11, 0x00, 0x00, 0x00, 0x07,
  0x00, 0x00, 0x00, 0x07, 0x00, 0x00, 0x00, 0x0D, 0x00, 0x00, 0x00, 0x00, 0x00, 0x00, 0x00, 0x00,
  0x00, 0x00, 0x00, 0x5E, 0x00, 0x00, 0x00, 0x0D, 0x00, 0x00, 0x00, 0x0B, 0x00, 0x00, 0x00, 0x0B,
  0x00, 0x00, 0x00, 0x0D, 0x00, 0x00, 0x00, 0x00, 0x00, 0x00, 0x00, 0x00, 0x00, 0x00, 0x00, 0x5F,
  0x00, 0x00, 0x00, 0x03, 0x00, 0x00, 0x00, 0x0A, 0x00, 0x00, 0x00, 0x0A, 0x00, 0x00, 0x00, 0x00,
  0x00, 0x00, 0x00, 0x00, 0x00, 0x00, 0x00, 0x00, 0x00, 0x00, 0x00, 0x60, 0x00, 0x00, 0x00, 0x0E,
  0x00, 0x00, 0x00, 0x06, 0x00, 0x00, 0x00, 0x06, 0x00, 0x00, 0x00, 0x0E, 0x00, 0x00, 0x00, 0x00,
  0x00, 0x00, 0x00, 0x00, 0x00, 0x00, 0x00, 0x61, 0x00, 0x00, 0x00, 0x0A, 0x00, 0x00, 0x00, 0x0B,
  0x00, 0x00, 0x00, 0x0B, 0x00, 0x00, 0x00, 0x0A, 0x00, 0x00, 0x00, 0x00, 0x00, 0x00, 0x00, 0x00,
  0x00, 0x00, 0x00, 0x62, 0x00, 0x00, 0x00, 0x0D, 0x00, 0x00, 0x00, 0x0C, 0x00, 0x00, 0x00, 0x0C,
  0x00, 0x00, 0x00, 0x0D, 0x00, 0x00, 0x00, 0x00, 0x00, 0x00, 0x00, 0x00, 0x00, 0x00, 0x00, 0x63,
  0x00, 0x00, 0x00, 0x0A, 0x00, 0x00, 0x00, 0x0B, 0x00, 0x00, 0x00, 0x0B, 0x00, 0x00, 0x00, 0x0A,
  0x00, 0x00, 0x00, 0x00, 0x00, 0x00, 0x00, 0x00, 0x00, 0x00, 0x00, 0x64, 0x00, 0x00, 0x00, 0x0D,
  0x00, 0x00, 0x00, 0x0C, 0x00, 0x00, 0x00, 0x0C, 0x00, 0x00, 0x00, 0x0D, 0x00, 0x00, 0x00, 0x00,
  0x00, 0x00, 0x00, 0x00, 0x00, 0x00, 0x00, 0x65, 0x00, 0x00, 0x00, 0x0A, 0x00, 0x00, 0x00, 0x0B,
  0x00, 0x00, 0x00, 0x0B, 0x00, 0x00, 0x00, 0x0A, 0x00, 0x00, 0x00, 0x00, 0x00, 0x00, 0x00, 0x00,
  0x00, 0x00, 0x00, 0x66, 0x00, 0x00, 0x00, 0x0D, 0x00, 0x00, 0x00, 0x07, 0x00, 0x00, 0x00, 0x07,
  0x00, 0x00, 0x00, 0x0D, 0x00, 0x00, 0x00, 0x00, 0x00, 0x00, 0x00, 0x00, 0x00, 0x00, 0x00, 0x67,
  0x00, 0x00, 0x00, 0x0E, 0x00, 0x00, 0x00, 0x0C, 0x00, 0x00, 0x00, 0x0C, 0x00, 0x00, 0x00, 0x0A,
  0x00, 0x00, 0x00, 0x00, 0x00, 0x00, 0x00, 0x00, 0x00, 0x00, 0x00, 0x68, 0x00, 0x00, 0x00, 0x0D,
  0x00, 0x00, 0x00, 0x0C, 0x00, 0x00, 0x00, 0x0C, 0x00, 0x00, 0x00, 0x0D, 0x00, 0x00, 0x00, 0x00,
  0x00, 0x00, 0x00, 0x00, 0x00, 0x00, 0x00, 0x69, 0x00, 0x00, 0x00, 0x0E, 0x00, 0x00, 0x00, 0x05,
  0x00, 0x00, 0x00, 0x05, 0x00, 0x00, 0x00, 0x0E, 0x00, 0x00, 0x00, 0x00, 0x00, 0x00, 0x00, 0x00,
  0x00, 0x00, 0x00, 0x6A, 0x00, 0x00, 0x00, 0x12, 0x00, 0x00, 0x00, 0x06, 0x00, 0x00, 0x00, 0x05,
  0x00, 0x00, 0x00, 0x0E, 0xFF, 0xFF, 0xFF, 0xFF, 0x00, 0x00, 0x00, 0x00, 0x00, 0x00, 0x00, 0x6B,
  0x00, 0x00, 0x00, 0x0D, 0x00, 0x00, 0x00, 0x0B, 0x00, 0x00, 0x00, 0x0B, 0x00, 0x00, 0x00, 0x0D,
  0x00, 0x00, 0x00, 0x00, 0x00, 0x00, 0x00, 0x00, 0x00, 0x00, 0x00, 0x6C, 0x00, 0x00, 0x00, 0x0D,
  0x00, 0x00, 0x00, 0x06, 0x00, 0x00, 0x00, 0x06, 0x00, 0x00, 0x00, 0x0D, 0x00, 0x00, 0x00, 0x00,
  0x00, 0x00, 0x00, 0x00, 0x00, 0x00, 0x00, 0x6D, 0x00, 0x00, 0x00, 0x0A, 0x00, 0x00, 0x00, 0x11,
  0x00, 0x00, 0x00, 0x11, 0x00, 0x00, 0x00, 0x0A, 0x00, 0x00, 0x00, 0x00, 0x00, 0x00, 0x00, 0x00,
  0x00, 0x00, 0x00, 0x6E, 0x00, 0x00, 0x00, 0x0A, 0x00, 0x00, 0x00, 0x0C, 0x00, 0x00, 0x00, 0x0C,
  0x00, 0x00, 0x00, 0x0A, 0x00, 0x00, 0x00, 0x00, 0x00, 0x00, 0x00, 0x00, 0x00, 0x00, 0x00, 0x6F,
  0x00, 0x00, 0x00, 0x0A, 0x00, 0x00, 0x00, 0x0B, 0x00, 0x00, 0x00, 0x0B, 0x00, 0x00, 0x00, 0x0A,
  0x00, 0x00, 0x00, 0x00, 0x00, 0x00, 0x00, 0x00, 0x00, 0x00, 0x00, 0x70, 0x00, 0x00, 0x00, 0x0E,
  0x00, 0x00, 0x00, 0x0C, 0x00, 0x00, 0x00, 0x0C, 0x00, 0x00, 0x00, 0x0A, 0x00, 0x00, 0x00, 0x00,
  0x00, 0x00, 0x00, 0x00, 0x00, 0x00, 0x00, 0x71, 0x00, 0x00, 0x00, 0x0E, 0x00, 0x00, 0x00, 0x0C,
  0x00, 0x00, 0x00, 0x0C, 0x00, 0x00, 0x00, 0x0A, 0x00, 0x00, 0x00, 0x00, 0x00, 0x00, 0x00, 0x00,
  0x00, 0x00, 0x00, 0x72, 0x00, 0x00, 0x00, 0x0B, 0x00, 0x00, 0x00, 0x08, 0x00, 0x00, 0x00, 0x07,
  0x00, 0x00, 0x00, 0x0B, 0x00, 0x00, 0x00, 0x00, 0x00, 0x00, 0x00, 0x00, 0x00, 0x00, 0x00, 0x73,
  0x00, 0x00, 0x00, 0x0A, 0x00, 0x00, 0x00, 0x0A, 0x00, 0x00, 0x00, 0x0A, 0x00, 0x00, 0x00, 0x0A,
  0x00, 0x00, 0x00, 0x00, 0x00, 0x00, 0x00, 0x00, 0x00, 0x00, 0x00, 0x74, 0x00, 0x00, 0x00, 0x0C,
  0x00, 0x00, 0x00, 0x08, 0x00, 0x00, 0x00, 0x08, 0x00, 0x00, 0x00, 0x0C, 0x00, 0x00, 0x00, 0x00,
  0x00, 0x00, 0x00, 0x00, 0x00, 0x00, 0x00, 0x75, 0x00, 0x00, 0x00, 0x0A, 0x00, 0x00, 0x00, 0x0B,
  0x00, 0x00, 0x00, 0x0B, 0x00, 0x00, 0x00, 0x0A, 0x00, 0x00, 0x00, 0x00, 0x00, 0x00, 0x00, 0x00,
  0x00, 0x00, 0x00, 0x76, 0x00, 0x00, 0x00, 0x0A, 0x00, 0x00, 0x00, 0x0B, 0x00, 0x00, 0x00, 0x0B,
  0x00, 0x00, 0x00, 0x0A, 0x00, 0x00, 0x00, 0x00, 0x00, 0x00, 0x00, 0x00, 0x00, 0x00, 0x00, 0x77,
  0x00, 0x00, 0x00, 0x0A, 0x00, 0x00, 0x00, 0x10, 0x00, 0x00, 0x00, 0x10, 0x00, 0x00, 0x00, 0x0A,
  0x00, 0x00, 0x00, 0x00, 0x00, 0x00, 0x00, 0x00, 0x00, 0x00, 0x00, 0x78, 0x00, 0x00, 0x00, 0x0A,
  0x00, 0x00, 0x00, 0x0B, 0x00, 0x00, 0x00, 0x0B, 0x00, 0x00, 0x00, 0x0A, 0x00, 0x00, 0x00, 0x00,
  0x00, 0x00, 0x00, 0x00, 0x00, 0x00, 0x00, 0x79, 0x00, 0x00, 0x00, 0x0E, 0x00, 0x00, 0x00, 0x0B,
  0x00, 0x00, 0x00, 0x0B, 0x00, 0x00, 0x00, 0x0A, 0x00, 0x00, 0x00, 0x00, 0x00, 0x00, 0x00, 0x00,
  0x00, 0x00, 0x00, 0x7A, 0x00, 0x00, 0x00, 0x0A, 0x00, 0x00, 0x00, 0x0A, 0x00, 0x00, 0x00, 0x0A,
  0x00, 0x00, 0x00, 0x0A, 0x00, 0x00, 0x00, 0x00, 0x00, 0x00, 0x00, 0x00, 0x00, 0x00, 0x00, 0x7B,
  0x00, 0x00, 0x00, 0x11, 0x00, 0x00, 0x00, 0x07, 0x00, 0x00, 0x00, 0x07, 0x00, 0x00, 0x00, 0x0D,
  0x00, 0x00, 0x00, 0x00, 0x00, 0x00, 0x00, 0x00, 0x00, 0x00, 0x00, 0x7C, 0x00, 0x00, 0x00, 0x11,
  0x00, 0x00, 0x00, 0x06, 0x00, 0x00, 0x00, 0x06, 0x00, 0x00, 0x00, 0x0D, 0x00, 0x00, 0x00, 0x00,
  0x00, 0x00, 0x00, 0x00, 0x00, 0x00, 0x00, 0x7D, 0x00, 0x00, 0x00, 0x11, 0x00, 0x00, 0x00, 0x07,
  0x00, 0x00, 0x00, 0x07, 0x00, 0x00, 0x00, 0x0D, 0x00, 0x00, 0x00, 0x00, 0x00, 0x00, 0x00, 0x00,
  0x00, 0x00, 0x00, 0x7E, 0x00, 0x00, 0x00, 0x09, 0x00, 0x00, 0x00, 0x0B, 0x00, 0x00, 0x00, 0x0B,
  0x00, 0x00, 0x00, 0x09, 0x00, 0x00, 0x00, 0x00, 0x00, 0x00, 0x00, 0x00, 0x00, 0x00, 0x04, 0x01,
  0x00, 0x00, 0x00, 0x11, 0x00, 0x00, 0x00, 0x0C, 0x00, 0x00, 0x00, 0x0C, 0x00, 0x00, 0x00, 0x11,
  0x00, 0x00, 0x00, 0x00, 0x00, 0x00, 0x00, 0x00, 0x00, 0x00, 0x04, 0x10, 0x00, 0x00, 0x00, 0x0D,
  0x00, 0x00, 0x00, 0x0D, 0x00, 0x00, 0x00, 0x0D, 0x00, 0x00, 0x00, 0x0D, 0x00, 0x00, 0x00, 0x00,
  0x00, 0x00, 0x00, 0x00, 0x00, 0x00, 0x04, 0x11, 0x00, 0x00, 0x00, 0x0D, 0x00, 0x00, 0x00, 0x0D,
  0x00, 0x00, 0x00, 0x0D, 0x00, 0x00, 0x00, 0x0D, 0x00, 0x00, 0x00, 0x00, 0x00, 0x00, 0x00, 0x00,
  0x00, 0x00, 0x04, 0x12, 0x00, 0x00, 0x00, 0x0D, 0x00, 0x00, 0x00, 0x0D, 0x00, 0x00, 0x00, 0x0D,
  0x00, 0x00, 0x00, 0x0D, 0x00, 0x00, 0x00, 0x00, 0x00, 0x00, 0x00, 0x00, 0x00, 0x00, 0x04, 0x13,
  0x00, 0x00, 0x00, 0x0D, 0x00, 0x00, 0x00, 0x0B, 0x00, 0x00, 0x00, 0x0B, 0x00, 0x00, 0x00, 0x0D,
  0x00, 0x00, 0x00, 0x00, 0x00, 0x00, 0x00, 0x00, 0x00, 0x00, 0x04, 0x14, 0x00, 0x00, 0x00, 0x10,
  0x00, 0x00, 0x00, 0x0E, 0x00, 0x00, 0x00, 0x0E, 0x00, 0x00, 0x00, 0x0D, 0x00, 0x00, 0x00, 0x00,
  0x00, 0x00, 0x00, 0x00, 0x00, 0x00, 0x04, 0x15, 0x00, 0x00, 0x00, 0x0D, 0x00, 0x00, 0x00, 0x0C,
  0x00, 0x00, 0x00, 0x0C, 0x00, 0x00, 0x00, 0x0D, 0x00, 0x00, 0x00, 0x00, 0x00, 0x00, 0x00, 0x00,
  0x00, 0x00, 0x04, 0x16, 0x00, 0x00, 0x00, 0x0D, 0x00, 0x00, 0x00, 0x13, 0x00, 0x00, 0x00, 0x13,
  0x00, 0x00, 0x00, 0x0D, 0x00, 0x00, 0x00, 0x00, 0x00, 0x00, 0x00, 0x00, 0x00, 0x00, 0x04, 0x17,
  0x00, 0x00, 0x00, 0x0D, 0x00, 0x00, 0x00, 0x0C, 0x00, 0x00, 0x00, 0x0C, 0x00, 0x00, 0x00, 0x0D,
  0x00, 0x00, 0x00, 0x00, 0x00, 0x00, 0x00, 0x00, 0x00, 0x00, 0x04, 0x18, 0x00, 0x00, 0x00, 0x0D,
  0x00, 0x00, 0x00, 0x0E, 0x00, 0x00, 0x00, 0x0E, 0x00, 0x00, 0x00, 0x0D, 0x00, 0x00, 0x00, 0x00,
  0x00, 0x00, 0x00, 0x00, 0x00, 0x00, 0x04, 0x19, 0x00, 0x00, 0x00, 0x11, 0x00, 0x00, 0x00, 0x0E,
  0x00, 0x00, 0x00, 0x0E, 0x00, 0x00, 0x00, 0x11, 0x00, 0x00, 0x00, 0x00, 0x00, 0x00, 0x00, 0x00,
  0x00, 0x00, 0x04, 0x1A, 0x00, 0x00, 0x00, 0x0D, 0x00, 0x00, 0x00, 0x0E, 0x00, 0x00, 0x00, 0x0D,
  0x00, 0x00, 0x00, 0x0D, 0x00, 0x00, 0x00, 0x00, 0x00, 0x00, 0x00, 0x00, 0x00, 0x00, 0x04, 0x1B,
  0x00, 0x00, 0x00, 0x0D, 0x00, 0x00, 0x00, 0x0E, 0x00, 0x00, 0x00, 0x0E, 0x00, 0x00, 0x00, 0x0D,
  0x00, 0x00, 0x00, 0x00, 0x00, 0x00, 0x00, 0x00, 0x00, 0x00, 0x04, 0x1C, 0x00, 0x00, 0x00, 0x0D,
  0x00, 0x00, 0x00, 0x11, 0x00, 0x00, 0x00, 0x11, 0x00, 0x00, 0x00, 0x0D, 0x00, 0x00, 0x00, 0x00,
  0x00, 0x00, 0x00, 0x00, 0x00, 0x00, 0x04, 0x1D, 0x00, 0x00, 0x00, 0x0D, 0x00, 0x00, 0x00, 0x0E,
  0x00, 0x00, 0x00, 0x0E, 0x00, 0x00, 0x00, 0x0D, 0x00, 0x00, 0x00, 0x00, 0x00, 0x00, 0x00, 0x00,
  0x00, 0x00, 0x04, 0x1E, 0x00, 0x00, 0x00, 0x0D, 0x00, 0x00, 0x00, 0x0E, 0x00, 0x00, 0x00, 0x0E,
  0x00, 0x00, 0x00, 0x0D, 0x00, 0x00, 0x00, 0x00, 0x00, 0x00, 0x00, 0x00, 0x00, 0x00, 0x04, 0x1F,
  0x00, 0x00, 0x00, 0x0D, 0x00, 0x00, 0x00, 0x0E, 0x00, 0x00, 0x00, 0x0E, 0x00, 0x00, 0x00, 0x0D,
  0x00, 0x00, 0x00, 0x00, 0x00, 0x00, 0x00, 0x00, 0x00, 0x00, 0x04, 0x20, 0x00, 0x00, 0x00, 0x0D,
  0x00, 0x00, 0x00, 0x0D, 0x00, 0x00, 0x00, 0x0D, 0x00, 0x00, 0x00, 0x0D, 0x00, 0x00, 0x00, 0x00,
  0x00, 0x00, 0x00, 0x00, 0x00, 0x00, 0x04, 0x21, 0x00, 0x00, 0x00, 0x0D, 0x00, 0x00, 0x00, 0x0D,
  0x00, 0x00, 0x00, 0x0D, 0x00, 0x00, 0x00, 0x0D, 0x00, 0x00, 0x00, 0x00, 0x00, 0x00, 0x00, 0x00,
  0x00, 0x00, 0x04, 0x22, 0x00, 0x00, 0x00, 0x0D, 0x00, 0x00, 0x00, 0x0C, 0x00, 0x00, 0x00, 0x0C,
  0x00, 0x00, 0x00, 0x0D, 0x00, 0x00, 0x00, 0x00, 0x00, 0x00, 0x00, 0x00, 0x00, 0x00, 0x04, 0x23,
  0x00, 0x00, 0x00, 0x0D, 0x00, 0x00, 0x00, 0x0D, 0x00, 0x00, 0x00, 0x0D, 0x00, 0x00, 0x00, 0x0D,
  0x00, 0x00, 0x00, 0x00, 0x00, 0x00, 0x00, 0x00, 0x00, 0x00, 0x04, 0x24, 0x00, 0x00, 0x00, 0x0E,
  0x00, 0x00, 0x00, 0x11, 0x00, 0x00, 0x00, 0x11, 0x00, 0x00, 0x00, 0x0D, 0x00, 0x00, 0x00, 0x00,
  0x00, 0x00, 0x00, 0x00, 0x00, 0x00, 0x04, 0x25, 0x00, 0x00, 0x00, 0x0D, 0x00, 0x00, 0x00, 0x0D,
  0x00, 0x00, 0x00, 0x0D, 0x00, 0x00, 0x00, 0x0D, 0x00, 0x00, 0x00, 0x00, 0x00, 0x00, 0x00, 0x00,
  0x00, 0x00, 0x04, 0x26, 0x00, 0x00, 0x00, 0x10, 0x00, 0x00, 0x00, 0x0F, 0x00, 0x00, 0x00, 0x0F,
  0x00, 0x00, 0x00, 0x0D, 0x00, 0x00, 0x00, 0x00, 0x00, 0x00, 0x00, 0x00, 0x00, 0x00, 0x04, 0x27,
  0x00, 0x00, 0x00, 0x0D, 0x00, 0x00, 0x00, 0x0D, 0x00, 0x00, 0x00, 0x0D, 0x00, 0x00, 0x00, 0x0D,
  0x00, 0x00, 0x00, 0x00, 0x00, 0x00, 0x00, 0x00, 0x00, 0x00, 0x04, 0x28, 0x00, 0x00, 0x00, 0x0D,
  0x00, 0x00, 0x00, 0x13, 0x00, 0x00, 0x00, 0x13, 0x00, 0x00, 0x00, 0x0D, 0x00, 0x00, 0x00, 0x00,
  0x00, 0x00, 0x00, 0x00, 0x00, 0x00, 0x04, 0x29, 0x00, 0x00, 0x00, 0x10, 0x00, 0x00, 0x00, 0x13,
  0x00, 0x00, 0x00, 0x13, 0x00, 0x00, 0x00, 0x0D, 0x00, 0x00, 0x00, 0x00, 0x00, 0x00, 0x00, 0x00,
  0x00, 0x00, 0x04, 0x2A, 0x00, 0x00, 0x00, 0x0D, 0x00, 0x00, 0x00, 0x0E, 0x00, 0x00, 0x00, 0x0E,
  0x00, 0x00, 0x00, 0x0D, 0x00, 0x00, 0x00, 0x00, 0x00, 0x00, 0x00, 0x00, 0x00, 0x00, 0x04, 0x2B,
  0x00, 0x00, 0x00, 0x0D, 0x00, 0x00, 0x00, 0x11, 0x00, 0x00, 0x00, 0x11, 0x00, 0x00, 0x00, 0x0D,
  0x00, 0x00, 0x00, 0x00, 0x00, 0x00, 0x00, 0x00, 0x00, 0x00, 0x04, 0x2C, 0x00, 0x00, 0x00, 0x0D,
  0x00, 0x00, 0x00, 0x0D, 0x00, 0x00, 0x00, 0x0D, 0x00, 0x00, 0x00, 0x0D, 0x00, 0x00, 0x00, 0x00,
  0x00, 0x00, 0x00, 0x00, 0x00, 0x00, 0x04, 0x2D, 0x00, 0x00, 0x00, 0x0D, 0x00, 0x00, 0x00, 0x0D,
  0x00, 0x00, 0x00, 0x0D, 0x00, 0x00, 0x00, 0x0D, 0x00, 0x00, 0x00, 0x00, 0x00, 0x00, 0x00, 0x00,
  0x00, 0x00, 0x04, 0x2E, 0x00, 0x00, 0x00, 0x0D, 0x00, 0x00, 0x00, 0x12, 0x00, 0x00, 0x00, 0x12,
  0x00, 0x00, 0x00, 0x0D, 0x00, 0x00, 0x00, 0x00, 0x00, 0x00, 0x00, 0x00, 0x00, 0x00, 0x04, 0x2F,
  0x00, 0x00, 0x00, 0x0D, 0x00, 0x00, 0x00, 0x0D, 0x00, 0x00, 0x00, 0x0D, 0x00, 0x00, 0x00, 0x0D,
  0x00, 0x00, 0x00, 0x00, 0x00, 0x00, 0x00, 0x00, 0x00, 0x00, 0x04, 0x30, 0x00, 0x00, 0x00, 0x0A,
  0x00, 0x00, 0x00, 0x0B, 0x00, 0x00, 0x00, 0x0B, 0x00, 0x00, 0x00, 0x0A, 0x00, 0x00, 0x00, 0x00,
  0x00, 0x00, 0x00, 0x00, 0x00, 0x00, 0x04, 0x31, 0x00, 0x00, 0x00, 0x0E, 0x00, 0x00, 0x00, 0x0B,
  0x00, 0x00, 0x00, 0x0B, 0x00, 0x00, 0x00, 0x0E, 0x00, 0x00, 0x00, 0x00, 0x00, 0x00, 0x00, 0x00,
  0x00, 0x00, 0x04, 0x32, 0x00, 0x00, 0x00, 0x0A, 0x00, 0x00, 0x00, 0x0B, 0x00, 0x00, 0x00, 0x0B,
  0x00, 0x00, 0x00, 0x0A, 0x00, 0x00, 0x00, 0x00, 0x00, 0x00, 0x00, 0x00, 0x00, 0x00, 0x04, 0x33,
  0x00, 0x00, 0x00, 0x0A, 0x00, 0x00, 0x00, 0x09, 0x00, 0x00, 0x00, 0x09, 0x00, 0x00, 0x00, 0x0A,
  0x00, 0x00, 0x00, 0x00, 0x00, 0x00, 0x00, 0x00, 0x00, 0x00, 0x04, 0x34, 0x00, 0x00, 0x00, 0x0C,
  0x00, 0x00, 0x00, 0x0C, 0x00, 0x00, 0x00, 0x0C, 0x00, 0x00, 0x00, 0x0A, 0x00, 0x00, 0x00, 0x00,
  0x00, 0x00, 0x00, 0x00, 0x00, 0x00, 0x04, 0x35, 0x00, 0x00, 0x00, 0x0A, 0x00, 0x00, 0x00, 0x0B,
  0x00, 0x00, 0x00, 0x0B, 0x00, 0x00, 0x00, 0x0A, 0x00, 0x00, 0x00, 0x00, 0x00, 0x00, 0x00, 0x00,
  0x00, 0x00, 0x04, 0x36, 0x00, 0x00, 0x00, 0x0A, 0x00, 0x00, 0x00, 0x10, 0x00, 0x00, 0x00, 0x10,
  0x00, 0x00, 0x00, 0x0A, 0x00, 0x00, 0x00, 0x00, 0x00, 0x00, 0x00, 0x00, 0x00, 0x00, 0x04, 0x37,
  0x00, 0x00, 0x00, 0x0A, 0x00, 0x00, 0x00, 0x0A, 0x00, 0x00, 0x00, 0x0A, 0x00, 0x00, 0x00, 0x0A,
  0x00, 0x00, 0x00, 0x00, 0x00, 0x00, 0x00, 0x00, 0x00, 0x00, 0x04, 0x38, 0x00, 0x00, 0x00, 0x0A,
  0x00, 0x00, 0x00, 0x0C, 0x00, 0x00, 0x00, 0x0C, 0x00, 0x00, 0x00, 0x0A, 0x00, 0x00, 0x00, 0x00,
  0x00, 0x00, 0x00, 0x00, 0x00, 0x00, 0x04, 0x39, 0x00, 0x00, 0x00, 0x0E, 0x00, 0x00, 0x00, 0x0C,
  0x00, 0x00, 0x00, 0x0C, 0x00, 0x00, 0x00, 0x0E, 0x00, 0x00, 0x00, 0x00, 0x00, 0x00, 0x00, 0x00,
  0x00, 0x00, 0x04, 0x3A, 0x00, 0x00, 0x00, 0x0A, 0x00, 0x00, 0x00, 0x0B, 0x00, 0x00, 0x00, 0x0B,
  0x00, 0x00, 0x00, 0x0A, 0x00, 0x00, 0x00, 0x00, 0x00, 0x00, 0x00, 0x00, 0x00, 0x00, 0x04, 0x3B,
  0x00, 0x00, 0x00, 0x0A, 0x00, 0x00, 0x00, 0x0B, 0x00, 0x00, 0x00, 0x0B, 0x00, 0x00, 0x00, 0x0A,
  0x00, 0x00, 0x00, 0x00, 0x00, 0x00, 0x00, 0x00, 0x00, 0x00, 0x04, 0x3C, 0x00, 0x00, 0x00, 0x0A,
  0x00, 0x00, 0x00, 0x0E, 0x00, 0x00, 0x00, 0x0E, 0x00, 0x00, 0x00, 0x0A, 0x00, 0x00, 0x00, 0x00,
  0x00, 0x00, 0x00, 0x00, 0x00, 0x00, 0x04, 0x3D, 0x00, 0x00, 0x00, 0x0A, 0x00, 0x00, 0x00, 0x0C,
  0x00, 0x00, 0x00, 0x0C, 0x00, 0x00, 0x00, 0x0A, 0x00, 0x00, 0x00, 0x00, 0x00, 0x00, 0x00, 0x00,
  0x00, 0x00, 0x04, 0x3E, 0x00, 0x00, 0x00, 0x0A, 0x00, 0x00, 0x00, 0x0B, 0x00, 0x00, 0x00, 0x0B,
  0x00, 0x00, 0x00, 0x0A, 0x00, 0x00, 0x00, 0x00, 0x00, 0x00, 0x00, 0x00, 0x00, 0x00, 0x04, 0x3F,
  0x00, 0x00, 0x00, 0x0A, 0x00, 0x00, 0x00, 0x0B, 0x00, 0x00, 0x00, 0x0B, 0x00, 0x00, 0x00, 0x0A,
  0x00, 0x00, 0x00, 0x00, 0x00, 0x00, 0x00, 0x00, 0x00, 0x00, 0x04, 0x40, 0x00, 0x00, 0x00, 0x0E,
  0x00, 0x00, 0x00, 0x0C, 0x00, 0x00, 0x00, 0x0C, 0x00, 0x00, 0x00, 0x0A, 0x00, 0x00, 0x00, 0x00,
  0x00, 0x00, 0x00, 0x00, 0x00, 0x00, 0x04, 0x41, 0x00, 0x00, 0x00, 0x0A, 0x00, 0x00, 0x00, 0x0B,
  0x00, 0x00, 0x00, 0x0B, 0x00, 0x00, 0x00, 0x0A, 0x00, 0x00, 0x00, 0x00, 0x00, 0x00, 0x00, 0x00,
  0x00, 0x00, 0x04, 0x42, 0x00, 0x00, 0x00, 0x0A, 0x00, 0x00, 0x00, 0x0A, 0x00, 0x00, 0x00, 0x0A,
  0x00, 0x00, 0x00, 0x0A, 0x00, 0x00, 0x00, 0x00, 0x00, 0x00, 0x00, 0x00, 0x00, 0x00, 0x04, 0x43,
  0x00, 0x00, 0x00, 0x0E, 0x00, 0x00, 0x00, 0x0B, 0x00, 0x00, 0x00, 0x0B, 0x00, 0x00, 0x00, 0x0A,
  0x00, 0x00, 0x00, 0x00, 0x00, 0x00, 0x00, 0x00, 0x00, 0x00, 0x04, 0x44, 0x00, 0x00, 0x00, 0x11,
  0x00, 0x00, 0x00, 0x0E, 0x00, 0x00, 0x00, 0x0E, 0x00, 0x00, 0x00, 0x0D, 0x00, 0x00, 0x00, 0x00,
  0x00, 0x00, 0x00, 0x00, 0x00, 0x00, 0x04, 0x45, 0x00, 0x00, 0x00, 0x0A, 0x00, 0x00, 0x00, 0x0B,
  0x00, 0x00, 0x00, 0x0B, 0x00, 0x00, 0x00, 0x0A, 0x00, 0x00, 0x00, 0x00, 0x00, 0x00, 0x00, 0x00,
  0x00, 0x00, 0x04, 0x46, 0x00, 0x00, 0x00, 0x0C, 0x00, 0x00, 0x00, 0x0C, 0x00, 0x00, 0x00, 0x0C,
  0x00, 0x00, 0x00, 0x0A, 0x00, 0x00, 0x00, 0x00, 0x00, 0x00, 0x00, 0x00, 0x00, 0x00, 0x04, 0x47,
  0x00, 0x00, 0x00, 0x0A, 0x00, 0x00, 0x00, 0x0B, 0x00, 0x00, 0x00, 0x0B, 0x00, 0x00, 0x00, 0x0A,
  0x00, 0x00, 0x00, 0x00, 0x00, 0x00, 0x00, 0x00, 0x00, 0x00, 0x04, 0x48, 0x00, 0x00, 0x00, 0x0A,
  0x00, 0x00, 0x00, 0x10, 0x00, 0x00, 0x00, 0x10, 0x00, 0x00, 0x00, 0x0A, 0x00, 0x00, 0x00, 0x00,
  0x00, 0x00, 0x00, 0x00, 0x00, 0x00, 0x04, 0x49, 0x00, 0x00, 0x00, 0x0C, 0x00, 0x00, 0x00, 0x11,
  0x00, 0x00, 0x00, 0x11, 0x00, 0x00, 0x00, 0x0A, 0x00, 0x00, 0x00, 0x00, 0x00, 0x00, 0x00, 0x00,
  0x00, 0x00, 0x04, 0x4A, 0x00, 0x00, 0x00, 0x0A, 0x00, 0x00, 0x00, 0x0C, 0x00, 0x00, 0x00, 0x0C,
  0x00, 0x00, 0x00, 0x0A, 0x00, 0x00, 0x00, 0x00, 0x00, 0x00, 0x00, 0x00, 0x00, 0x00, 0x04, 0x4B,
  0x00, 0x00, 0x00, 0x0A, 0x00, 0x00, 0x00, 0x0E, 0x00, 0x00, 0x00, 0x0E, 0x00, 0x00, 0x00, 0x0A,
  0x00, 0x00, 0x00, 0x00, 0x00, 0x00, 0x00, 0x00, 0x00, 0x00, 0x04, 0x4C, 0x00, 0x00, 0x00, 0x0A,
  0x00, 0x00, 0x00, 0x0A, 0x00, 0x00, 0x00, 0x0A, 0x00, 0x00, 0x00, 0x0A, 0x00, 0x00, 0x00, 0x00,
  0x00, 0x00, 0x00, 0x00, 0x00, 0x00, 0x04, 0x4D, 0x00, 0x00, 0x00, 0x0A, 0x00, 0x00, 0x00, 0x0B,
  0x00, 0x00, 0x00, 0x0B, 0x00, 0x00, 0x00, 0x0A, 0x00, 0x00, 0x00, 0x00, 0x00, 0x00, 0x00, 0x00,
  0x00, 0x00, 0x04, 0x4E, 0x00, 0x00, 0x00, 0x0A, 0x00, 0x00, 0x00, 0x0F, 0x00, 0x00, 0x00, 0x0F,
  0x00, 0x00, 0x00, 0x0A, 0x00, 0x00, 0x00, 0x00, 0x00, 0x00, 0x00, 0x00, 0x00, 0x00, 0x04, 0x4F,
  0x00, 0x00, 0x00, 0x0A, 0x00, 0x00, 0x00, 0x0B, 0x00, 0x00, 0x00, 0x0B, 0x00, 0x00, 0x00, 0x0A,
  0x00, 0x00, 0x00, 0x00, 0x00, 0x00, 0x00, 0x00, 0x00, 0x00, 0x04, 0x51, 0x00, 0x00, 0x00, 0x0E,
  0x00, 0x00, 0x00, 0x0B, 0x00, 0x00, 0x00, 0x0B, 0x00, 0x00, 0x00, 0x0E, 0x00, 0x00, 0x00, 0x00,
  0x00, 0x00, 0x00, 0x00, 0x00, 0x44, 0xFF, 0xFF, 0x3C, 0x00, 0x00, 0x44, 0xFF, 0xFF, 0x3C, 0x00,
  0x00, 0x44, 0xFF, 0xFF, 0x3C, 0x00, 0x00, 0x44, 0xFF, 0xFF, 0x3C, 0x00, 0x00, 0x44, 0xFF, 0xFF,
  0x3C, 0x00, 0x00, 0x44, 0xFF, 0xFF, 0x3C, 0x00, 0x00, 0x44, 0xFF, 0xFF, 0x3C, 0x00, 0x00, 0x44,
  0xFF, 0xFF, 0x3C, 0x00, 0x00, 0x44, 0xFF, 0xFF, 0x3C, 0x00, 0x00, 0x00, 0x00, 0x00, 0x00, 0x00,
  0x00, 0x3F, 0xE6, 0xDC, 0x2B, 0x00, 0x00, 0x9F, 0xFF, 0xFF, 0x82, 0x00, 0x00, 0x3D, 0xE6, 0xDB,
  0x29, 0x00, 0x00, 0xF4, 0xFF, 0x54, 0x28, 0xFF, 0xFF, 0x20, 0x00, 0xF4, 0xFF, 0x54, 0x28, 0xFF,
  0xFF, 0x20, 0x00, 0xF4, 0xFF, 0x54, 0x28, 0xFF, 0xFF, 0x20, 0x00, 0xF4, 0xFF, 0x54, 0x28, 0xFF,
  0xFF, 0x20, 0x00, 0x00, 0x00, 0x00, 0x00, 0x00, 0x00, 0x00, 0x00, 0x00, 0x00, 0x00, 0x00, 0x00,
  0x00, 0x00, 0x00, 0x00, 0x00, 0x00, 0x00, 0x00, 0x00, 0x00, 0x00, 0x00, 0x00, 0x00, 0x00, 0x00,
  0x00, 0x00, 0x00, 0x00, 0x00, 0x00, 0x00, 0x00, 0x00, 0x00, 0x00, 0x00, 0x00, 0x00, 0x00, 0x00,
  0x00, 0x00, 0x00, 0x00, 0x00, 0x00, 0x00, 0x00, 0x00, 0x00, 0x00, 0x00, 0x00, 0x00, 0x00, 0x00,
  0x00, 0x00, 0x00, 0x00, 0x00, 0x00, 0x00, 0x00, 0x00, 0x00, 0x00, 0x00, 0x00, 0x00, 0xEC, 0xFF,
  0x57, 0x00, 0x2D, 0xFF, 0xFF, 0x17, 0x00, 0x00, 0x00, 0x00, 0x26, 0xFF, 0xFF, 0x1F, 0x00, 0x66,
  0xFF, 0xDF, 0x00, 0x00, 0x00, 0x00, 0x00, 0x5F, 0xFF, 0xE7, 0x00, 0x00, 0x9F, 0xFF, 0xA7, 0x00,
  0x00, 0x00, 0x68, 0xFF, 0xFF, 0xFF, 0xFF, 0xFF, 0xFF, 0xFF, 0xFF, 0xFF, 0xFF, 0x10, 0x00, 0x68,
  0xFF, 0xFF, 0xFF, 0xFF, 0xFF, 0xFF, 0xFF, 0xFF, 0xFF, 0xFF, 0x10, 0x00, 0x08, 0x14, 0xE9, 0xFF,
  0x6C, 0x14, 0x38, 0xFF, 0xFF, 0x31, 0x14, 0x01, 0x00, 0x00, 0x10, 0xFF, 0xFF, 0x37, 0x00, 0x50,
  0xFF, 0xF5, 0x02, 0x00, 0x00, 0x02, 0x14, 0x48, 0xFF, 0xFF, 0x22, 0x14, 0x83, 0xFF, 0xD2, 0x14,
  0x06, 0x00, 0x24, 0xFF, 0xFF, 0xFF, 0xFF, 0xFF, 0xFF, 0xFF, 0xFF, 0xFF, 0xFF, 0x54, 0x00, 0x24,
  0xFF, 0xFF, 0xFF, 0xFF, 0xFF, 0xFF, 0xFF, 0xFF, 0xFF, 0xFF, 0x54, 0x00, 0x00, 0x00, 0xC1, 0xFF,
  0x87, 0x00, 0x07, 0xF9, 0xFF, 0x47, 0x00, 0x00, 0x00, 0x00, 0x03, 0xF4, 0xFF, 0x4F, 0x00, 0x39,
  0xFF, 0xFE, 0x10, 0x00, 0x00, 0x00, 0x00, 0x30, 0xFF, 0xFF, 0x17, 0x00, 0x70, 0xFF, 0xD7, 0x00,
  0x00, 0x00, 0x00, 0x00, 0x00, 0x00, 0x00, 0x00, 0xE0, 0xFF, 0x68, 0x00, 0x00, 0x00, 0x00, 0x00,
  0x00, 0x00, 0x00, 0x00, 0x1C, 0xE8, 0xFF, 0x87, 0x08, 0x00, 0x00, 0x00, 0x00, 0x00, 0x00, 0x32,
  0xC9, 0xFF, 0xFF, 0xFF, 0xFF, 0xF8, 0x91, 0x09, 0x00, 0x00, 0x00, 0x30, 0xF7, 0xFF, 0xFF, 0xFF,
  0xFF, 0xFF, 0xFF, 0xFF, 0x9F, 0x00, 0x00, 0x00, 0xA0, 0xFF, 0xFF, 0x8A, 0x15, 0x07, 0x37, 0xE7,
  0xFF, 0xFF, 0x17, 0x00, 0x00, 0xBE, 0xFF, 0xFF, 0x28, 0x00, 0x00, 0x00, 0x3A, 0x60, 0x60, 0x19,
  0x00, 0x00, 0xA3, 0xFF, 0xFF, 0xCD, 0x48, 0x06, 0x00, 0x00, 0x00, 0x00, 0x00, 0x00, 0x00, 0x40,
  0xFE, 0xFF, 0xFF, 0xFF, 0xF7, 0xC0, 0x7F, 0x22, 0x00, 0x00, 0x00, 0x00, 0x00, 0x4F, 0xDF, 0xFF,
  0xFF, 0xFF, 0xFF, 0xFF, 0xFB, 0x7E, 0x00, 0x00, 0x00, 0x00, 0x00, 0x05, 0x41, 0x88, 0xC9, 0xFC,
  0xFF, 0xFF, 0xFF, 0x4C, 0x00, 0x00, 0x00, 0x00, 0x00, 0x00, 0x00, 0x00, 0x1C, 0xB7, 0xFF, 0xFF,
  0x9A, 0x00, 0x0A, 0x88, 0x88, 0x6D, 0x00, 0x00, 0x00, 0x00, 0x3D, 0xFF, 0xFF, 0xA8, 0x00, 0x00,
  0xE3, 0xFF, 0xFD, 0x66, 0x11, 0x05, 0x22, 0xA6, 0xFF, 0xFF, 0x73, 0x00, 0x00, 0x53, 0xFF, 0xFF,
  0xFF, 0xFF, 0xFF, 0xFF, 0xFF, 0xFF, 0xD2, 0x0C, 0x00, 0x00, 0x00, 0x48, 0xC1, 0xFB, 0xFF, 0xFF,
  0xFF, 0xDB, 0x83, 0x09, 0x00, 0x00, 0x00, 0x00, 0x00, 0x00, 0x06, 0xE3, 0xFF, 0x6E, 0x00, 0x00,
  0x00, 0x00, 0x00, 0x00, 0x00, 0x00, 0x00, 0x00, 0xE0, 0xFF, 0x68, 0x00, 0x00, 0x00, 0x00, 0x00,
  0x00, 0x39, 0xC4, 0xEF, 0xD3, 0x5B, 0x00, 0x00, 0x00, 0x00, 0x00, 0x00, 0x00, 0x00, 0x00, 0x00,
  0x1F, 0xF5, 0xFF, 0xFF, 0xFF, 0xFF, 0x4A, 0x00, 0x00, 0x00, 0x2D, 0xF8, 0xFF, 0x81, 0x00, 0x00,
  0x7B, 0xFF, 0xEB, 0x16, 0xBF, 0xFF, 0xB2, 0x00, 0x00, 0x07, 0xD2, 0xFF, 0xCA, 0x04, 0x00, 0x00,
  0x99, 0xFF, 0xCB, 0x00, 0x8F, 0xFF, 0xD1, 0x00, 0x00, 0x8E, 0xFF, 0xF5, 0x26, 0x00, 0x00, 0x00,
  0x7C, 0xFF, 0xEA, 0x11, 0xBC, 0xFF, 0xB2, 0x00, 0x42, 0xFE, 0xFF, 0x67, 0x00, 0x00, 0x00, 0x00,
  0x20, 0xF6, 0xFF, 0xFF, 0xFF, 0xFF, 0x4C, 0x11, 0xE3, 0xFF, 0xB4, 0x00, 0x00, 0x00, 0x00, 0x00,
  0x00, 0x3D, 0xC8, 0xF4, 0xD7, 0x5F, 0x00, 0xA8, 0xFF, 0xEA, 0x17, 0x00, 0x00, 0x00, 0x00, 0x00,
  0x00, 0x00, 0x00, 0x00, 0x00, 0x00, 0x5C, 0xFF, 0xFF, 0x4E, 0x65, 0xD5, 0xEF, 0xBF, 0x31, 0x00,
  0x00, 0x00, 0x00, 0x00, 0x00, 0x1F, 0xF0, 0xFF, 0x9A, 0x59, 0xFF, 0xFF, 0xFF, 0xFF, 0xEF, 0x16,
  0x00, 0x00, 0x00, 0x00, 0x02, 0xC1, 0xFF, 0xDB, 0x0B, 0xBF, 0xFF, 0xB5, 0x19, 0xF2, 0xFF, 0x6E,
  0x00, 0x00, 0x00, 0x00, 0x77, 0xFF, 0xFB, 0x37, 0x00, 0xDD, 0xFF, 0x87, 0x00, 0xD3, 0xFF, 0x8D,
  0x00, 0x00, 0x00, 0x30, 0xF9, 0xFF, 0x80, 0x00, 0x00, 0xC0, 0xFF, 0xB2, 0x15, 0xF1, 0xFF, 0x6E,
  0x00, 0x00, 0x08, 0xD5, 0xFF, 0xC8, 0x04, 0x00, 0x00, 0x5B, 0xFF, 0xFF, 0xFF, 0xFF, 0xF0, 0x18,
  0x00, 0x00, 0x92, 0xFF, 0xF4, 0x25, 0x00, 0x00, 0x00, 0x00, 0x6A, 0xDA, 0xF3, 0xC4, 0x34, 0x00,
  0x00, 0x00, 0x08, 0x8A, 0xE4, 0xF9, 0xDC, 0x73, 0x01, 0x00, 0x00, 0x00, 0x00, 0x00, 0x00, 0x00,
  0x98, 0xFF, 0xFF, 0xFF, 0xFF, 0xFF, 0x6A, 0x00, 0x00, 0x00, 0x00, 0x00, 0x00, 0x00, 0xF2, 0xFF,
  0xAC, 0x2A, 0xC9, 0xFF, 0xC4, 0x00, 0x00, 0x00, 0x00, 0x00, 0x00, 0x00, 0xF1, 0xFF, 0x9B, 0x04,
  0xD1, 0xFF, 0xB4, 0x00, 0x00, 0x00, 0x00, 0x00, 0x00, 0x00, 0xAD, 0xFF, 0xF9, 0xBF, 0xFF, 0xFD,
  0x45, 0x00, 0x00, 0x00, 0x00, 0x00, 0x00, 0x00, 0x1D, 0xF0, 0xFF, 0xFF, 0xFB, 0x60, 0x00, 0x00,
  0x00, 0x00, 0x00, 0x00, 0x00, 0x00, 0x6A, 0xFB, 0xFF, 0xFF, 0xDF, 0x17, 0x00, 0x00, 0x00, 0x00,
  0x00, 0x00, 0x00, 0x60, 0xFF, 0xFF, 0xCF, 0xF8, 0xFF, 0xD4, 0x15, 0xB6, 0xFF, 0xD6, 0x00, 0x00,
  0x00, 0xE0, 0xFF, 0xD2, 0x07, 0x44, 0xF4, 0xFF, 0xD1, 0xE7, 0xFF, 0xB0, 0x00, 0x00, 0x04, 0xFF,
  0xFF, 0x90, 0x00, 0x00, 0x38, 0xEE, 0xFF, 0xFF, 0xFF, 0x50, 0x00, 0x00, 0x00, 0xDE, 0xFF, 0xE8,
  0x4A, 0x1B, 0x32, 0xAE, 0xFF, 0xFF, 0xFA, 0x19, 0x00, 0x00, 0x00, 0x58, 0xFE, 0xFF, 0xFF, 0xFF,
  0xFF, 0xFF, 0xFF, 0xFF, 0xFF, 0xC9, 0x09, 0x00, 0x00, 0x00, 0x3F, 0xB1, 0xE8, 0xFB, 0xF0, 0xC1,
  0x66, 0x4A, 0xFD, 0xFF, 0xAC, 0x01, 0x00, 0xF4, 0xFF, 0x54, 0x00, 0xF4, 0xFF, 0x54, 0x00, 0xF4,
  0xFF, 0x54, 0x00, 0xF4, 0xFF, 0x54, 0x00, 0x00, 0x00, 0x00, 0x00, 0x00, 0x00, 0x00, 0x00, 0x00,
  0x00, 0x00, 0x00, 0x00, 0x00, 0x00, 0x00, 0x00, 0x00, 0x00, 0x00, 0x00, 0x00, 0x00, 0x00, 0x00,
  0x00, 0x00, 0x00, 0x00, 0x00, 0x00, 0x00, 0x00, 0x00, 0x00, 0x00, 0x00, 0x00, 0x1C, 0xE9, 0xFF,
  0x99, 0x00, 0x00, 0x00, 0x00, 0xBC, 0xFF, 0xD0, 0x05, 0x00, 0x00, 0x00, 0x4D, 0xFF, 0xFF, 0x3C,
  0x00, 0x00, 0x00, 0x00, 0xBD, 0xFF, 0xC5, 0x00, 0x00, 0x00, 0x00, 0x1B, 0xFD, 0xFF, 0x63, 0x00,
  0x00, 0x00, 0x00, 0x5B, 0xFF, 0xFF, 0x1C, 0x00, 0x00, 0x00, 0x00, 0x8B, 0xFF, 0xE8, 0x00, 0x00,
  0x00, 0x00, 0x00, 0xA0, 0xFF, 0xD2, 0x00, 0x00, 0x00, 0x00, 0x00, 0xAA, 0xFF, 0xC5, 0x00, 0x00,
  0x00, 0x00, 0x00, 0xA0, 0xFF, 0xD1, 0x00, 0x00, 0x00, 0x00, 0x00, 0x8C, 0xFF, 0xE6, 0x00, 0x00,
  0x00, 0x00, 0x00, 0x5E, 0xFF, 0xFF, 0x1A, 0x00, 0x00, 0x00, 0x00, 0x1F, 0xFF, 0xFF, 0x5F, 0x00,
  0x00, 0x00, 0x00, 0x00, 0xC6, 0xFF, 0xC1, 0x00, 0x00, 0x00, 0x00, 0x00, 0x56, 0xFF, 0xFF, 0x3A,
  0x00, 0x00, 0x00, 0x00, 0x01, 0xC5, 0xFF, 0xCF, 0x04, 0x00, 0x00, 0x00, 0x00, 0x24, 0xF0, 0xFF,
  0x97, 0x00, 0x64, 0xFF, 0xFE, 0x4E, 0x00, 0x00, 0x00, 0x00, 0xA0, 0xFF, 0xEC, 0x13, 0x00, 0x00,
  0x00, 0x11, 0xF1, 0xFF, 0x8D, 0x00, 0x00, 0x00, 0x00, 0x8B, 0xFF, 0xF3, 0x0B, 0x00, 0x00, 0x00,
  0x2B, 0xFF, 0xFF, 0x56, 0x00, 0x00, 0x00, 0x00, 0xE5, 0xFF, 0x95, 0x00, 0x00, 0x00, 0x00, 0xB0,
  0xFF, 0xC4, 0x00, 0x00, 0x00, 0x00, 0x9B, 0xFF, 0xD7, 0x00, 0x00, 0x00, 0x00, 0x8D, 0xFF, 0xE2,
  0x00, 0x00, 0x00, 0x00, 0x9B, 0xFF, 0xD6, 0x00, 0x00, 0x00, 0x00, 0xB0, 0xFF, 0xC2, 0x00, 0x00,
  0x00, 0x00, 0xE5, 0xFF, 0x90, 0x00, 0x00, 0x00, 0x2B, 0xFF, 0xFF, 0x4D, 0x00, 0x00, 0x00, 0x8B,
  0xFF, 0xED, 0x06, 0x00, 0x00, 0x11, 0xF1, 0xFF, 0x85, 0x00, 0x00, 0x00, 0x9F, 0xFF, 0xE7, 0x0F,
  0x00, 0x00, 0x62, 0xFF, 0xFC, 0x43, 0x00, 0x00, 0x00, 0x00, 0x0B, 0x02, 0x93, 0xFF, 0x1F, 0x0D,
  0x00, 0x00, 0x00, 0xA3, 0xC3, 0x9D, 0xFF, 0x6D, 0xEE, 0x35, 0x00, 0x04, 0x84, 0xE1, 0xFF, 0xFF,
  0xFC, 0xB8, 0x41, 0x00, 0x04, 0x79, 0xD5, 0xFF, 0xFF, 0xF8, 0xAB, 0x3C, 0x00, 0x00, 0xAA, 0xCD,
  0xA3, 0xFF, 0x7B, 0xF4, 0x37, 0x00, 0x00, 0x0F, 0x04, 0x92, 0xFF, 0x1F, 0x13, 0x00, 0x00, 0x00,
  0x00, 0x00, 0x00, 0x00, 0x00, 0x00, 0x00, 0x00, 0x00, 0x00, 0x00, 0x00, 0x00, 0x00, 0x00, 0x00,
  0x00, 0x00, 0x00, 0x00, 0x00, 0x00, 0x00, 0x00, 0x00, 0x00, 0x00, 0x00, 0x00, 0x00, 0x00, 0x00,
  0x00, 0x00, 0x00, 0x00, 0x00, 0x00, 0x00, 0x00, 0x00, 0x00, 0x00, 0x00, 0x00, 0x00, 0x00, 0x00,
  0x00, 0x00, 0x00, 0x00, 0x00, 0x00, 0x00, 0x00, 0x00, 0x00, 0x00, 0x00, 0x00, 0x00, 0x00, 0x00,
  0x00, 0x00, 0xD8, 0xFF, 0xAC, 0x00, 0x00, 0x00, 0x00, 0x00, 0x00, 0x00, 0x00, 0xD8, 0xFF, 0xAC,
  0x00, 0x00, 0x00, 0x00, 0x00, 0x00, 0x00, 0x00, 0xD8, 0xFF, 0xAC, 0x00, 0x00, 0x00, 0x00, 0x3C,
  0xFF, 0xFF, 0xFF, 0xFF, 0xFF, 0xFF, 0xFF, 0xFF, 0xFF, 0x10, 0x3C, 0xFF, 0xFF, 0xFF, 0xFF, 0xFF,
  0xFF, 0xFF, 0xFF, 0xFF, 0x10, 0x04, 0x14, 0x14, 0x14, 0xDB, 0xFF, 0xB2, 0x14, 0x14, 0x14, 0x01,
  0x00, 0x00, 0x00, 0x00, 0xD8, 0xFF, 0xAC, 0x00, 0x00, 0x00, 0x00, 0x00, 0x00, 0x00, 0x00, 0xD8,
  0xFF, 0xAC, 0x00, 0x00, 0x00, 0x00, 0x00, 0x00, 0x00, 0x00, 0xD8, 0xFF, 0xAC, 0x00, 0x00, 0x00,
  0x00, 0x00, 0x00, 0x00, 0x00, 0x00, 0x00, 0x00, 0x00, 0x00, 0x00, 0x00, 0x00, 0x00, 0x00, 0x00,
  0x00, 0x00, 0x00, 0x00, 0x00, 0x00, 0x00, 0x00, 0x64, 0xFF, 0xFF, 0x48, 0x00, 0x00, 0x64, 0xFF,
  0xFF, 0x48, 0x00, 0x00, 0x76, 0xFF, 0xF2, 0x21, 0x00, 0x00, 0xBA, 0xFF, 0x53, 0x00, 0x00, 0x09,
  0xF7, 0x88, 0x00, 0x00, 0x00, 0x08, 0x14, 0x14, 0x14, 0x14, 0x14, 0x0D, 0x70, 0xFF, 0xFF, 0xFF,
  0xFF, 0xFF, 0xA8, 0x70, 0xFF, 0xFF, 0xFF, 0xFF, 0xFF, 0xA8, 0x00, 0x00, 0x00, 0x00, 0x00, 0x00,
  0x00, 0x00, 0x00, 0x00, 0x00, 0x00, 0x00, 0x00, 0x00, 0x00, 0x00, 0x00, 0x00, 0x00, 0x00, 0x00,
  0x00, 0x00, 0x00, 0x00, 0x00, 0x00, 0x00, 0x3F, 0xE6, 0xDC, 0x2B, 0x00, 0x00, 0x9F, 0xFF, 0xFF,
  0x82, 0x00, 0x00, 0x3D, 0xE6, 0xDB, 0x29, 0x00, 0x00, 0x00, 0x00, 0x00, 0x00, 0x00, 0xBA, 0xFF,
  0x8D, 0x00, 0x00, 0x00, 0x00, 0x00, 0x18, 0xFC, 0xFF, 0x32, 0x00, 0x00, 0x00, 0x00, 0x00, 0x71,
  0xFF, 0xD6, 0x00, 0x00, 0x00, 0x00, 0x00, 0x00, 0xCD, 0xFF, 0x7B, 0x00, 0x00, 0x00, 0x00, 0x00,
  0x28, 0xFF, 0xFE, 0x20, 0x00, 0x00, 0x00, 0x00, 0x00, 0x84, 0xFF, 0xC4, 0x00, 0x00, 0x00, 0x00,
  0x00, 0x00, 0xDE, 0xFF, 0x68, 0x00, 0x00, 0x00, 0x00, 0x00, 0x3B, 0xFF, 0xFA, 0x13, 0x00, 0x00,
  0x00, 0x00, 0x00, 0x96, 0xFF, 0xB1, 0x00, 0x00, 0x00, 0x00, 0x00, 0x05, 0xEC, 0xFF, 0x56, 0x00,
  0x00, 0x00, 0x00, 0x00, 0x4D, 0xFF, 0xF1, 0x08, 0x00, 0x00, 0x00, 0x00, 0x00, 0xA9, 0xFF, 0x9F,
  0x00, 0x00, 0x00, 0x00, 0x00, 0x0D, 0xF6, 0xFF, 0x43, 0x00, 0x00, 0x00, 0x00, 0x00, 0x60, 0xFF,
  0xE5, 0x02, 0x00, 0x00, 0x00, 0x00, 0x00, 0xBB, 0xFF, 0x8C, 0x00, 0x00, 0x00, 0x00, 0x00, 0x19,
  0xFD, 0xFF, 0x31, 0x00, 0x00, 0x00, 0x00, 0x00, 0x72, 0xFF, 0xD5, 0x00, 0x00, 0x00, 0x00, 0x00,
  0x00, 0x00, 0x00, 0x00, 0x5B, 0xC2, 0xEF, 0xF3, 0xCD, 0x70, 0x03, 0x00, 0x00, 0x00, 0x00, 0x99,
  0xFF, 0xFF, 0xFF, 0xFF, 0xFF, 0xFF, 0xBB, 0x03, 0x00, 0x00, 0x4D, 0xFF, 0xFF, 0xCB, 0x32, 0x27,
  0xB1, 0xFF, 0xFF, 0x72, 0x00, 0x00, 0xAF, 0xFF, 0xFF, 0x2E, 0x00, 0x00, 0x12, 0xF8, 0xFF, 0xD4,
  0x00, 0x00, 0xE8, 0xFF, 0xEB, 0x00, 0x00, 0x00, 0x00, 0xC5, 0xFF, 0xFF, 0x0F, 0x02, 0xFC, 0xFF,
  0xD4, 0x00, 0x00, 0x00, 0x00, 0xAD, 0xFF, 0xFF, 0x25, 0x09, 0xFF, 0xFF, 0xCD, 0x00, 0x00, 0x00,
  0x00, 0xA5, 0xFF, 0xFF, 0x30, 0x00, 0xF8, 0xFF, 0xD8, 0x00, 0x00, 0x00, 0x00, 0xB1, 0xFF, 0xFF,
  0x1F, 0x00, 0xE1, 0xFF, 0xF2, 0x01, 0x00, 0x00, 0x00, 0xCE, 0xFF, 0xFD, 0x0A, 0x00, 0xA1, 0xFF,
  0xFF, 0x38, 0x00, 0x00, 0x18, 0xFB, 0xFF, 0xC6, 0x00, 0x00, 0x41, 0xFF, 0xFF, 0xD0, 0x33, 0x28,
  0xB6, 0xFF, 0xFF, 0x64, 0x00, 0x00, 0x00, 0x8F, 0xFF, 0xFF, 0xFF, 0xFF, 0xFF, 0xFF, 0xB3, 0x01,
  0x00, 0x00, 0x00, 0x00, 0x5B, 0xC2, 0xF0, 0xF3, 0xCE, 0x70, 0x03, 0x00, 0x00, 0x00, 0x00, 0x0A,
  0x98, 0xFF, 0xFF, 0xC0, 0x00, 0x00, 0x00, 0x00, 0x30, 0xD7, 0xFF, 0xFF, 0xFF, 0xC0, 0x00, 0x00,
  0x00, 0x1B, 0xF9, 0xFF, 0xFD, 0xFF, 0xFF, 0xC0, 0x00, 0x00, 0x00, 0x24, 0xFF, 0xD2, 0x4B, 0xFF,
  0xFF, 0xC0, 0x00, 0x00, 0x00, 0x21, 0x8B, 0x07, 0x1C, 0xFF, 0xFF, 0xC0, 0x00, 0x00, 0x00, 0x00,
  0x00, 0x00, 0x1C, 0xFF, 0xFF, 0xC0, 0x00, 0x00, 0x00, 0x00, 0x00, 0x00, 0x1C, 0xFF, 0xFF, 0xC0,
  0x00, 0x00, 0x00, 0x00, 0x00, 0x00, 0x1C, 0xFF, 0xFF, 0xC0, 0x00, 0x00, 0x00, 0x00, 0x00, 0x00,
  0x1C, 0xFF, 0xFF, 0xC0, 0x00, 0x00, 0x00, 0x00, 0x00, 0x00, 0x1C, 0xFF, 0xFF, 0xC0, 0x00, 0x00,
  0x00, 0x0A, 0x4C, 0x4C, 0x5F, 0xFF, 0xFF, 0xD3, 0x4C, 0x4C, 0x10, 0x24, 0xFF, 0xFF, 0xFF, 0xFF,
  0xFF, 0xFF, 0xFF, 0xFF, 0x38, 0x24, 0xFF, 0xFF, 0xFF, 0xFF, 0xFF, 0xFF, 0xFF, 0xFF, 0x38, 0x00,
  0x00, 0x25, 0x9E, 0xE0, 0xF9, 0xEE, 0xC2, 0x59, 0x00, 0x00, 0x00, 0x35, 0xF3, 0xFF, 0xFF, 0xFF,
  0xFF, 0xFF, 0xFF, 0x86, 0x00, 0x00, 0xCE, 0xFF, 0xFF, 0x7B, 0x22, 0x3D, 0xE3, 0xFF, 0xFD, 0x21,
  0x1D, 0xFF, 0xFF, 0xC8, 0x00, 0x00, 0x00, 0x7A, 0xFF, 0xFF, 0x61, 0x20, 0x98, 0x98, 0x61, 0x00,
  0x00, 0x00, 0x8C, 0xFF, 0xFF, 0x67, 0x00, 0x00, 0x00, 0x00, 0x00, 0x00, 0x26, 0xEF, 0xFF, 0xFD,
  0x23, 0x00, 0x00, 0x00, 0x00, 0x00, 0x2B, 0xE5, 0xFF, 0xFF, 0x89, 0x00, 0x00, 0x00, 0x00, 0x00,
  0x3F, 0xEE, 0xFF, 0xFF, 0x9F, 0x02, 0x00, 0x00, 0x00, 0x00, 0x5B, 0xF9, 0xFF, 0xFF, 0x84, 0x00,
  0x00, 0x00, 0x00, 0x00, 0x7D, 0xFF, 0xFF, 0xF6, 0x5A, 0x00, 0x00, 0x00, 0x00, 0x05, 0x9E, 0xFF,
  0xFF, 0xED, 0x48, 0x14, 0x14, 0x14, 0x14, 0x0C, 0x6A, 0xFF, 0xFF, 0xFF, 0xFF, 0xFF, 0xFF, 0xFF,
  0xFF, 0xFF, 0xA4, 0x70, 0xFF, 0xFF, 0xFF, 0xFF, 0xFF, 0xFF, 0xFF, 0xFF, 0xFF, 0xA4, 0x00, 0x00,
  0x49, 0xB7, 0xEB, 0xFB, 0xEE, 0xC4, 0x6B, 0x05, 0x00, 0x00, 0x00, 0x64, 0xFF, 0xFF, 0xFF, 0xFF,
  0xFF, 0xFF, 0xFF, 0xB1, 0x00, 0x00, 0x03, 0xEB, 0xFF, 0xFF, 0x94, 0x5F, 0x82, 0xF6, 0xFF, 0xFF,
  0x37, 0x00, 0x15, 0xC8, 0xC8, 0x9C, 0x00, 0x00, 0x00, 0x92, 0xFF, 0xFF, 0x4E, 0x00, 0x00, 0x00,
  0x00, 0x00, 0x00, 0x01, 0x23, 0xCF, 0xFF, 0xED, 0x13, 0x00, 0x00, 0x00, 0x00, 0x00, 0xA0, 0xFF,
  0xFF, 0xFF, 0xC6, 0x30, 0x00, 0x00, 0x00, 0x00, 0x00, 0x00, 0xA0, 0xFF, 0xFF, 0xFF, 0xE1, 0x50,
  0x00, 0x00, 0x00, 0x00, 0x00, 0x00, 0x0C, 0x16, 0x3C, 0xD6, 0xFF, 0xFC, 0x28, 0x00, 0x14, 0x40,
  0x40, 0x22, 0x00, 0x00, 0x00, 0x61, 0xFF, 0xFF, 0x75, 0x00, 0x41, 0xFF, 0xFF, 0xAA, 0x00, 0x00,
  0x00, 0x75, 0xFF, 0xFF, 0x7D, 0x00, 0x0C, 0xF2, 0xFF, 0xFD, 0x92, 0x60, 0x81, 0xF2, 0xFF, 0xFF,
  0x3C, 0x00, 0x00, 0x65, 0xFF, 0xFF, 0xFF, 0xFF, 0xFF, 0xFF, 0xFF, 0x94, 0x00, 0x00, 0x00, 0x00,
  0x43, 0xB4, 0xEA, 0xFB, 0xEC, 0xBA, 0x54, 0x00, 0x00, 0x00, 0x00, 0x00, 0x00, 0x00, 0x00, 0x01,
  0xB6, 0xFF, 0xFF, 0x80, 0x00, 0x00, 0x00, 0x00, 0x00, 0x00, 0x00, 0x79, 0xFF, 0xFF, 0xFF, 0x80,
  0x00, 0x00, 0x00, 0x00, 0x00, 0x00, 0x3D, 0xFB, 0xFF, 0xFF, 0xFF, 0x80, 0x00, 0x00, 0x00, 0x00,
  0x00, 0x14, 0xE4, 0xFF, 0xC0, 0xFF, 0xFF, 0x80, 0x00, 0x00, 0x00, 0x00, 0x01, 0xB8, 0xFF, 0xAB,
  0x58, 0xFF, 0xFF, 0x80, 0x00, 0x00, 0x00, 0x00, 0x7A, 0xFF, 0xDC, 0x0E, 0x58, 0xFF, 0xFF, 0x80,
  0x00, 0x00, 0x00, 0x3E, 0xFC, 0xF8, 0x32, 0x00, 0x58, 0xFF, 0xFF, 0x80, 0x00, 0x00, 0x15, 0xE5,
  0xFF, 0x6B, 0x00, 0x00, 0x58, 0xFF, 0xFF, 0x80, 0x00, 0x00, 0x93, 0xFF, 0xFF, 0xFF, 0xFF, 0xFF,
  0xFF, 0xFF, 0xFF, 0xFF, 0xFF, 0x04, 0xA0, 0xFF, 0xFF, 0xFF, 0xFF, 0xFF, 0xFF, 0xFF, 0xFF, 0xFF,
  0xFF, 0x04, 0x0C, 0x14, 0x14, 0x14, 0x14, 0x14, 0x65, 0xFF, 0xFF, 0x8A, 0x14, 0x00, 0x00, 0x00,
  0x00, 0x00, 0x00, 0x00, 0x58, 0xFF, 0xFF, 0x80, 0x00, 0x00, 0x00, 0x00, 0x00, 0x00, 0x00, 0x00,
  0x58, 0xFF, 0xFF, 0x80, 0x00, 0x00, 0x00, 0xC4, 0xFF, 0xFF, 0xFF, 0xFF, 0xFF, 0xFF, 0xFF, 0xE8,
  0x00, 0x00, 0xC4, 0xFF, 0xFF, 0xFF, 0xFF, 0xFF, 0xFF, 0xFF, 0xE8, 0x00, 0x00, 0xC4, 0xFF, 0xFF,
  0x26, 0x14, 0x14, 0x14, 0x14, 0x12, 0x00, 0x00, 0xC4, 0xFF, 0xFF, 0x14, 0x01, 0x0D, 0x00, 0x00,
  0x00, 0x00, 0x00, 0xC4, 0xFF, 0xFF, 0xB6, 0xFA, 0xFF, 0xEF, 0x97, 0x0E, 0x00, 0x00, 0xC4, 0xFF,
  0xFF, 0xFF, 0xFF, 0xFF, 0xFF, 0xFF, 0xCA, 0x04, 0x00, 0xBD, 0xF8, 0xF6, 0x69, 0x09, 0x32, 0xDB,
  0xFF, 0xFF, 0x54, 0x00, 0x00, 0x00, 0x00, 0x00, 0x00, 0x00, 0x5B, 0xFF, 0xFF, 0x90, 0x00, 0x00,
  0x00, 0x00, 0x00, 0x00, 0x00, 0x3C, 0xFF, 0xFF, 0x9C, 0x01, 0xB1, 0xB4, 0x9F, 0x00, 0x00, 0x00,
  0x61, 0xFF, 0xFF, 0x7E, 0x00, 0xC9, 0xFF, 0xFF, 0x77, 0x1E, 0x40, 0xDE, 0xFF, 0xFD, 0x27, 0x00,
  0x3E, 0xF9, 0xFF, 0xFF, 0xFF, 0xFF, 0xFF, 0xFF, 0x75, 0x00, 0x00, 0x00, 0x2F, 0xA7, 0xE4, 0xF9,
  0xEC, 0xB7, 0x48, 0x00, 0x00, 0x00, 0x00, 0x00, 0x3F, 0xAF, 0xE6, 0xF8, 0xE0, 0xA2, 0x2B, 0x00,
  0x00, 0x00, 0x00, 0x6B, 0xFD, 0xFF, 0xFF, 0xFF, 0xFF, 0xFF, 0xEF, 0x27, 0x00, 0x00, 0x2B, 0xFA,
  0xFF, 0xB3, 0x30, 0x1B, 0x69, 0xFF, 0xFF, 0x8E, 0x00, 0x00, 0x92, 0xFF, 0xF1, 0x0B, 0x00, 0x00,
  0x00, 0x03, 0x04, 0x02, 0x00, 0x00, 0xD8, 0xFF, 0xB7, 0x70, 0xD2, 0xF8, 0xF2, 0xBC, 0x3D, 0x00,
  0x00, 0x00, 0xF4, 0xFF, 0xF5, 0xFF, 0xFF, 0xFF, 0xFF, 0xFF, 0xFB, 0x3D, 0x00, 0x07, 0xFF, 0xFF,
  0xFF, 0xAA, 0x29, 0x2B, 0xB0, 0xFF, 0xFF, 0xBD, 0x00, 0x05, 0xFF, 0xFF, 0xF1, 0x09, 0x00, 0x00,
  0x0C, 0xF6, 0xFF, 0xF4, 0x00, 0x00, 0xF2, 0xFF, 0xD2, 0x00, 0x00, 0x00, 0x00, 0xDA, 0xFF, 0xFC,
  0x01, 0x00, 0xC0, 0xFF, 0xF1, 0x09, 0x00, 0x00, 0x0D, 0xF6, 0xFF, 0xDF, 0x00, 0x00, 0x64, 0xFF,
  0xFF, 0xAA, 0x29, 0x2B, 0xB0, 0xFF, 0xFF, 0x85, 0x00, 0x00, 0x02, 0xB4, 0xFF, 0xFF, 0xFF, 0xFF,
  0xFF, 0xFF, 0xC9, 0x0A, 0x00, 0x00, 0x00, 0x03, 0x6B, 0xC9, 0xF4, 0xF6, 0xD3, 0x79, 0x07, 0x00,
  0x00, 0xA0, 0xFF, 0xFF, 0xFF, 0xFF, 0xFF, 0xFF, 0xFF, 0xFF, 0xB0, 0xA0, 0xFF, 0xFF, 0xFF, 0xFF,
  0xFF, 0xFF, 0xFF, 0xFF, 0xAE, 0x0C, 0x14, 0x14, 0x14, 0x14, 0x14, 0x78, 0xFF, 0xFF, 0x6B, 0x00,
  0x00, 0x00, 0x00, 0x00, 0x00, 0xD1, 0xFF, 0xF6, 0x10, 0x00, 0x00, 0x00, 0x00, 0x00, 0x3B, 0xFF,
  0xFF, 0xA2, 0x00, 0x00, 0x00, 0x00, 0x00, 0x00, 0xA4, 0xFF, 0xFF, 0x3E, 0x00, 0x00, 0x00, 0x00,
  0x00, 0x14, 0xF8, 0xFF, 0xD9, 0x00, 0x00, 0x00, 0x00, 0x00, 0x00, 0x76, 0xFF, 0xFF, 0x76, 0x00,
  0x00, 0x00, 0x00, 0x00, 0x01, 0xDD, 0xFF, 0xFB, 0x17, 0x00, 0x00, 0x00, 0x00, 0x00, 0x48, 0xFF,
  0xFF, 0xAE, 0x00, 0x00, 0x00, 0x00, 0x00, 0x00, 0xB1, 0xFF, 0xFF, 0x4A, 0x00, 0x00, 0x00, 0x00,
  0x00, 0x1D, 0xFC, 0xFF, 0xE3, 0x02, 0x00, 0x00, 0x00, 0x00, 0x00, 0x83, 0xFF, 0xFF, 0x82, 0x00,
  0x00, 0x00, 0x00, 0x00, 0x00, 0x1A, 0x94, 0xDB, 0xF8, 0xF7, 0xDA, 0x91, 0x17, 0x00, 0x00, 0x00,
  0x21, 0xE9, 0xFF, 0xFF, 0xFF, 0xFF, 0xFF, 0xFF, 0xE5, 0x1D, 0x00, 0x00, 0x9A, 0xFF, 0xFF, 0x9C,
  0x24, 0x25, 0xA1, 0xFF, 0xFF, 0x95, 0x00, 0x00, 0xBA, 0xFF, 0xFF, 0x1F, 0x00, 0x00, 0x24, 0xFF,
  0xFF, 0xB5, 0x00, 0x00, 0x81, 0xFF, 0xFF, 0x67, 0x00, 0x00, 0x6E, 0xFF, 0xFF, 0x7A, 0x00, 0x00,
  0x0B, 0xB5, 0xFF, 0xFF, 0xBD, 0xC0, 0xFF, 0xFF, 0xAB, 0x07, 0x00, 0x00, 0x00, 0x43, 0xDB, 0xFF,
  0xFF, 0xFF, 0xFF, 0xD5, 0x3B, 0x00, 0x00, 0x00, 0x6B, 0xFF, 0xFF, 0xD3, 0x65, 0x68, 0xD6, 0xFF,
  0xFE, 0x65, 0x00, 0x05, 0xF3, 0xFF, 0xE4, 0x0B, 0x00, 0x00, 0x0E, 0xE9, 0xFF, 0xF0, 0x01, 0x1B,
  0xFF, 0xFF, 0xC4, 0x00, 0x00, 0x00, 0x00, 0xCC, 0xFF, 0xFF, 0x13, 0x03, 0xE7, 0xFF, 0xFE, 0x72,
  0x21, 0x22, 0x77, 0xFF, 0xFF, 0xE2, 0x01, 0x00, 0x50, 0xFA, 0xFF, 0xFF, 0xFF, 0xFF, 0xFF, 0xFF,
  0xF9, 0x4A, 0x00, 0x00, 0x00, 0x2E, 0xA0, 0xDF, 0xF9, 0xF9, 0xDE, 0x9F, 0x2C, 0x00, 0x00, 0x00,
  0x00, 0x1B, 0x94, 0xDD, 0xF8, 0xF0, 0xC1, 0x5D, 0x00, 0x00, 0x00, 0x00, 0x2E, 0xEE, 0xFF, 0xFF,
  0xFF, 0xFF, 0xFF, 0xFF, 0x9A, 0x00, 0x00, 0x00, 0xC8, 0xFF, 0xFF, 0xBC, 0x66, 0x70, 0xDB, 0xFF,
  0xFF, 0x45, 0x00, 0x0F, 0xFF, 0xFF, 0xDA, 0x04, 0x00, 0x00, 0x1C, 0xFE, 0xFF, 0xA1, 0x00, 0x1E,
  0xFF, 0xFF, 0xC2, 0x00, 0x00, 0x00, 0x03, 0xF7, 0xFF, 0xD1, 0x00, 0x05, 0xF3, 0xFF, 0xFD, 0x66,
  0x0D, 0x16, 0x92, 0xFF, 0xFF, 0xE4, 0x00, 0x00, 0x85, 0xFF, 0xFF, 0xFF, 0xFF, 0xFF, 0xFF, 0xFC,
  0xFF, 0xE6, 0x00, 0x00, 0x02, 0x6A, 0xDA, 0xFC, 0xFF, 0xE1, 0x78, 0xD0, 0xFF, 0xD2, 0x00, 0x00,
  0x00, 0x00, 0x00, 0x05, 0x0A, 0x00, 0x04, 0xF3, 0xFF, 0xB6, 0x00, 0x00, 0x3A, 0x48, 0x41, 0x00,
  0x00, 0x00, 0x55, 0xFF, 0xFF, 0x6D, 0x00, 0x00, 0x9B, 0xFF, 0xFF, 0x9B, 0x5D, 0x7E, 0xF2, 0xFF,
  0xED, 0x15, 0x00, 0x00, 0x28, 0xED, 0xFF, 0xFF, 0xFF, 0xFF, 0xFF, 0xF8, 0x51, 0x00, 0x00, 0x00,
  0x00, 0x28, 0xA0, 0xDF, 0xF8, 0xE6, 0xA8, 0x32, 0x00, 0x00, 0x00, 0x00, 0x3F, 0xE6, 0xDC, 0x2B,
  0x00, 0x00, 0x9F, 0xFF, 0xFF, 0x82, 0x00, 0x00, 0x3D, 0xE6, 0xDB, 0x29, 0x00, 0x00, 0x00, 0x00,
  0x00, 0x00, 0x00, 0x00, 0x00, 0x00, 0x00, 0x00, 0x00, 0x00, 0x00, 0x00, 0x00, 0x00, 0x00, 0x00,
  0x00, 0x00, 0x00, 0x00, 0x00, 0x00, 0x3F, 0xE6, 0xDC, 0x2B, 0x00, 0x00, 0x9F, 0xFF, 0xFF, 0x82,
  0x00, 0x00, 0x3D, 0xE6, 0xDB, 0x29, 0x00, 0x00, 0x3F, 0xE6, 0xDC, 0x2B, 0x00, 0x00, 0x9F, 0xFF,
  0xFF, 0x82, 0x00, 0x00, 0x3D, 0xE6, 0xDB, 0x29, 0x00, 0x00, 0x00, 0x00, 0x00, 0x00, 0x00, 0x00,
  0x00, 0x00, 0x00, 0x00, 0x00, 0x00, 0x00, 0x00, 0x00, 0x00, 0x00, 0x00, 0x00, 0x00, 0x00, 0x00,
  0x00, 0x00, 0x00, 0x00, 0x00, 0x00, 0x00, 0x00, 0x64, 0xFF, 0xFF, 0x48, 0x00, 0x00, 0x64, 0xFF,
  0xFF, 0x48, 0x00, 0x00, 0x76, 0xFF, 0xF2, 0x21, 0x00, 0x00, 0xBA, 0xFF, 0x53, 0x00, 0x00, 0x09,
  0xF7, 0x88, 0x00, 0x00, 0x00, 0x00, 0x00, 0x00, 0x00, 0x00, 0x00, 0x00, 0x01, 0x48, 0xB8, 0x0F,
  0x00, 0x00, 0x00, 0x00, 0x00, 0x0A, 0x67, 0xD7, 0xFF, 0xFF, 0x10, 0x00, 0x00, 0x00, 0x1B, 0x87,
  0xED, 0xFF, 0xFF, 0xFF, 0xEF, 0x0C, 0x00, 0x36, 0xA6, 0xFB, 0xFF, 0xFF, 0xFF, 0xC5, 0x5F, 0x09,
  0x00, 0x38, 0xFF, 0xFF, 0xFF, 0xED, 0x90, 0x2A, 0x00, 0x00, 0x00, 0x00, 0x3C, 0xFF, 0xFF, 0xFF,
  0xBC, 0x4F, 0x03, 0x00, 0x00, 0x00, 0x00, 0x0F, 0x87, 0xED, 0xFF, 0xFF, 0xFF, 0xE5, 0x84, 0x20,
  0x00, 0x00, 0x00, 0x00, 0x0A, 0x68, 0xD7, 0xFF, 0xFF, 0xFF, 0xFD, 0xB8, 0x08, 0x00, 0x00, 0x00,
  0x00, 0x01, 0x4A, 0xBB, 0xFF, 0xFF, 0xFF, 0x10, 0x00, 0x00, 0x00, 0x00, 0x00, 0x00, 0x00, 0x2C,
  0x9C, 0xF7, 0x10, 0x00, 0x00, 0x00, 0x00, 0x00, 0x00, 0x00, 0x00, 0x00, 0x15, 0x04, 0x00, 0x00,
  0x00, 0x00, 0x00, 0x00, 0x00, 0x00, 0x00, 0x00, 0x00, 0x3C, 0xFF, 0xFF, 0xFF, 0xFF, 0xFF, 0xFF,
  0xFF, 0xFF, 0xFF, 0x10, 0x3C, 0xFF, 0xFF, 0xFF, 0xFF, 0xFF, 0xFF, 0xFF, 0xFF, 0xFF, 0x10, 0x04,
  0x14, 0x14, 0x14, 0x14, 0x14, 0x14, 0x14, 0x14, 0x14, 0x01, 0x00, 0x00, 0x00, 0x00, 0x00, 0x00,
  0x00, 0x00, 0x00, 0x00, 0x00, 0x3C, 0xFF, 0xFF, 0xFF, 0xFF, 0xFF, 0xFF, 0xFF, 0xFF, 0xFF, 0x10,
  0x3C, 0xFF, 0xFF, 0xFF, 0xFF, 0xFF, 0xFF, 0xFF, 0xFF, 0xFF, 0x10, 0x04, 0x14, 0x14, 0x14, 0x14,
  0x14, 0x14, 0x14, 0x14, 0x14, 0x01, 0x00, 0x00, 0x00, 0x00, 0x00, 0x00, 0x00, 0x00, 0x00, 0x00,
  0x00, 0x00, 0x00, 0x00, 0x00, 0x00, 0x00, 0x00, 0x00, 0x00, 0x00, 0x00, 0x00, 0x00, 0x00, 0x00,
  0x00, 0x00, 0x00, 0x00, 0x00, 0x00, 0x00, 0x36, 0xA5, 0x35, 0x00, 0x00, 0x00, 0x00, 0x00, 0x00,
  0x00, 0x00, 0x3C, 0xFF, 0xFF, 0xC4, 0x54, 0x03, 0x00, 0x00, 0x00, 0x00, 0x00, 0x34, 0xFE, 0xFF,
  0xFF, 0xFF, 0xE0, 0x73, 0x0F, 0x00, 0x00, 0x00, 0x00, 0x20, 0x85, 0xE6, 0xFF, 0xFF, 0xFF, 0xF3,
  0x93, 0x24, 0x00, 0x00, 0x00, 0x00, 0x04, 0x50, 0xB5, 0xFD, 0xFF, 0xFF, 0xFE, 0x0E, 0x00, 0x00,
  0x00, 0x00, 0x03, 0x4C, 0xC9, 0xFF, 0xFF, 0xFF, 0x10, 0x00, 0x00, 0x1E, 0x81, 0xE3, 0xFF, 0xFF,
  0xFF, 0xE0, 0x74, 0x03, 0x1C, 0xB6, 0xFD, 0xFF, 0xFF, 0xFF, 0xC6, 0x55, 0x03, 0x00, 0x00, 0x3C,
  0xFF, 0xFF, 0xFB, 0xA7, 0x36, 0x00, 0x00, 0x00, 0x00, 0x00, 0x3C, 0xEE, 0x89, 0x1C, 0x00, 0x00,
  0x00, 0x00, 0x00, 0x00, 0x00, 0x0E, 0x0A, 0x00, 0x00, 0x00, 0x00, 0x00, 0x00, 0x00, 0x00, 0x00,
  0x00, 0x00, 0x00, 0x00, 0x00, 0x00, 0x00, 0x00, 0x00, 0x00, 0x00, 0x00, 0x00, 0x48, 0xBD, 0xF1,
  0xF4, 0xCE, 0x6E, 0x04, 0x00, 0x00, 0x72, 0xFF, 0xFF, 0xFF, 0xFF, 0xFF, 0xFF, 0xAC, 0x00, 0x18,
  0xF9, 0xFF, 0xBE, 0x2C, 0x25, 0xAC, 0xFF, 0xFF, 0x38, 0x30, 0xAC, 0xAC, 0x30, 0x00, 0x00, 0x30,
  0xFF, 0xFF, 0x5D, 0x00, 0x00, 0x00, 0x00, 0x00, 0x00, 0x85, 0xFF, 0xFF, 0x34, 0x00, 0x00, 0x00,
  0x00, 0x02, 0x8E, 0xFF, 0xFF, 0xA7, 0x00, 0x00, 0x00, 0x00, 0x00, 0x99, 0xFF, 0xFF, 0xAB, 0x07,
  0x00, 0x00, 0x00, 0x00, 0x21, 0xFF, 0xFF, 0xAA, 0x01, 0x00, 0x00, 0x00, 0x00, 0x00, 0x27, 0xB4,
  0xB4, 0x35, 0x00, 0x00, 0x00, 0x00, 0x00, 0x00, 0x00, 0x00, 0x00, 0x00, 0x00, 0x00, 0x00, 0x00,
  0x00, 0x00, 0x2F, 0xDE, 0xE4, 0x3B, 0x00, 0x00, 0x00, 0x00, 0x00, 0x00, 0x87, 0xFF, 0xFF, 0x9A,
  0x00, 0x00, 0x00, 0x00, 0x00, 0x00, 0x2D, 0xDE, 0xE3, 0x39, 0x00, 0x00, 0x00, 0x00, 0x00, 0x00,
  0x00, 0x00, 0x23, 0x85, 0xCA, 0xEB, 0xF9, 0xE4, 0xCA, 0x87, 0x2F, 0x00, 0x00, 0x00, 0x00, 0x00,
  0x00, 0x00, 0x00, 0x07, 0x93, 0xFC, 0xFF, 0xFF, 0xFF, 0xFF, 0xFF, 0xFF, 0xFF, 0xFF, 0xA3, 0x11,
  0x00, 0x00, 0x00, 0x00, 0x00, 0x09, 0xC5, 0xFF, 0xFE, 0xAE, 0x56, 0x2D, 0x1A, 0x2D, 0x58, 0xA9,
  0xFD, 0xFF, 0xD7, 0x0E, 0x00, 0x00, 0x00, 0x00, 0xA2, 0xFF, 0xE6, 0x3F, 0x00, 0x00, 0x00, 0x00,
  0x00, 0x00, 0x00, 0x34, 0xE5, 0xFF, 0xB0, 0x00, 0x00, 0x00, 0x34, 0xFF, 0xF8, 0x36, 0x00, 0x5A,
  0xD8, 0xF9, 0xD9, 0x5A, 0xFF, 0xFC, 0x00, 0x2D, 0xF9, 0xFF, 0x3B, 0x00, 0x00, 0x97, 0xFF, 0x99,
  0x00, 0x45, 0xFF, 0xFF, 0xFF, 0xFD, 0xF8, 0xFF, 0xFC, 0x00, 0x00, 0xA1, 0xFF, 0x91, 0x00, 0x00,
  0xDB, 0xFF, 0x3B, 0x00, 0xAC, 0xFF, 0xD9, 0x1A, 0x0A, 0xA6, 0xFF, 0xFC, 0x00, 0x00, 0x53, 0xFF,
  0xC2, 0x00, 0x00, 0xF8, 0xFF, 0x15, 0x00, 0xD6, 0xFF, 0x7D, 0x00, 0x00, 0x2F, 0xFF, 0xFC, 0x00,
  0x00, 0x34, 0xFF, 0xD6, 0x00, 0x08, 0xFF, 0xFF, 0x03, 0x00, 0xDF, 0xFF, 0x69, 0x00, 0x00, 0x20,
  0xFF, 0xFC, 0x00, 0x00, 0x2F, 0xFF, 0xCC, 0x00, 0x00, 0xFB, 0xFF, 0x1A, 0x00, 0xD4, 0xFF, 0x7D,
  0x00, 0x00, 0x30, 0xFF, 0xFE, 0x01, 0x00, 0x52, 0xFF, 0xAD, 0x00, 0x00, 0xD7, 0xFF, 0x45, 0x00,
  0xA6, 0xFF, 0xD9, 0x1A, 0x0B, 0xA8, 0xFF, 0xFF, 0x2E, 0x18, 0xCA, 0xFF, 0x5F, 0x00, 0x00, 0x96,
  0xFF, 0xA5, 0x00, 0x3B, 0xFD, 0xFF, 0xFF, 0xFD, 0xFE, 0xC4, 0xFF, 0xFE, 0xFE, 0xFF, 0xCB, 0x04,
  0x00, 0x00, 0x33, 0xFF, 0xFC, 0x42, 0x00, 0x4E, 0xD1, 0xFA, 0xDF, 0x61, 0x18, 0xBD, 0xF7, 0xE7,
  0x96, 0x0F, 0x00, 0x00, 0x00, 0x00, 0x93, 0xFF, 0xED, 0x4B, 0x00, 0x00, 0x00, 0x00, 0x00, 0x00,
  0x00, 0x00, 0x00, 0x00, 0x00, 0x00, 0x00, 0x00, 0x00, 0x05, 0xBF, 0xFF, 0xFF, 0xB8, 0x60, 0x32,
  0x1A, 0x1C, 0x33, 0x64, 0xB0, 0x00, 0x00, 0x00, 0x00, 0x00, 0x00, 0x00, 0x00, 0x04, 0x86, 0xFD,
  0xFF, 0xFF, 0xFF, 0xFF, 0xFF, 0xFF, 0xFF, 0xF8, 0x00, 0x00, 0x00, 0x00, 0x00, 0x00, 0x00, 0x00,
  0x00, 0x00, 0x24, 0x85, 0xC7, 0xEE, 0xFC, 0xF5, 0xD9, 0x9E, 0x3C, 0x00, 0x00, 0x00, 0x00, 0x00,
  0x00, 0x00, 0x00, 0x00, 0x16, 0xFA, 0xFF, 0xFF, 0x2C, 0x00, 0x00, 0x00, 0x00, 0x00, 0x00, 0x00,
  0x00, 0x72, 0xFF, 0xFF, 0xFF, 0x8D, 0x00, 0x00, 0x00, 0x00, 0x00, 0x00, 0x00, 0x00, 0xD3, 0xFF,
  0xFF, 0xFF, 0xE9, 0x05, 0x00, 0x00, 0x00, 0x00, 0x00, 0x00, 0x34, 0xFF, 0xFF, 0xEA, 0xFF, 0xFF,
  0x4F, 0x00, 0x00, 0x00, 0x00, 0x00, 0x00, 0x96, 0xFF, 0xFD, 0x4F, 0xFF, 0xFF, 0xB1, 0x00, 0x00,
  0x00, 0x00, 0x00, 0x08, 0xEE, 0xFF, 0xBA, 0x00, 0xDB, 0xFF, 0xFB, 0x17, 0x00, 0x00, 0x00, 0x00,
  0x58, 0xFF, 0xFF, 0x5F, 0x00, 0x80, 0xFF, 0xFF, 0x73, 0x00, 0x00, 0x00, 0x00, 0xB9, 0xFF, 0xF7,
  0x0E, 0x00, 0x25, 0xFF, 0xFF, 0xD4, 0x00, 0x00, 0x00, 0x1D, 0xFD, 0xFF, 0xFF, 0xFF, 0xFF, 0xFF,
  0xFF, 0xFF, 0xFF, 0x36, 0x00, 0x00, 0x7C, 0xFF, 0xFF, 0xFF, 0xFF, 0xFF, 0xFF, 0xFF, 0xFF, 0xFF,
  0x97, 0x00, 0x00, 0xDC, 0xFF, 0xE2, 0x4C, 0x4C, 0x4C, 0x4C, 0x50, 0xF7, 0xFF, 0xEF, 0x08, 0x3E,
  0xFF, 0xFF, 0x85, 0x00, 0x00, 0x00, 0x00, 0x00, 0xA7, 0xFF, 0xFF, 0x59, 0x9F, 0xFF, 0xFF, 0x27,
  0x00, 0x00, 0x00, 0x00, 0x00, 0x45, 0xFF, 0xFF, 0xBB, 0x00, 0x7C, 0xFF, 0xFF, 0xFF, 0xFF, 0xFF,
  0xFB, 0xE4, 0xA6, 0x27, 0x00, 0x00, 0x00, 0x7C, 0xFF, 0xFF, 0xFF, 0xFF, 0xFF, 0xFF, 0xFF, 0xFF,
  0xEE, 0x1C, 0x00, 0x00, 0x7C, 0xFF, 0xFF, 0x6C, 0x14, 0x15, 0x2E, 0xB7, 0xFF, 0xFF, 0x7A, 0x00,
  0x00, 0x7C, 0xFF, 0xFF, 0x60, 0x00, 0x00, 0x00, 0x50, 0xFF, 0xFF, 0x8D, 0x00, 0x00, 0x7C, 0xFF,
  0xFF, 0x60, 0x00, 0x01, 0x1B, 0xB0, 0xFF, 0xFF, 0x4F, 0x00, 0x00, 0x7C, 0xFF, 0xFF, 0xFF, 0xFF,
  0xFF, 0xFF, 0xFF, 0xF7, 0x7C, 0x00, 0x00, 0x00, 0x7C, 0xFF, 0xFF, 0xFF, 0xFF, 0xFF, 0xFF, 0xFF,
  0xFE, 0xB5, 0x16, 0x00, 0x00, 0x7C, 0xFF, 0xFF, 0x6C, 0x14, 0x14, 0x25, 0x77, 0xFF, 0xFF, 0xBC,
  0x00, 0x00, 0x7C, 0xFF, 0xFF, 0x60, 0x00, 0x00, 0x00, 0x00, 0xC9, 0xFF, 0xFF, 0x0F, 0x00, 0x7C,
  0xFF, 0xFF, 0x60, 0x00, 0x00, 0x00, 0x00, 0xC3, 0xFF, 0xFF, 0x1F, 0x00, 0x7C, 0xFF, 0xFF, 0x6C,
  0x14, 0x14, 0x22, 0x6C, 0xFE, 0xFF, 0xED, 0x03, 0x00, 0x7C, 0xFF, 0xFF, 0xFF, 0xFF, 0xFF, 0xFF,
  0xFF, 0xFF, 0xFF, 0x6E, 0x00, 0x00, 0x7C, 0xFF, 0xFF, 0xFF, 0xFF, 0xFF, 0xFE, 0xEF, 0xC0, 0x57,
  0x00, 0x00, 0x00, 0x00, 0x00, 0x1F, 0x8B, 0xD6, 0xF4, 0xF4, 0xD6, 0x92, 0x21, 0x00, 0x00, 0x00,
  0x00, 0x4D, 0xF2, 0xFF, 0xFF, 0xFF, 0xFF, 0xFF, 0xFF, 0xF8, 0x4E, 0x00, 0x00, 0x24, 0xF3, 0xFF,
  0xFB, 0x7E, 0x23, 0x29, 0x91, 0xFF, 0xFF, 0xF1, 0x16, 0x00, 0x90, 0xFF, 0xFF, 0x80, 0x00, 0x00,
  0x00, 0x00, 0xB5, 0xFF, 0xFF, 0x63, 0x00, 0xDD, 0xFF, 0xFF, 0x1B, 0x00, 0x00, 0x00, 0x00, 0x1F,
  0x44, 0x44, 0x23, 0x00, 0xF8, 0xFF, 0xF5, 0x00, 0x00, 0x00, 0x00, 0x00, 0x00, 0x00, 0x00, 0x00,
  0x09, 0xFF, 0xFF, 0xE9, 0x00, 0x00, 0x00, 0x00, 0x00, 0x00, 0x00, 0x00, 0x00, 0x00, 0xF6, 0xFF,
  0xF9, 0x00, 0x00, 0x00, 0x00, 0x00, 0x00, 0x00, 0x00, 0x00, 0x00, 0xDB, 0xFF, 0xFF, 0x25, 0x00,
  0x00, 0x00, 0x00, 0x1B, 0x3C, 0x3C, 0x1F, 0x00, 0x90, 0xFF, 0xFF, 0x8E, 0x00, 0x00, 0x00, 0x00,
  0xAD, 0xFF, 0xFF, 0x65, 0x00, 0x27, 0xF5, 0xFF, 0xFE, 0x87, 0x25, 0x28, 0x89, 0xFF, 0xFF, 0xF5,
  0x1A, 0x00, 0x00, 0x56, 0xF6, 0xFF, 0xFF, 0xFF, 0xFF, 0xFF, 0xFF, 0xFC, 0x5E, 0x00, 0x00, 0x00,
  0x00, 0x27, 0x94, 0xD9, 0xF5, 0xF6, 0xDA, 0x9C, 0x2E, 0x00, 0x00, 0x00, 0x7C, 0xFF, 0xFF, 0xFF,
  0xFF, 0xF9, 0xE3, 0xAE, 0x4D, 0x00, 0x00, 0x00, 0x00, 0x7C, 0xFF, 0xFF, 0xFF, 0xFF, 0xFF, 0xFF,
  0xFF, 0xFF, 0xAE, 0x06, 0x00, 0x00, 0x7C, 0xFF, 0xFF, 0x6C, 0x14, 0x22, 0x61, 0xE6, 0xFF, 0xFF,
  0x94, 0x00, 0x00, 0x7C, 0xFF, 0xFF, 0x60, 0x00, 0x00, 0x00, 0x27, 0xF7, 0xFF, 0xFB, 0x1A, 0x00,
  0x7C, 0xFF, 0xFF, 0x60, 0x00, 0x00, 0x00, 0x00, 0xA9, 0xFF, 0xFF, 0x5D, 0x00, 0x7C, 0xFF, 0xFF,
  0x60, 0x00, 0x00, 0x00, 0x00, 0x7C, 0xFF, 0xFF, 0x7E, 0x00, 0x7C, 0xFF, 0xFF, 0x60, 0x00, 0x00,
  0x00, 0x00, 0x6E, 0xFF, 0xFF, 0x89, 0x00, 0x7C, 0xFF, 0xFF, 0x60, 0x00, 0x00, 0x00, 0x00, 0x82,
  0xFF, 0xFF, 0x7A, 0x00, 0x7C, 0xFF, 0xFF, 0x60, 0x00, 0x00, 0x00, 0x00, 0xB8, 0xFF, 0xFF, 0x53,
  0x00, 0x7C, 0xFF, 0xFF, 0x60, 0x00, 0x00, 0x00, 0x39, 0xFC, 0xFF, 0xF4, 0x10, 0x00, 0x7C, 0xFF,
  0xFF, 0x6C, 0x14, 0x27, 0x71, 0xF1, 0xFF, 0xFF, 0x7C, 0x00, 0x00, 0x7C, 0xFF, 0xFF, 0xFF, 0xFF,
  0xFF, 0xFF, 0xFF, 0xFF, 0x93, 0x01, 0x00, 0x00, 0x7C, 0xFF, 0xFF, 0xFF, 0xFF, 0xF7, 0xDE, 0xA2,
  0x3B, 0x00, 0x00, 0x00, 0x00, 0x7C, 0xFF, 0xFF, 0xFF, 0xFF, 0xFF, 0xFF, 0xFF, 0xFF, 0xD4, 0x00,
  0x00, 0x7C, 0xFF, 0xFF, 0xFF, 0xFF, 0xFF, 0xFF, 0xFF, 0xFF, 0xD4, 0x00, 0x00, 0x7C, 0xFF, 0xFF,
  0x70, 0x14, 0x14, 0x14, 0x14, 0x14, 0x10, 0x00, 0x00, 0x7C, 0xFF, 0xFF, 0x64, 0x00, 0x00, 0x00,
  0x00, 0x00, 0x00, 0x00, 0x00, 0x7C, 0xFF, 0xFF, 0x64, 0x00, 0x00, 0x00, 0x00, 0x00, 0x00, 0x00,
  0x00, 0x7C, 0xFF, 0xFF, 0xFF, 0xFF, 0xFF, 0xFF, 0xFF, 0xFF, 0x44, 0x00, 0x00, 0x7C, 0xFF, 0xFF,
  0xFF, 0xFF, 0xFF, 0xFF, 0xFF, 0xFF, 0x44, 0x00, 0x00, 0x7C, 0xFF, 0xFF, 0x70, 0x14, 0x14, 0x14,
  0x14, 0x14, 0x05, 0x00, 0x00, 0x7C, 0xFF, 0xFF, 0x64, 0x00, 0x00, 0x00, 0x00, 0x00, 0x00, 0x00,
  0x00, 0x7C, 0xFF, 0xFF, 0x64, 0x00, 0x00, 0x00, 0x00, 0x00, 0x00, 0x00, 0x00, 0x7C, 0xFF, 0xFF,
  0x70, 0x14, 0x14, 0x14, 0x14, 0x14, 0x10, 0x00, 0x00, 0x7C, 0xFF, 0xFF, 0xFF, 0xFF, 0xFF, 0xFF,
  0xFF, 0xFF, 0xD4, 0x00, 0x00, 0x7C, 0xFF, 0xFF, 0xFF, 0xFF, 0xFF, 0xFF, 0xFF, 0xFF, 0xD4, 0x00,
  0x00, 0x7C, 0xFF, 0xFF, 0xFF, 0xFF, 0xFF, 0xFF, 0xFF, 0xFF, 0xA4, 0x00, 0x7C, 0xFF, 0xFF, 0xFF,
  0xFF, 0xFF, 0xFF, 0xFF, 0xFF, 0xA4, 0x00, 0x7C, 0xFF, 0xFF, 0x6C, 0x14, 0x14, 0x14, 0x14, 0x14,
  0x0C, 0x00, 0x7C, 0xFF, 0xFF, 0x60, 0x00, 0x00, 0x00, 0x00, 0x00, 0x00, 0x00, 0x7C, 0xFF, 0xFF,
  0x60, 0x00, 0x00, 0x00, 0x00, 0x00, 0x00, 0x00, 0x7C, 0xFF, 0xFF, 0x6C, 0x14, 0x14, 0x14, 0x14,
  0x14, 0x01, 0x00, 0x7C, 0xFF, 0xFF, 0xFF, 0xFF, 0xFF, 0xFF, 0xFF, 0xFF, 0x10, 0x00, 0x7C, 0xFF,
  0xFF, 0xFF, 0xFF, 0xFF, 0xFF, 0xFF, 0xFF, 0x10, 0x00, 0x7C, 0xFF, 0xFF, 0x60, 0x00, 0x00, 0x00,
  0x00, 0x00, 0x00, 0x00, 0x7C, 0xFF, 0xFF, 0x60, 0x00, 0x00, 0x00, 0x00, 0x00, 0x00, 0x00, 0x7C,
  0xFF, 0xFF, 0x60, 0x00, 0x00, 0x00, 0x00, 0x00, 0x00, 0x00, 0x7C, 0xFF, 0xFF, 0x60, 0x00, 0x00,
  0x00, 0x00, 0x00, 0x00, 0x00, 0x7C, 0xFF, 0xFF, 0x60, 0x00, 0x00, 0x00, 0x00, 0x00, 0x00, 0x00,
  0x00, 0x00, 0x1A, 0x88, 0xD3, 0xF5, 0xF1, 0xD4, 0x95, 0x27, 0x00, 0x00, 0x00, 0x00, 0x00, 0x44,
  0xEF, 0xFF, 0xFF, 0xFF, 0xFF, 0xFF, 0xFF, 0xFC, 0x64, 0x00, 0x00, 0x00, 0x1C, 0xF3, 0xFF, 0xFD,
  0x84, 0x27, 0x23, 0x7A, 0xFB, 0xFF, 0xFB, 0x26, 0x00, 0x00, 0x91, 0xFF, 0xFF, 0x84, 0x00, 0x00,
  0x00, 0x00, 0x82, 0xE4, 0xE4, 0x74, 0x00, 0x00, 0xDC, 0xFF, 0xFF, 0x1D, 0x00, 0x00, 0x00, 0x00,
  0x00, 0x00, 0x00, 0x00, 0x00, 0x01, 0xFB, 0xFF, 0xF5, 0x00, 0x00, 0x00, 0x0A, 0x14, 0x14, 0x14,
  0x14, 0x12, 0x00, 0x09, 0xFF, 0xFF, 0xEA, 0x00, 0x00, 0x00, 0x80, 0xFF, 0xFF, 0xFF, 0xFF, 0xEA,
  0x00, 0x00, 0xF5, 0xFF, 0xF9, 0x00, 0x00, 0x00, 0x80, 0xFF, 0xFF, 0xFF, 0xFF, 0xD8, 0x00, 0x00,
  0xD9, 0xFF, 0xFF, 0x2A, 0x00, 0x00, 0x00, 0x00, 0x00, 0xE8, 0xFF, 0xBC, 0x00, 0x00, 0x8A, 0xFF,
  0xFF, 0x99, 0x00, 0x00, 0x00, 0x00, 0x41, 0xFF, 0xFF, 0x72, 0x00, 0x00, 0x20, 0xF0, 0xFF, 0xFF,
  0x95, 0x2C, 0x22, 0x63, 0xEA, 0xFF, 0xEA, 0x15, 0x00, 0x00, 0x00, 0x46, 0xEE, 0xFF, 0xFF, 0xFF,
  0xFF, 0xFF, 0xFF, 0xF1, 0x44, 0x00, 0x00, 0x00, 0x00, 0x00, 0x1A, 0x86, 0xD1, 0xF0, 0xF6, 0xDA,
  0x92, 0x22, 0x00, 0x00, 0x00, 0x00, 0x7C, 0xFF, 0xFF, 0x60, 0x00, 0x00, 0x00, 0x00, 0x00, 0xF0,
  0xFF, 0xEC, 0x00, 0x00, 0x7C, 0xFF, 0xFF, 0x60, 0x00, 0x00, 0x00, 0x00, 0x00, 0xF0, 0xFF, 0xEC,
  0x00, 0x00, 0x7C, 0xFF, 0xFF, 0x60, 0x00, 0x00, 0x00, 0x00, 0x00, 0xF0, 0xFF, 0xEC, 0x00, 0x00,
  0x7C, 0xFF, 0xFF, 0x60, 0x00, 0x00, 0x00, 0x00, 0x00, 0xF0, 0xFF, 0xEC, 0x00, 0x00, 0x7C, 0xFF,
  0xFF, 0x60, 0x00, 0x00, 0x00, 0x00, 0x00, 0xF0, 0xFF, 0xEC, 0x00, 0x00, 0x7C, 0xFF, 0xFF, 0xFF,
  0xFF, 0xFF, 0xFF, 0xFF, 0xFF, 0xFF, 0xFF, 0xEC, 0x00, 0x00, 0x7C, 0xFF, 0xFF, 0xFF, 0xFF, 0xFF,
  0xFF, 0xFF, 0xFF, 0xFF, 0xFF, 0xEC, 0x00, 0x00, 0x7C, 0xFF, 0xFF, 0x6C, 0x14, 0x14, 0x14, 0x14,
  0x14, 0xF1, 0xFF, 0xEC, 0x00, 0x00, 0x7C, 0xFF, 0xFF, 0x60, 0x00, 0x00, 0x00, 0x00, 0x00, 0xF0,
  0xFF, 0xEC, 0x00, 0x00, 0x7C, 0xFF, 0xFF, 0x60, 0x00, 0x00, 0x00, 0x00, 0x00, 0xF0, 0xFF, 0xEC,
  0x00, 0x00, 0x7C, 0xFF, 0xFF, 0x60, 0x00, 0x00, 0x00, 0x00, 0x00, 0xF0, 0xFF, 0xEC, 0x00, 0x00,
  0x7C, 0xFF, 0xFF, 0x60, 0x00, 0x00, 0x00, 0x00, 0x00, 0xF0, 0xFF, 0xEC, 0x00, 0x00, 0x7C, 0xFF,
  0xFF, 0x60, 0x00, 0x00, 0x00, 0x00, 0x00, 0xF0, 0xFF, 0xEC, 0x00, 0x00, 0x4C, 0xFF, 0xFF, 0x90,
  0x00, 0x00, 0x4C, 0xFF, 0xFF, 0x90, 0x00, 0x00, 0x4C, 0xFF, 0xFF, 0x90, 0x00, 0x00, 0x4C, 0xFF,
  0xFF, 0x90, 0x00, 0x00, 0x4C, 0xFF, 0xFF, 0x90, 0x00, 0x00, 0x4C, 0xFF, 0xFF, 0x90, 0x00, 0x00,
  0x4C, 0xFF, 0xFF, 0x90, 0x00, 0x00, 0x4C, 0xFF, 0xFF, 0x90, 0x00, 0x00, 0x4C, 0xFF, 0xFF, 0x90,
  0x00, 0x00, 0x4C, 0xFF, 0xFF, 0x90, 0x00, 0x00, 0x4C, 0xFF, 0xFF, 0x90, 0x00, 0x00, 0x4C, 0xFF,
  0xFF, 0x90, 0x00, 0x00, 0x4C, 0xFF, 0xFF, 0x90, 0x00, 0x00, 0x00, 0x00, 0x00, 0x00, 0x00, 0x70,
  0xFF, 0xFF, 0x68, 0x00, 0x00, 0x00, 0x00, 0x00, 0x00, 0x00, 0x70, 0xFF, 0xFF, 0x68, 0x00, 0x00,
  0x00, 0x00, 0x00, 0x00, 0x00, 0x70, 0xFF, 0xFF, 0x68, 0x00, 0x00, 0x00, 0x00, 0x00, 0x00, 0x00,
  0x70, 0xFF, 0xFF, 0x68, 0x00, 0x00, 0x00, 0x00, 0x00, 0x00, 0x00, 0x70, 0xFF, 0xFF, 0x68, 0x00,
  0x00, 0x00, 0x00, 0x00, 0x00, 0x00, 0x70, 0xFF, 0xFF, 0x68, 0x00, 0x00, 0x00, 0x00, 0x00, 0x00,
  0x00, 0x70, 0xFF, 0xFF, 0x68, 0x00, 0x00, 0x00, 0x00, 0x00, 0x00, 0x00, 0x70, 0xFF, 0xFF, 0x68,
  0x00, 0x25, 0x48, 0x48, 0x0D, 0x00, 0x00, 0x77, 0xFF, 0xFF, 0x62, 0x00, 0x72, 0xFF, 0xFF, 0x55,
  0x00, 0x00, 0x9F, 0xFF, 0xFF, 0x4B, 0x00, 0x33, 0xFF, 0xFF, 0xE1, 0x69, 0x81, 0xF9, 0xFF, 0xF8,
  0x13, 0x00, 0x00, 0xAB, 0xFF, 0xFF, 0xFF, 0xFF, 0xFF, 0xFF, 0x81, 0x00, 0x00, 0x00, 0x05, 0x7E,
  0xD9, 0xF9, 0xF4, 0xC6, 0x5D, 0x00, 0x00, 0x00, 0x00, 0x7C, 0xFF, 0xFF, 0x60, 0x00, 0x00, 0x00,
  0x3C, 0xF8, 0xFF, 0xEC, 0x29, 0x00, 0x7C, 0xFF, 0xFF, 0x60, 0x00, 0x00, 0x27, 0xED, 0xFF, 0xF3,
  0x35, 0x00, 0x00, 0x7C, 0xFF, 0xFF, 0x60, 0x00, 0x17, 0xDE, 0xFF, 0xF8, 0x43, 0x00, 0x00, 0x00,
  0x7C, 0xFF, 0xFF, 0x60, 0x0B, 0xCB, 0xFF, 0xFC, 0x53, 0x00, 0x00, 0x00, 0x00, 0x7C, 0xFF, 0xFF,
  0x63, 0xB4, 0xFF, 0xFF, 0x64, 0x00, 0x00, 0x00, 0x00, 0x00, 0x7C, 0xFF, 0xFF, 0xE0, 0xFF, 0xFF,
  0xC7, 0x00, 0x00, 0x00, 0x00, 0x00, 0x00, 0x7C, 0xFF, 0xFF, 0xFF, 0xFF, 0xFF, 0xFF, 0x5D, 0x00,
  0x00, 0x00, 0x00, 0x00, 0x7C, 0xFF, 0xFF, 0xFE, 0x81, 0xF8, 0xFF, 0xF1, 0x1F, 0x00, 0x00, 0x00,
  0x00, 0x7C, 0xFF, 0xFF, 0x85, 0x00, 0x75, 0xFF, 0xFF, 0xC1, 0x02, 0x00, 0x00, 0x00, 0x7C, 0xFF,
  0xFF, 0x60, 0x00, 0x02, 0xC6, 0xFF, 0xFF, 0x77, 0x00, 0x00, 0x00, 0x7C, 0xFF, 0xFF, 0x60, 0x00,
  0x00, 0x26, 0xF6, 0xFF, 0xF9, 0x31, 0x00, 0x00, 0x7C, 0xFF, 0xFF, 0x60, 0x00, 0x00, 0x00, 0x6F,
  0xFF, 0xFF, 0xD5, 0x08, 0x00, 0x7C, 0xFF, 0xFF, 0x60, 0x00, 0x00, 0x00, 0x01, 0xC0, 0xFF, 0xFF,
  0x92, 0x00, 0x7C, 0xFF, 0xFF, 0x60, 0x00, 0x00, 0x00, 0x00, 0x00, 0x00, 0x00, 0x7C, 0xFF, 0xFF,
  0x60, 0x00, 0x00, 0x00, 0x00, 0x00, 0x00, 0x00, 0x7C, 0xFF, 0xFF, 0x60, 0x00, 0x00, 0x00, 0x00,
  0x00, 0x00, 0x00, 0x7C, 0xFF, 0xFF, 0x60, 0x00, 0x00, 0x00, 0x00, 0x00, 0x00, 0x00, 0x7C, 0xFF,
  0xFF, 0x60, 0x00, 0x00, 0x00, 0x00, 0x00, 0x00, 0x00, 0x7C, 0xFF, 0xFF, 0x60, 0x00, 0x00, 0x00,
  0x00, 0x00, 0x00, 0x00, 0x7C, 0xFF, 0xFF, 0x60, 0x00, 0x00, 0x00, 0x00, 0x00, 0x00, 0x00, 0x7C,
  0xFF, 0xFF, 0x60, 0x00, 0x00, 0x00, 0x00, 0x00, 0x00, 0x00, 0x7C, 0xFF, 0xFF, 0x60, 0x00, 0x00,
  0x00, 0x00, 0x00, 0x00, 0x00, 0x7C, 0xFF, 0xFF, 0x60, 0x00, 0x00, 0x00, 0x00, 0x00, 0x00, 0x00,
  0x7C, 0xFF, 0xFF, 0x8F, 0x4C, 0x4C, 0x4C, 0x4C, 0x4C, 0x22, 0x00, 0x7C, 0xFF, 0xFF, 0xFF, 0xFF,
  0xFF, 0xFF, 0xFF, 0xFF, 0x74, 0x00, 0x7C, 0xFF, 0xFF, 0xFF, 0xFF, 0xFF, 0xFF, 0xFF, 0xFF, 0x74,
  0x00, 0x7C, 0xFF, 0xFF, 0xA6, 0x00, 0x00, 0x00, 0x00, 0x00, 0x00, 0x02, 0xD3, 0xFF, 0xFF, 0x34,
  0x00, 0x00, 0x7C, 0xFF, 0xFF, 0xFE, 0x34, 0x00, 0x00, 0x00, 0x00, 0x00, 0x63, 0xFF, 0xFF, 0xFF,
  0x34, 0x00, 0x00, 0x7C, 0xFF, 0xFF, 0xFF, 0xC0, 0x00, 0x00, 0x00, 0x00, 0x09, 0xE4, 0xFF, 0xFF,
  0xFF, 0x34, 0x00, 0x00, 0x7C, 0xFF, 0xFF, 0xFF, 0xFF, 0x4E, 0x00, 0x00, 0x00, 0x7B, 0xFF, 0xFF,
  0xFF, 0xFF, 0x34, 0x00, 0x00, 0x7C, 0xFF, 0xFF, 0xFC, 0xFF, 0xD7, 0x04, 0x00, 0x15, 0xF2, 0xFF,
  0xFC, 0xFF, 0xFF, 0x34, 0x00, 0x00, 0x7C, 0xFF, 0xFF, 0x98, 0xFF, 0xFF, 0x69, 0x00, 0x94, 0xFF,
  0xE5, 0xB2, 0xFF, 0xFF, 0x34, 0x00, 0x00, 0x7C, 0xFF, 0xFF, 0x60, 0xAA, 0xFF, 0xE9, 0x32, 0xFA,
  0xFF, 0x61, 0xA8, 0xFF, 0xFF, 0x34, 0x00, 0x00, 0x7C, 0xFF, 0xFF, 0x60, 0x22, 0xF9, 0xFF, 0xF0,
  0xFF, 0xD0, 0x02, 0xA8, 0xFF, 0xFF, 0x34, 0x00, 0x00, 0x7C, 0xFF, 0xFF, 0x60, 0x00, 0x8D, 0xFF,
  0xFF, 0xFF, 0x44, 0x00, 0xA8, 0xFF, 0xFF, 0x34, 0x00, 0x00, 0x7C, 0xFF, 0xFF, 0x60, 0x00, 0x11,
  0xED, 0xFF, 0xB6, 0x00, 0x00, 0xA8, 0xFF, 0xFF, 0x34, 0x00, 0x00, 0x7C, 0xFF, 0xFF, 0x60, 0x00,
  0x00, 0x3C, 0x64, 0x20, 0x00, 0x00, 0xA8, 0xFF, 0xFF, 0x34, 0x00, 0x00, 0x7C, 0xFF, 0xFF, 0x60,
  0x00, 0x00, 0x00, 0x00, 0x00, 0x00, 0x00, 0xA8, 0xFF, 0xFF, 0x34, 0x00, 0x00, 0x7C, 0xFF, 0xFF,
  0x60, 0x00, 0x00, 0x00, 0x00, 0x00, 0x00, 0x00, 0xA8, 0xFF, 0xFF, 0x34, 0x00, 0x00, 0x7C, 0xFF,
  0xFF, 0x90, 0x00, 0x00, 0x00, 0x00, 0x00, 0xF0, 0xFF, 0xEC, 0x00, 0x00, 0x7C, 0xFF, 0xFF, 0xFE,
  0x44, 0x00, 0x00, 0x00, 0x00, 0xF0, 0xFF, 0xEC, 0x00, 0x00, 0x7C, 0xFF, 0xFF, 0xFF, 0xE4, 0x11,
  0x00, 0x00, 0x00, 0xF0, 0xFF, 0xEC, 0x00, 0x00, 0x7C, 0xFF, 0xFF, 0xFF, 0xFF, 0xA8, 0x00, 0x00,
  0x00, 0xF0, 0xFF, 0xEC, 0x00, 0x00, 0x7C, 0xFF, 0xFF, 0xF7, 0xFF, 0xFF, 0x5B, 0x00, 0x00, 0xF0,
  0xFF, 0xEC, 0x00, 0x00, 0x7C, 0xFF, 0xFF, 0x7E, 0xEF, 0xFF, 0xF0, 0x1D, 0x00, 0xF0, 0xFF, 0xEC,
  0x00, 0x00, 0x7C, 0xFF, 0xFF, 0x60, 0x5A, 0xFF, 0xFF, 0xBE, 0x01, 0xF0, 0xFF, 0xEC, 0x00, 0x00,
  0x7C, 0xFF, 0xFF, 0x60, 0x00, 0xA6, 0xFF, 0xFF, 0x73, 0xF0, 0xFF, 0xEC, 0x00, 0x00, 0x7C, 0xFF,
  0xFF, 0x60, 0x00, 0x10, 0xE1, 0xFF, 0xF8, 0xFA, 0xFF, 0xEC, 0x00, 0x00, 0x7C, 0xFF, 0xFF, 0x60,
  0x00, 0x00, 0x40, 0xFD, 0xFF, 0xFF, 0xFF, 0xEC, 0x00, 0x00, 0x7C, 0xFF, 0xFF, 0x60, 0x00, 0x00,
  0x00, 0x8A, 0xFF, 0xFF, 0xFF, 0xEC, 0x00, 0x00, 0x7C, 0xFF, 0xFF, 0x60, 0x00, 0x00, 0x00, 0x06,
  0xCF, 0xFF, 0xFF, 0xEC, 0x00, 0x00, 0x7C, 0xFF, 0xFF, 0x60, 0x00, 0x00, 0x00, 0x00, 0x2A, 0xF7,
  0xFF, 0xEC, 0x00, 0x00, 0x00, 0x00, 0x13, 0x7D, 0xCA, 0xF2, 0xF9, 0xE1, 0xA5, 0x3C, 0x00, 0x00,
  0x00, 0x00, 0x00, 0x3A, 0xE9, 0xFF, 0xFF, 0xFF, 0xFF, 0xFF, 0xFF, 0xFF, 0x90, 0x00, 0x00, 0x00,
  0x18, 0xEF, 0xFF, 0xFF, 0x93, 0x2E, 0x1E, 0x58, 0xE3, 0xFF, 0xFF, 0x76, 0x00, 0x00, 0x8D, 0xFF,
  0xFF, 0x93, 0x00, 0x00, 0x00, 0x00, 0x29, 0xF9, 0xFF, 0xF2, 0x0A, 0x00, 0xDB, 0xFF, 0xFF, 0x23,
  0x00, 0x00, 0x00, 0x00, 0x00, 0xB4, 0xFF, 0xFF, 0x4A, 0x01, 0xFB, 0xFF, 0xF7, 0x00, 0x00, 0x00,
  0x00, 0x00, 0x00, 0x88, 0xFF, 0xFF, 0x6C, 0x09, 0xFF, 0xFF, 0xEA, 0x00, 0x00, 0x00, 0x00, 0x00,
  0x00, 0x7A, 0xFF, 0xFF, 0x79, 0x00, 0xF9, 0xFF, 0xF9, 0x00, 0x00, 0x00, 0x00, 0x00, 0x00, 0x8B,
  0xFF, 0xFF, 0x69, 0x00, 0xD4, 0xFF, 0xFF, 0x2A, 0x00, 0x00, 0x00, 0x00, 0x00, 0xBA, 0xFF, 0xFF,
  0x44, 0x00, 0x87, 0xFF, 0xFF, 0x99, 0x00, 0x00, 0x00, 0x00, 0x2E, 0xFB, 0xFF, 0xEE, 0x07, 0x00,
  0x14, 0xEB, 0xFF, 0xFF, 0x97, 0x2E, 0x1E, 0x5B, 0xE7, 0xFF, 0xFF, 0x6E, 0x00, 0x00, 0x00, 0x37,
  0xE7, 0xFF, 0xFF, 0xFF, 0xFF, 0xFF, 0xFF, 0xFF, 0x8C, 0x00, 0x00, 0x00, 0x00, 0x00, 0x12, 0x7D,
  0xCC, 0xF2, 0xFA, 0xE1, 0xA5, 0x3B, 0x00, 0x00, 0x00, 0x00, 0x7C, 0xFF, 0xFF, 0xFF, 0xFF, 0xFF,
  0xF3, 0xD1, 0x89, 0x15, 0x00, 0x00, 0x00, 0x7C, 0xFF, 0xFF, 0xFF, 0xFF, 0xFF, 0xFF, 0xFF, 0xFF,
  0xE6, 0x20, 0x00, 0x00, 0x7C, 0xFF, 0xFF, 0x6C, 0x14, 0x19, 0x36, 0xAD, 0xFF, 0xFF, 0xA8, 0x00,
  0x00, 0x7C, 0xFF, 0xFF, 0x60, 0x00, 0x00, 0x00, 0x06, 0xF6, 0xFF, 0xEA, 0x00, 0x00, 0x7C, 0xFF,
  0xFF, 0x60, 0x00, 0x00, 0x00, 0x02, 0xF3, 0xFF, 0xEC, 0x00, 0x00, 0x7C, 0xFF, 0xFF, 0x60, 0x00,
  0x04, 0x20, 0x99, 0xFF, 0xFF, 0xB0, 0x00, 0x00, 0x7C, 0xFF, 0xFF, 0xFF, 0xFF, 0xFF, 0xFF, 0xFF,
  0xFF, 0xEF, 0x29, 0x00, 0x00, 0x7C, 0xFF, 0xFF, 0xFF, 0xFF, 0xFF, 0xFF, 0xE7, 0x9E, 0x21, 0x00,
  0x00, 0x00, 0x7C, 0xFF, 0xFF, 0x6C, 0x14, 0x13, 0x08, 0x00, 0x00, 0x00, 0x00, 0x00, 0x00, 0x7C,
  0xFF, 0xFF, 0x60, 0x00, 0x00, 0x00, 0x00, 0x00, 0x00, 0x00, 0x00, 0x00, 0x7C, 0xFF, 0xFF, 0x60,
  0x00, 0x00, 0x00, 0x00, 0x00, 0x00, 0x00, 0x00, 0x00, 0x7C, 0xFF, 0xFF, 0x60, 0x00, 0x00, 0x00,
  0x00, 0x00, 0x00, 0x00, 0x00, 0x00, 0x7C, 0xFF, 0xFF, 0x60, 0x00, 0x00, 0x00, 0x00, 0x00, 0x00,
  0x00, 0x00, 0x00, 0x00, 0x00, 0x13, 0x7D, 0xCA, 0xF2, 0xF9, 0xDF, 0xA1, 0x38, 0x00, 0x00, 0x00,
  0x00, 0x00, 0x3A, 0xE9, 0xFF, 0xFF, 0xFF, 0xFF, 0xFF, 0xFF, 0xFE, 0x88, 0x00, 0x00, 0x00, 0x18,
  0xEF, 0xFF, 0xFF, 0x93, 0x2E, 0x1E, 0x58, 0xE3, 0xFF, 0xFF, 0x6D, 0x00, 0x00, 0x8D, 0xFF, 0xFF,
  0x93, 0x00, 0x00, 0x00, 0x00, 0x29, 0xF9, 0xFF, 0xEE, 0x08, 0x00, 0xDB, 0xFF, 0xFF, 0x23, 0x00,
  0x00, 0x00, 0x00, 0x00, 0xB4, 0xFF, 0xFF, 0x45, 0x01, 0xFB, 0xFF, 0xF7, 0x00, 0x00, 0x00, 0x00,
  0x00, 0x00, 0x88, 0xFF, 0xFF, 0x6A, 0x09, 0xFF, 0xFF, 0xEA, 0x00, 0x00, 0x00, 0x00, 0x00, 0x00,
  0x7A, 0xFF, 0xFF, 0x79, 0x00, 0xF9, 0xFF, 0xF9, 0x00, 0x00, 0x00, 0x1E, 0x71, 0x00, 0x8D, 0xFF,
  0xFF, 0x6E, 0x00, 0xD4, 0xFF, 0xFF, 0x2A, 0x00, 0x06, 0xDA, 0xFF, 0x82, 0xBE, 0xFF, 0xFF, 0x4B,
  0x00, 0x87, 0xFF, 0xFF, 0x99, 0x00, 0x00, 0x56, 0xFB, 0xFF, 0xFE, 0xFF, 0xF5, 0x0E, 0x00, 0x14,
  0xEB, 0xFF, 0xFF, 0x97, 0x2E, 0x1C, 0x9F, 0xFF, 0xFF, 0xFF, 0x8B, 0x00, 0x00, 0x00, 0x37, 0xE7,
  0xFF, 0xFF, 0xFF, 0xFF, 0xFF, 0xFF, 0xFF, 0xFF, 0x9B, 0x05, 0x00, 0x00, 0x00, 0x12, 0x7D, 0xCC,
  0xF2, 0xF8, 0xE1, 0xAB, 0x67, 0xE5, 0xBE, 0x0E, 0x00, 0x00, 0x00, 0x00, 0x00, 0x00, 0x00, 0x00,
  0x00, 0x00, 0x00, 0x18, 0x06, 0x00, 0x00, 0x7C, 0xFF, 0xFF, 0xFF, 0xFF, 0xFF, 0xF7, 0xD8, 0x8F,
  0x16, 0x00, 0x00, 0x00, 0x7C, 0xFF, 0xFF, 0xFF, 0xFF, 0xFF, 0xFF, 0xFF, 0xFF, 0xE5, 0x1E, 0x00,
  0x00, 0x7C, 0xFF, 0xFF, 0x6C, 0x14, 0x19, 0x34, 0xA6, 0xFF, 0xFF, 0xA5, 0x00, 0x00, 0x7C, 0xFF,
  0xFF, 0x60, 0x00, 0x00, 0x00, 0x04, 0xF6, 0xFF, 0xE8, 0x00, 0x00, 0x7C, 0xFF, 0xFF, 0x60, 0x00,
  0x00, 0x00, 0x01, 0xF3, 0xFF, 0xE8, 0x00, 0x00, 0x7C, 0xFF, 0xFF, 0x60, 0x00, 0x04, 0x1E, 0x91,
  0xFF, 0xFF, 0xAF, 0x00, 0x00, 0x7C, 0xFF, 0xFF, 0xFF, 0xFF, 0xFF, 0xFF, 0xFF, 0xFF, 0xEE, 0x2C,
  0x00, 0x00, 0x7C, 0xFF, 0xFF, 0xFF, 0xFF, 0xFF, 0xFF, 0xFF, 0xAA, 0x25, 0x00, 0x00, 0x00, 0x7C,
  0xFF, 0xFF, 0x6C, 0x14, 0x87, 0xFF, 0xFF, 0x8F, 0x00, 0x00, 0x00, 0x00, 0x7C, 0xFF, 0xFF, 0x60,
  0x00, 0x0B, 0xE5, 0xFF, 0xFC, 0x30, 0x00, 0x00, 0x00, 0x7C, 0xFF, 0xFF, 0x60, 0x00, 0x00, 0x60,
  0xFF, 0xFF, 0xC9, 0x02, 0x00, 0x00, 0x7C, 0xFF, 0xFF, 0x60, 0x00, 0x00, 0x01, 0xCC, 0xFF, 0xFF,
  0x6A, 0x00, 0x00, 0x7C, 0xFF, 0xFF, 0x60, 0x00, 0x00, 0x00, 0x3D, 0xFF, 0xFF, 0xF0, 0x18, 0x00,
  0x00, 0x0D, 0x79, 0xCA, 0xF0, 0xFB, 0xE9, 0xB6, 0x4A, 0x00, 0x00, 0x00, 0x00, 0x16, 0xD8, 0xFF,
  0xFF, 0xFF, 0xFF, 0xFF, 0xFF, 0xFF, 0x6C, 0x00, 0x00, 0x00, 0x8C, 0xFF, 0xFF, 0xCC, 0x6D, 0x5E,
  0x8B, 0xFB, 0xFF, 0xF6, 0x10, 0x00, 0x00, 0xBC, 0xFF, 0xFF, 0x26, 0x00, 0x00, 0x00, 0x67, 0x9C,
  0x9C, 0x27, 0x00, 0x00, 0xA5, 0xFF, 0xFF, 0x9E, 0x15, 0x00, 0x00, 0x00, 0x00, 0x00, 0x00, 0x00,
  0x00, 0x3F, 0xFD, 0xFF, 0xFF, 0xFB, 0xC9, 0x8E, 0x50, 0x08, 0x00, 0x00, 0x00, 0x00, 0x00, 0x43,
  0xCE, 0xFF, 0xFF, 0xFF, 0xFF, 0xFF, 0xED, 0x5D, 0x00, 0x00, 0x00, 0x00, 0x00, 0x00, 0x23, 0x65,
  0xA2, 0xE9, 0xFF, 0xFF, 0xFE, 0x3F, 0x00, 0x00, 0x00, 0x00, 0x00, 0x00, 0x00, 0x00, 0x05, 0x94,
  0xFF, 0xFF, 0x98, 0x00, 0x10, 0xC4, 0xC4, 0xA8, 0x01, 0x00, 0x00, 0x00, 0x40, 0xFF, 0xFF, 0xA6,
  0x00, 0x00, 0xD6, 0xFF, 0xFF, 0xB5, 0x67, 0x5D, 0x78, 0xDD, 0xFF, 0xFF, 0x6C, 0x00, 0x00, 0x3A,
  0xF3, 0xFF, 0xFF, 0xFF, 0xFF, 0xFF, 0xFF, 0xFF, 0xBE, 0x05, 0x00, 0x00, 0x00, 0x22, 0x95, 0xD8,
  0xF6, 0xFC, 0xEB, 0xBE, 0x65, 0x04, 0x00, 0x00, 0xA0, 0xFF, 0xFF, 0xFF, 0xFF, 0xFF, 0xFF, 0xFF,
  0xFF, 0xFF, 0xFF, 0xC8, 0xA0, 0xFF, 0xFF, 0xFF, 0xFF, 0xFF, 0xFF, 0xFF, 0xFF, 0xFF, 0xFF, 0xC8,
  0x0C, 0x14, 0x14, 0x14, 0x65, 0xFF, 0xFF, 0x8A, 0x14, 0x14, 0x14, 0x0F, 0x00, 0x00, 0x00, 0x00,
  0x58, 0xFF, 0xFF, 0x80, 0x00, 0x00, 0x00, 0x00, 0x00, 0x00, 0x00, 0x00, 0x58, 0xFF, 0xFF, 0x80,
  0x00, 0x00, 0x00, 0x00, 0x00, 0x00, 0x00, 0x00, 0x58, 0xFF, 0xFF, 0x80, 0x00, 0x00, 0x00, 0x00,
  0x00, 0x00, 0x00, 0x00, 0x58, 0xFF, 0xFF, 0x80, 0x00, 0x00, 0x00, 0x00, 0x00, 0x00, 0x00, 0x00,
  0x58, 0xFF, 0xFF, 0x80, 0x00, 0x00, 0x00, 0x00, 0x00, 0x00, 0x00, 0x00, 0x58, 0xFF, 0xFF, 0x80,
  0x00, 0x00, 0x00, 0x00, 0x00, 0x00, 0x00, 0x00, 0x58, 0xFF, 0xFF, 0x80, 0x00, 0x00, 0x00, 0x00,
  0x00, 0x00, 0x00, 0x00, 0x58, 0xFF, 0xFF, 0x80, 0x00, 0x00, 0x00, 0x00, 0x00, 0x00, 0x00, 0x00,
  0x58, 0xFF, 0xFF, 0x80, 0x00, 0x00, 0x00, 0x00, 0x00, 0x00, 0x00, 0x00, 0x58, 0xFF, 0xFF, 0x80,
  0x00, 0x00, 0x00, 0x00, 0x00, 0xAC, 0xFF, 0xFF, 0x30, 0x00, 0x00, 0x00, 0x00, 0x50, 0xFF, 0xFF,
  0x8C, 0x00, 0x00, 0xAC, 0xFF, 0xFF, 0x30, 0x00, 0x00, 0x00, 0x00, 0x50, 0xFF, 0xFF, 0x8C, 0x00,
  0x00, 0xAC, 0xFF, 0xFF, 0x30, 0x00, 0x00, 0x00, 0x00, 0x50, 0xFF, 0xFF, 0x8C, 0x00, 0x00, 0xAC,
  0xFF, 0xFF, 0x30, 0x00, 0x00, 0x00, 0x00, 0x50, 0xFF, 0xFF, 0x8C, 0x00, 0x00, 0xAC, 0xFF, 0xFF,
  0x30, 0x00, 0x00, 0x00, 0x00, 0x50, 0xFF, 0xFF, 0x8C, 0x00, 0x00, 0xAC, 0xFF, 0xFF, 0x30, 0x00,
  0x00, 0x00, 0x00, 0x50, 0xFF, 0xFF, 0x8C, 0x00, 0x00, 0xAC, 0xFF, 0xFF, 0x30, 0x00, 0x00, 0x00,
  0x00, 0x50, 0xFF, 0xFF, 0x8C, 0x00, 0x00, 0xAB, 0xFF, 0xFF, 0x32, 0x00, 0x00, 0x00, 0x00, 0x52,
  0xFF, 0xFF, 0x8A, 0x00, 0x00, 0x9C, 0xFF, 0xFF, 0x4A, 0x00, 0x00, 0x00, 0x00, 0x6B, 0xFF, 0xFF,
  0x7B, 0x00, 0x00, 0x6E, 0xFF, 0xFF, 0x90, 0x00, 0x00, 0x00, 0x00, 0xB3, 0xFF, 0xFF, 0x4D, 0x00,
  0x00, 0x17, 0xF4, 0xFF, 0xF9, 0x74, 0x26, 0x2B, 0x89, 0xFF, 0xFF, 0xE3, 0x07, 0x00, 0x00, 0x00,
  0x53, 0xF8, 0xFF, 0xFF, 0xFF, 0xFF, 0xFF, 0xFF, 0xF0, 0x3A, 0x00, 0x00, 0x00, 0x00, 0x00, 0x28,
  0x9A, 0xDC, 0xF8, 0xF6, 0xD7, 0x8F, 0x1C, 0x00, 0x00, 0x00, 0x9F, 0xFF, 0xFF, 0x71, 0x00, 0x00,
  0x00, 0x00, 0x00, 0x1D, 0xFE, 0xFF, 0xBB, 0x3B, 0xFF, 0xFF, 0xCE, 0x00, 0x00, 0x00, 0x00, 0x00,
  0x73, 0xFF, 0xFF, 0x5C, 0x00, 0xD8, 0xFF, 0xFF, 0x2B, 0x00, 0x00, 0x00, 0x00, 0xCA, 0xFF, 0xF2,
  0x0A, 0x00, 0x75, 0xFF, 0xFF, 0x87, 0x00, 0x00, 0x00, 0x22, 0xFF, 0xFF, 0x9D, 0x00, 0x00, 0x17,
  0xFB, 0xFF, 0xE2, 0x01, 0x00, 0x00, 0x79, 0xFF, 0xFF, 0x3E, 0x00, 0x00, 0x00, 0xAF, 0xFF, 0xFF,
  0x41, 0x00, 0x00, 0xD0, 0xFF, 0xDD, 0x01, 0x00, 0x00, 0x00, 0x4C, 0xFF, 0xFF, 0x9D, 0x00, 0x27,
  0xFF, 0xFF, 0x7F, 0x00, 0x00, 0x00, 0x00, 0x03, 0xE5, 0xFF, 0xF1, 0x09, 0x7F, 0xFF, 0xFE, 0x21,
  0x00, 0x00, 0x00, 0x00, 0x00, 0x86, 0xFF, 0xFF, 0x57, 0xD6, 0xFF, 0xC0, 0x00, 0x00, 0x00, 0x00,
  0x00, 0x00, 0x24, 0xFE, 0xFF, 0xD7, 0xFF, 0xFF, 0x61, 0x00, 0x00, 0x00, 0x00, 0x00, 0x00, 0x00,
  0xC0, 0xFF, 0xFF, 0xFF, 0xF5, 0x0D, 0x00, 0x00, 0x00, 0x00, 0x00, 0x00, 0x00, 0x5D, 0xFF, 0xFF,
  0xFF, 0xA2, 0x00, 0x00, 0x00, 0x00, 0x00, 0x00, 0x00, 0x00, 0x09, 0xF0, 0xFF, 0xFF, 0x43, 0x00,
  0x00, 0x00, 0x00, 0x7F, 0xFF, 0xFF, 0x74, 0x00, 0x00, 0x00, 0x28, 0xFF, 0xFF, 0xC7, 0x00, 0x00,
  0x00, 0x00, 0x9F, 0xFF, 0xFF, 0x1A, 0x3B, 0xFF, 0xFF, 0xAE, 0x00, 0x00, 0x00, 0x6F, 0xFF, 0xFF,
  0xFD, 0x13, 0x00, 0x00, 0x00, 0xDD, 0xFF, 0xD6, 0x00, 0x04, 0xF2, 0xFF, 0xE7, 0x00, 0x00, 0x00,
  0xB6, 0xFF, 0xFF, 0xFF, 0x59, 0x00, 0x00, 0x1A, 0xFF, 0xFF, 0x93, 0x00, 0x00, 0xB4, 0xFF, 0xFF,
  0x22, 0x00, 0x07, 0xF5, 0xFF, 0xFC, 0xFF, 0xA2, 0x00, 0x00, 0x59, 0xFF, 0xFF, 0x4F, 0x00, 0x00,
  0x71, 0xFF, 0xFF, 0x5C, 0x00, 0x45, 0xFF, 0xF8, 0x9B, 0xFF, 0xE9, 0x01, 0x00, 0x97, 0xFF, 0xFC,
  0x0F, 0x00, 0x00, 0x2E, 0xFF, 0xFF, 0x95, 0x00, 0x8C, 0xFF, 0xBC, 0x44, 0xFF, 0xFF, 0x33, 0x00,
  0xD5, 0xFF, 0xC9, 0x00, 0x00, 0x00, 0x01, 0xE9, 0xFF, 0xCF, 0x00, 0xD3, 0xFF, 0x75, 0x05, 0xF1,
  0xFF, 0x7C, 0x13, 0xFE, 0xFF, 0x85, 0x00, 0x00, 0x00, 0x00, 0xA7, 0xFF, 0xFC, 0x28, 0xFF, 0xFF,
  0x2E, 0x00, 0xAC, 0xFF, 0xC5, 0x51, 0xFF, 0xFF, 0x42, 0x00, 0x00, 0x00, 0x00, 0x63, 0xFF, 0xFF,
  0xA5, 0xFF, 0xE6, 0x00, 0x00, 0x5F, 0xFF, 0xFC, 0xA0, 0xFF, 0xF7, 0x07, 0x00, 0x00, 0x00, 0x00,
  0x20, 0xFF, 0xFF, 0xFD, 0xFF, 0xA0, 0x00, 0x00, 0x15, 0xFD, 0xFF, 0xFC, 0xFF, 0xBB, 0x00, 0x00,
  0x00, 0x00, 0x00, 0x00, 0xDD, 0xFF, 0xFF, 0xFF, 0x59, 0x00, 0x00, 0x00, 0xC7, 0xFF, 0xFF, 0xFF,
  0x78, 0x00, 0x00, 0x00, 0x00, 0x00, 0x00, 0x99, 0xFF, 0xFF, 0xFD, 0x14, 0x00, 0x00, 0x00, 0x7B,
  0xFF, 0xFF, 0xFF, 0x34, 0x00, 0x00, 0x00, 0x00, 0x00, 0x00, 0x56, 0xFF, 0xFF, 0xCB, 0x00, 0x00,
  0x00, 0x00, 0x2E, 0xFF, 0xFF, 0xEE, 0x02, 0x00, 0x00, 0x00, 0x24, 0xF4, 0xFF, 0xF5, 0x25, 0x00,
  0x00, 0x00, 0x00, 0xB3, 0xFF, 0xFF, 0x64, 0x00, 0x69, 0xFF, 0xFF, 0xC6, 0x02, 0x00, 0x00, 0x64,
  0xFF, 0xFF, 0xB5, 0x00, 0x00, 0x00, 0xB9, 0xFF, 0xFF, 0x77, 0x00, 0x20, 0xF2, 0xFF, 0xED, 0x19,
  0x00, 0x00, 0x00, 0x1B, 0xEF, 0xFF, 0xF8, 0x2E, 0xC1, 0xFF, 0xFF, 0x57, 0x00, 0x00, 0x00, 0x00,
  0x00, 0x5B, 0xFF, 0xFF, 0xF0, 0xFF, 0xFF, 0xA9, 0x00, 0x00, 0x00, 0x00, 0x00, 0x00, 0x00, 0xAB,
  0xFF, 0xFF, 0xFF, 0xE7, 0x13, 0x00, 0x00, 0x00, 0x00, 0x00, 0x00, 0x00, 0x5D, 0xFF, 0xFF, 0xFF,
  0xB8, 0x00, 0x00, 0x00, 0x00, 0x00, 0x00, 0x00, 0x13, 0xE8, 0xFF, 0xFF, 0xFF, 0xFF, 0x57, 0x00,
  0x00, 0x00, 0x00, 0x00, 0x00, 0xA6, 0xFF, 0xFF, 0x91, 0xFA, 0xFF, 0xEA, 0x13, 0x00, 0x00, 0x00,
  0x00, 0x4F, 0xFF, 0xFF, 0xC2, 0x01, 0x86, 0xFF, 0xFF, 0xA4, 0x00, 0x00, 0x00, 0x11, 0xE6, 0xFF,
  0xF8, 0x28, 0x00, 0x08, 0xDA, 0xFF, 0xFF, 0x4B, 0x00, 0x00, 0xA2, 0xFF, 0xFF, 0x7D, 0x00, 0x00,
  0x00, 0x41, 0xFF, 0xFF, 0xE3, 0x0E, 0x4B, 0xFF, 0xFF, 0xD4, 0x05, 0x00, 0x00, 0x00, 0x00, 0x9D,
  0xFF, 0xFF, 0x98, 0x81, 0xFF, 0xFF, 0xD0, 0x03, 0x00, 0x00, 0x00, 0x00, 0x99, 0xFF, 0xFF, 0x71,
  0x07, 0xD9, 0xFF, 0xFF, 0x6F, 0x00, 0x00, 0x00, 0x2D, 0xFC, 0xFF, 0xD8, 0x05, 0x00, 0x41, 0xFF,
  0xFF, 0xF1, 0x18, 0x00, 0x00, 0xBC, 0xFF, 0xFF, 0x4A, 0x00, 0x00, 0x00, 0xA1, 0xFF, 0xFF, 0xA4,
  0x00, 0x4E, 0xFF, 0xFF, 0xB6, 0x00, 0x00, 0x00, 0x00, 0x14, 0xEC, 0xFF, 0xFF, 0x45, 0xD9, 0xFF,
  0xFA, 0x27, 0x00, 0x00, 0x00, 0x00, 0x00, 0x62, 0xFF, 0xFF, 0xF6, 0xFF, 0xFF, 0x8E, 0x00, 0x00,
  0x00, 0x00, 0x00, 0x00, 0x01, 0xC1, 0xFF, 0xFF, 0xFF, 0xEB, 0x0F, 0x00, 0x00, 0x00, 0x00, 0x00,
  0x00, 0x00, 0x28, 0xF9, 0xFF, 0xFF, 0x67, 0x00, 0x00, 0x00, 0x00, 0x00, 0x00, 0x00, 0x00, 0x00,
  0xC8, 0xFF, 0xFF, 0x14, 0x00, 0x00, 0x00, 0x00, 0x00, 0x00, 0x00, 0x00, 0x00, 0xC8, 0xFF, 0xFF,
  0x14, 0x00, 0x00, 0x00, 0x00, 0x00, 0x00, 0x00, 0x00, 0x00, 0xC8, 0xFF, 0xFF, 0x14, 0x00, 0x00,
  0x00, 0x00, 0x00, 0x00, 0x00, 0x00, 0x00, 0xC8, 0xFF, 0xFF, 0x14, 0x00, 0x00, 0x00, 0x00, 0x00,
  0x00, 0x00, 0x00, 0x00, 0xC8, 0xFF, 0xFF, 0x14, 0x00, 0x00, 0x00, 0x00, 0x24, 0xFF, 0xFF, 0xFF,
  0xFF, 0xFF, 0xFF, 0xFF, 0xFF, 0xFF, 0xEC, 0x00, 0x24, 0xFF, 0xFF, 0xFF, 0xFF, 0xFF, 0xFF, 0xFF,
  0xFF, 0xFF, 0xE8, 0x00, 0x02, 0x14, 0x14, 0x14, 0x14, 0x14, 0x1A, 0xD5, 0xFF, 0xFF, 0x67, 0x00,
  0x00, 0x00, 0x00, 0x00, 0x00, 0x00, 0x91, 0xFF, 0xFF, 0xA7, 0x00, 0x00, 0x00, 0x00, 0x00, 0x00,
  0x00, 0x51, 0xFF, 0xFF, 0xD9, 0x0D, 0x00, 0x00, 0x00, 0x00, 0x00, 0x00, 0x21, 0xEF, 0xFF, 0xF7,
  0x2F, 0x00, 0x00, 0x00, 0x00, 0x00, 0x00, 0x06, 0xCA, 0xFF, 0xFF, 0x66, 0x00, 0x00, 0x00, 0x00,
  0x00, 0x00, 0x00, 0x91, 0xFF, 0xFF, 0xA5, 0x00, 0x00, 0x00, 0x00, 0x00, 0x00, 0x00, 0x51, 0xFF,
  0xFF, 0xD9, 0x0C, 0x00, 0x00, 0x00, 0x00, 0x00, 0x00, 0x20, 0xEF, 0xFF, 0xF7, 0x2E, 0x00, 0x00,
  0x00, 0x00, 0x00, 0x00, 0x06, 0xCA, 0xFF, 0xFF, 0x78, 0x14, 0x14, 0x14, 0x14, 0x14, 0x14, 0x02,
  0x50, 0xFF, 0xFF, 0xFF, 0xFF, 0xFF, 0xFF, 0xFF, 0xFF, 0xFF, 0xFF, 0x1C, 0x54, 0xFF, 0xFF, 0xFF,
  0xFF, 0xFF, 0xFF, 0xFF, 0xFF, 0xFF, 0xFF, 0x1C, 0x00, 0x00, 0xE8, 0xFF, 0xFF, 0xFF, 0x44, 0x00,
  0x00, 0xE8, 0xFF, 0xFF, 0xFF, 0x44, 0x00, 0x00, 0xE8, 0xFF, 0x6C, 0x14, 0x05, 0x00, 0x00, 0xE8,
  0xFF, 0x60, 0x00, 0x00, 0x00, 0x00, 0xE8, 0xFF, 0x60, 0x00, 0x00, 0x00, 0x00, 0xE8, 0xFF, 0x60,
  0x00, 0x00, 0x00, 0x00, 0xE8, 0xFF, 0x60, 0x00, 0x00, 0x00, 0x00, 0xE8, 0xFF, 0x60, 0x00, 0x00,
  0x00, 0x00, 0xE8, 0xFF, 0x60, 0x00, 0x00, 0x00, 0x00, 0xE8, 0xFF, 0x60, 0x00, 0x00, 0x00, 0x00,
  0xE8, 0xFF, 0x60, 0x00, 0x00, 0x00, 0x00, 0xE8, 0xFF, 0x60, 0x00, 0x00, 0x00, 0x00, 0xE8, 0xFF,
  0x60, 0x00, 0x00, 0x00, 0x00, 0xE8, 0xFF, 0x60, 0x00, 0x00, 0x00, 0x00, 0xE8, 0xFF, 0x6C, 0x14,
  0x05, 0x00, 0x00, 0xE8, 0xFF, 0xFF, 0xFF, 0x44, 0x00, 0x00, 0xE8, 0xFF, 0xFF, 0xFF, 0x44, 0x73,
  0xFF, 0xD5, 0x00, 0x00, 0x00, 0x00, 0x00, 0x00, 0x19, 0xFD, 0xFF, 0x31, 0x00, 0x00, 0x00, 0x00,
  0x00, 0x00, 0xBB, 0xFF, 0x8C, 0x00, 0x00, 0x00, 0x00, 0x00, 0x00, 0x60, 0xFF, 0xE5, 0x02, 0x00,
  0x00, 0x00, 0x00, 0x00, 0x0D, 0xF6, 0xFF, 0x43, 0x00, 0x00, 0x00, 0x00, 0x00, 0x00, 0xA9, 0xFF,
  0x9F, 0x00, 0x00, 0x00, 0x00, 0x00, 0x00, 0x4D, 0xFF, 0xF1, 0x08, 0x00, 0x00, 0x00, 0x00, 0x00,
  0x05, 0xEC, 0xFF, 0x56, 0x00, 0x00, 0x00, 0x00, 0x00, 0x00, 0x96, 0xFF, 0xB1, 0x00, 0x00, 0x00,
  0x00, 0x00, 0x00, 0x3B, 0xFF, 0xFA, 0x13, 0x00, 0x00, 0x00, 0x00, 0x00, 0x00, 0xDE, 0xFF, 0x68,
  0x00, 0x00, 0x00, 0x00, 0x00, 0x00, 0x84, 0xFF, 0xC4, 0x00, 0x00, 0x00, 0x00, 0x00, 0x00, 0x28,
  0xFF, 0xFE, 0x20, 0x00, 0x00, 0x00, 0x00, 0x00, 0x00, 0xCD, 0xFF, 0x7B, 0x00, 0x00, 0x00, 0x00,
  0x00, 0x00, 0x71, 0xFF, 0xD6, 0x00, 0x00, 0x00, 0x00, 0x00, 0x00, 0x18, 0xFC, 0xFF, 0x32, 0x00,
  0x00, 0x00, 0x00, 0x00, 0x00, 0xBA, 0xFF, 0x8E, 0x0C, 0xFF, 0xFF, 0xFF, 0xFF, 0x20, 0x00, 0x0C,
  0xFF, 0xFF, 0xFF, 0xFF, 0x20, 0x00, 0x00, 0x14, 0x38, 0xFF, 0xFF, 0x20, 0x00, 0x00, 0x00, 0x28,
  0xFF, 0xFF, 0x20, 0x00, 0x00, 0x00, 0x28, 0xFF, 0xFF, 0x20, 0x00, 0x00, 0x00, 0x28, 0xFF, 0xFF,
  0x20, 0x00, 0x00, 0x00, 0x28, 0xFF, 0xFF, 0x20, 0x00, 0x00, 0x00, 0x28, 0xFF, 0xFF, 0x20, 0x00,
  0x00, 0x00, 0x28, 0xFF, 0xFF, 0x20, 0x00, 0x00, 0x00, 0x28, 0xFF, 0xFF, 0x20, 0x00, 0x00, 0x00,
  0x28, 0xFF, 0xFF, 0x20, 0x00, 0x00, 0x00, 0x28, 0xFF, 0xFF, 0x20, 0x00, 0x00, 0x00, 0x28, 0xFF,
  0xFF, 0x20, 0x00, 0x00, 0x00, 0x28, 0xFF, 0xFF, 0x20, 0x00, 0x00, 0x14, 0x38, 0xFF, 0xFF, 0x20,
  0x00, 0x0C, 0xFF, 0xFF, 0xFF, 0xFF, 0x20, 0x00, 0x0C, 0xFF, 0xFF, 0xFF, 0xFF, 0x20, 0x00, 0x00,
  0x00, 0x00, 0x35, 0xFB, 0xFF, 0xEB, 0x19, 0x00, 0x00, 0x00, 0x00, 0x00, 0x0A, 0xD9, 0xFF, 0xFF,
  0xFF, 0xB7, 0x00, 0x00, 0x00, 0x00, 0x00, 0x96, 0xFF, 0xE7, 0x75, 0xFF, 0xFF, 0x6B, 0x00, 0x00,
  0x00, 0x49, 0xFF, 0xFF, 0x4C, 0x00, 0xB4, 0xFF, 0xF6, 0x28, 0x00, 0x13, 0xE7, 0xFF, 0x9E, 0x00,
  0x00, 0x19, 0xED, 0xFF, 0xCC, 0x05, 0x00, 0x00, 0x00, 0x00, 0x00, 0x00, 0x00, 0x00, 0x00, 0x00,
  0x00, 0x00, 0x00, 0x00, 0x00, 0x00, 0x00, 0x00, 0x00, 0x00, 0x00, 0x00, 0x00, 0x00, 0x00, 0x00,
  0x00, 0x00, 0x00, 0x00, 0x00, 0x00, 0x00, 0x00, 0x00, 0x00, 0x00, 0x00, 0x00, 0x00, 0x00, 0x00,
  0x00, 0x00, 0x00, 0x00, 0x00, 0x00, 0x00, 0x00, 0x00, 0x00, 0x00, 0x00, 0x00, 0x00, 0x00, 0x00,
  0x00, 0x00, 0x00, 0x00, 0x00, 0x00, 0x00, 0x00, 0x00, 0x00, 0x00, 0x00, 0x00, 0x00, 0x00, 0x00,
  0x00, 0x00, 0x00, 0x00, 0x00, 0x00, 0x00, 0x00, 0x00, 0x00, 0x00, 0x00, 0x00, 0x00, 0x14, 0x14,
  0x14, 0x14, 0x14, 0x14, 0x14, 0x14, 0x14, 0x0A, 0xFF, 0xFF, 0xFF, 0xFF, 0xFF, 0xFF, 0xFF, 0xFF,
  0xFF, 0x80, 0xFF, 0xFF, 0xFF, 0xFF, 0xFF, 0xFF, 0xFF, 0xFF, 0xFF, 0x80, 0x34, 0xF1, 0xFF, 0x94,
  0x00, 0x00, 0x00, 0x3D, 0xF5, 0xFE, 0x46, 0x00, 0x00, 0x00, 0x46, 0xF8, 0xE5, 0x11, 0x00, 0x00,
  0x00, 0x00, 0x00, 0x00, 0x00, 0x00, 0x00, 0x00, 0x00, 0x00, 0x00, 0x00, 0x00, 0x00, 0x00, 0x00,
  0x00, 0x00, 0x00, 0x00, 0x00, 0x00, 0x00, 0x00, 0x00, 0x00, 0x00, 0x00, 0x00, 0x00, 0x00, 0x00,
  0x00, 0x00, 0x00, 0x00, 0x00, 0x00, 0x00, 0x00, 0x00, 0x00, 0x00, 0x00, 0x00, 0x00, 0x00, 0x00,
  0x00, 0x00, 0x00, 0x00, 0x00, 0x00, 0x00, 0x00, 0x00, 0x00, 0x00, 0x00, 0x00, 0x00, 0x00, 0x00,
  0x00, 0x00, 0x1F, 0x9B, 0xDC, 0xF8, 0xED, 0xB6, 0x3F, 0x00, 0x00, 0x00, 0x21, 0xED, 0xFF, 0xFF,
  0xFF, 0xFF, 0xFF, 0xFB, 0x3F, 0x00, 0x00, 0x8E, 0xFF, 0xF9, 0x4D, 0x1A, 0x3F, 0xEA, 0xFF, 0xB1,
  0x00, 0x00, 0x0D, 0x14, 0x12, 0x11, 0x14, 0x14, 0xAD, 0xFF, 0xD7, 0x00, 0x00, 0x2D, 0xBC, 0xF8,
  0xFF, 0xFF, 0xFF, 0xFF, 0xFF, 0xE0, 0x00, 0x04, 0xE0, 0xFF, 0xFF, 0xFF, 0xFF, 0xFF, 0xFF, 0xFF,
  0xE0, 0x00, 0x2A, 0xFF, 0xFF, 0x90, 0x0A, 0x00, 0x00, 0xAB, 0xFF, 0xE0, 0x00, 0x20, 0xFF, 0xFF,
  0xA2, 0x20, 0x27, 0x75, 0xF9, 0xFF, 0xE0, 0x00, 0x00, 0xC1, 0xFF, 0xFF, 0xFF, 0xFF, 0xFF, 0xD4,
  0xFF, 0xE5, 0x00, 0x00, 0x15, 0xA0, 0xE6, 0xF6, 0xCE, 0x5D, 0x63, 0xFF, 0xF7, 0x00, 0x00, 0xDC,
  0xFF, 0xA4, 0x00, 0x00, 0x00, 0x00, 0x00, 0x00, 0x00, 0x00, 0x00, 0xDC, 0xFF, 0xA4, 0x00, 0x00,
  0x00, 0x00, 0x00, 0x00, 0x00, 0x00, 0x00, 0xDC, 0xFF, 0xA4, 0x00, 0x00, 0x00, 0x00, 0x00, 0x00,
  0x00, 0x00, 0x00, 0xDC, 0xFF, 0xA4, 0x44, 0xC6, 0xF7, 0xEE, 0xB0, 0x2C, 0x00, 0x00, 0x00, 0xDC,
  0xFF, 0xDD, 0xFC, 0xFF, 0xFF, 0xFF, 0xFF, 0xF3, 0x29, 0x00, 0x00, 0xDC, 0xFF, 0xFF, 0xA0, 0x2E,
  0x24, 0x8A, 0xFF, 0xFF, 0xA6, 0x00, 0x00, 0xDC, 0xFF, 0xD4, 0x01, 0x00, 0x00, 0x00, 0xC6, 0xFF,
  0xE8, 0x00, 0x00, 0xDC, 0xFF, 0xA7, 0x00, 0x00, 0x00, 0x00, 0x91, 0xFF, 0xFE, 0x01, 0x00, 0xDC,
  0xFF, 0xAA, 0x00, 0x00, 0x00, 0x00, 0x96, 0xFF, 0xFC, 0x00, 0x00, 0xDC, 0xFF, 0xD9, 0x02, 0x00,
  0x00, 0x01, 0xCF, 0xFF, 0xE1, 0x00, 0x00, 0xDC, 0xFF, 0xFF, 0xA0, 0x2D, 0x26, 0x96, 0xFF, 0xFF,
  0x9C, 0x00, 0x00, 0xDC, 0xFF, 0xD3, 0xFF, 0xFF, 0xFF, 0xFF, 0xFF, 0xED, 0x20, 0x00, 0x00, 0xDC,
  0xFF, 0x7C, 0x59, 0xD0, 0xF7, 0xEE, 0xAB, 0x25, 0x00, 0x00, 0x00, 0x00, 0x18, 0x91, 0xDE, 0xF9,
  0xEB, 0xB2, 0x3C, 0x00, 0x00, 0x00, 0x2C, 0xED, 0xFF, 0xFF, 0xFF, 0xFF, 0xFF, 0xFE, 0x55, 0x00,
  0x00, 0xCF, 0xFF, 0xF4, 0x64, 0x1F, 0x3E, 0xDF, 0xFF, 0xE8, 0x03, 0x2B, 0xFF, 0xFF, 0x7A, 0x00,
  0x00, 0x00, 0x3A, 0x7C, 0x7C, 0x0F, 0x4B, 0xFF, 0xFF, 0x42, 0x00, 0x00, 0x00, 0x00, 0x00, 0x00,
  0x00, 0x49, 0xFF, 0xFF, 0x45, 0x00, 0x00, 0x00, 0x00, 0x00, 0x00, 0x00, 0x27, 0xFF, 0xFF, 0x7C,
  0x00, 0x00, 0x00, 0x3F, 0x80, 0x80, 0x0E, 0x00, 0xCD, 0xFF, 0xF2, 0x5F, 0x1E, 0x48, 0xE7, 0xFF,
  0xE1, 0x01, 0x00, 0x2D, 0xEF, 0xFF, 0xFF, 0xFF, 0xFF, 0xFF, 0xFA, 0x49, 0x00, 0x00, 0x00, 0x1C,
  0x97, 0xE0, 0xF9, 0xEA, 0xAE, 0x33, 0x00, 0x00, 0x00, 0x00, 0x00, 0x00, 0x00, 0x00, 0x00, 0x00,
  0xF8, 0xFF, 0x8C, 0x00, 0x00, 0x00, 0x00, 0x00, 0x00, 0x00, 0x00, 0x00, 0xF8, 0xFF, 0x8C, 0x00,
  0x00, 0x00, 0x00, 0x00, 0x00, 0x00, 0x00, 0x00, 0xF8, 0xFF, 0x8C, 0x00, 0x00, 0x00, 0x4E, 0xC6,
  0xF6, 0xEF, 0xA6, 0x1B, 0xF8, 0xFF, 0x8C, 0x00, 0x00, 0x60, 0xFF, 0xFF, 0xFF, 0xFF, 0xFF, 0xDE,
  0xFB, 0xFF, 0x8C, 0x00, 0x06, 0xEA, 0xFF, 0xF0, 0x5A, 0x1E, 0x44, 0xD2, 0xFF, 0xFF, 0x8C, 0x00,
  0x36, 0xFF, 0xFF, 0x75, 0x00, 0x00, 0x00, 0x2A, 0xFF, 0xFF, 0x8C, 0x00, 0x4F, 0xFF, 0xFF, 0x41,
  0x00, 0x00, 0x00, 0x01, 0xFA, 0xFF, 0x8C, 0x00, 0x4D, 0xFF, 0xFF, 0x45, 0x00, 0x00, 0x00, 0x02,
  0xFB, 0xFF, 0x8C, 0x00, 0x33, 0xFF, 0xFF, 0x7F, 0x00, 0x00, 0x00, 0x30, 0xFF, 0xFF, 0x8C, 0x00,
  0x05, 0xE9, 0xFF, 0xF4, 0x60, 0x1E, 0x43, 0xD3, 0xFF, 0xFF, 0x8C, 0x00, 0x00, 0x61, 0xFF, 0xFF,
  0xFF, 0xFF, 0xFF, 0xEF, 0xE3, 0xFF, 0x8C, 0x00, 0x00, 0x00, 0x51, 0xC8, 0xF7, 0xF1, 0xB4, 0x2A,
  0xCC, 0xFF, 0x8C, 0x00, 0x00, 0x00, 0x22, 0x9C, 0xE2, 0xF9, 0xEA, 0xB0, 0x38, 0x00, 0x00, 0x00,
  0x38, 0xF4, 0xFF, 0xFF, 0xFF, 0xFF, 0xFF, 0xFB, 0x4D, 0x00, 0x00, 0xD8, 0xFF, 0xDE, 0x4D, 0x1D,
  0x35, 0xBA, 0xFF, 0xE2, 0x04, 0x2E, 0xFF, 0xFF, 0x62, 0x14, 0x14, 0x14, 0x3C, 0xFF, 0xFF, 0x35,
  0x4C, 0xFF, 0xFF, 0xFF, 0xFF, 0xFF, 0xFF, 0xFF, 0xFF, 0xFF, 0x54, 0x48, 0xFF, 0xFF, 0xFF, 0xFF,
  0xFF, 0xFF, 0xFF, 0xFF, 0xFF, 0x5C, 0x26, 0xFF, 0xFF, 0x59, 0x00, 0x00, 0x00, 0x00, 0x00, 0x00,
  0x00, 0x00, 0xCA, 0xFF, 0xE6, 0x56, 0x1E, 0x26, 0x91, 0xF0, 0xE1, 0x09, 0x00, 0x2A, 0xED, 0xFF,
  0xFF, 0xFF, 0xFF, 0xFF, 0xFF, 0x6E, 0x00, 0x00, 0x00, 0x19, 0x92, 0xDC, 0xF8, 0xE9, 0xBA, 0x4D,
  0x00, 0x00, 0x00, 0x00, 0x42, 0xC5, 0xF3, 0xFF, 0xBB, 0x00, 0x12, 0xF1, 0xFF, 0xFF, 0xFF, 0xC0,
  0x00, 0x42, 0xFF, 0xFF, 0x70, 0x16, 0x11, 0x88, 0xFF, 0xFF, 0xFF, 0xFF, 0xFF, 0x90, 0x88, 0xFF,
  0xFF, 0xFF, 0xFF, 0xFF, 0x90, 0x0A, 0x5A, 0xFF, 0xFF, 0x47, 0x14, 0x0B, 0x00, 0x4C, 0xFF, 0xFF,
  0x38, 0x00, 0x00, 0x00, 0x4C, 0xFF, 0xFF, 0x38, 0x00, 0x00, 0x00, 0x4C, 0xFF, 0xFF, 0x38, 0x00,
  0x00, 0x00, 0x4C, 0xFF, 0xFF, 0x38, 0x00, 0x00, 0x00, 0x4C, 0xFF, 0xFF, 0x38, 0x00, 0x00, 0x00,
  0x4C, 0xFF, 0xFF, 0x38, 0x00, 0x00, 0x00, 0x4C, 0xFF, 0xFF, 0x38, 0x00, 0x00, 0x00, 0x00, 0x4E,
  0xC6, 0xF6, 0xF0, 0xB3, 0x2A, 0xCC, 0xFF, 0x8C, 0x00, 0x00, 0x5F, 0xFF, 0xFF, 0xFF, 0xFF, 0xFF,
  0xEF, 0xE4, 0xFF, 0x8C, 0x00, 0x06, 0xEA, 0xFF, 0xF0, 0x5A, 0x1F, 0x46, 0xD4, 0xFF, 0xFF, 0x8C,
  0x00, 0x36, 0xFF, 0xFF, 0x76, 0x00, 0x00, 0x00, 0x2B, 0xFF, 0xFF, 0x8C, 0x00, 0x4F, 0xFF, 0xFF,
  0x40, 0x00, 0x00, 0x00, 0x00, 0xFA, 0xFF, 0x8C, 0x00, 0x4D, 0xFF, 0xFF, 0x45, 0x00, 0x00, 0x00,
  0x02, 0xFB, 0xFF, 0x8C, 0x00, 0x32, 0xFF, 0xFF, 0x7F, 0x00, 0x00, 0x00, 0x30, 0xFF, 0xFF, 0x8C,
  0x00, 0x04, 0xE8, 0xFF, 0xF4, 0x60, 0x1E, 0x43, 0xD3, 0xFF, 0xFF, 0x8C, 0x00, 0x00, 0x5E, 0xFF,
  0xFF, 0xFF, 0xFF, 0xFF, 0xE0, 0xFB, 0xFF, 0x8C, 0x00, 0x00, 0x00, 0x4F, 0xC7, 0xF7, 0xF0, 0xA9,
  0x1E, 0xFA, 0xFF, 0x88, 0x00, 0x00, 0x1E, 0x20, 0x13, 0x00, 0x00, 0x00, 0x26, 0xFF, 0xFF, 0x71,
  0x00, 0x00, 0xD2, 0xFF, 0xE7, 0x41, 0x1A, 0x3D, 0xC7, 0xFF, 0xFE, 0x2A, 0x00, 0x00, 0x61, 0xFF,
  0xFF, 0xFF, 0xFF, 0xFF, 0xFF, 0xFF, 0x8F, 0x00, 0x00, 0x00, 0x00, 0x56, 0xC1, 0xEE, 0xFC, 0xEF,
  0xC0, 0x5C, 0x00, 0x00, 0x00, 0x00, 0xDC, 0xFF, 0xA4, 0x00, 0x00, 0x00, 0x00, 0x00, 0x00, 0x00,
  0x00, 0x00, 0xDC, 0xFF, 0xA4, 0x00, 0x00, 0x00, 0x00, 0x00, 0x00, 0x00, 0x00, 0x00, 0xDC, 0xFF,
  0xA4, 0x00, 0x00, 0x00, 0x00, 0x00, 0x00, 0x00, 0x00, 0x00, 0xDC, 0xFF, 0xA4, 0x4A, 0xCB, 0xF6,
  0xE4, 0xA8, 0x1C, 0x00, 0x00, 0x00, 0xDC, 0xFF, 0xDE, 0xFD, 0xFF, 0xFF, 0xFF, 0xFF, 0xD6, 0x04,
  0x00, 0x00, 0xDC, 0xFF, 0xFF, 0x85, 0x24, 0x2C, 0xB9, 0xFF, 0xFF, 0x45, 0x00, 0x00, 0xDC, 0xFF,
  0xCE, 0x00, 0x00, 0x00, 0x2E, 0xFF, 0xFF, 0x6A, 0x00, 0x00, 0xDC, 0xFF, 0xA5, 0x00, 0x00, 0x00,
  0x11, 0xFF, 0xFF, 0x74, 0x00, 0x00, 0xDC, 0xFF, 0xA4, 0x00, 0x00, 0x00, 0x10, 0xFF, 0xFF, 0x74,
  0x00, 0x00, 0xDC, 0xFF, 0xA4, 0x00, 0x00, 0x00, 0x10, 0xFF, 0xFF, 0x74, 0x00, 0x00, 0xDC, 0xFF,
  0xA4, 0x00, 0x00, 0x00, 0x10, 0xFF, 0xFF, 0x74, 0x00, 0x00, 0xDC, 0xFF, 0xA4, 0x00, 0x00, 0x00,
  0x10, 0xFF, 0xFF, 0x74, 0x00, 0x00, 0xDC, 0xFF, 0xA4, 0x00, 0x00, 0x00, 0x10, 0xFF, 0xFF, 0x74,
  0x00, 0x00, 0x77, 0xEC, 0x9B, 0x00, 0x00, 0xE4, 0xFF, 0xFF, 0x0F, 0x00, 0x80, 0xF5, 0xA6, 0x00,
  0x00, 0x00, 0x00, 0x00, 0x00, 0x00, 0xAC, 0xFF, 0xD8, 0x00, 0x00, 0xAC, 0xFF, 0xD8, 0x00, 0x00,
  0xAC, 0xFF, 0xD8, 0x00, 0x00, 0xAC, 0xFF, 0xD8, 0x00, 0x00, 0xAC, 0xFF, 0xD8, 0x00, 0x00, 0xAC,
  0xFF, 0xD8, 0x00, 0x00, 0xAC, 0xFF, 0xD8, 0x00, 0x00, 0xAC, 0xFF, 0xD8, 0x00, 0x00, 0xAC, 0xFF,
  0xD8, 0x00, 0x00, 0xAC, 0xFF, 0xD8, 0x00, 0x00, 0x00, 0x77, 0xEC, 0x9B, 0x00, 0x00, 0x00, 0xE4,
  0xFF, 0xFF, 0x0F, 0x00, 0x00, 0x80, 0xF5, 0xA6, 0x00, 0x00, 0x00, 0x00, 0x00, 0x00, 0x00, 0x00,
  0x00, 0xAC, 0xFF, 0xD8, 0x00, 0x00, 0x00, 0xAC, 0xFF, 0xD8, 0x00, 0x00, 0x00, 0xAC, 0xFF, 0xD8,
  0x00, 0x00, 0x00, 0xAC, 0xFF, 0xD8, 0x00, 0x00, 0x00, 0xAC, 0xFF, 0xD8, 0x00, 0x00, 0x00, 0xAC,
  0xFF, 0xD8, 0x00, 0x00, 0x00, 0xAC, 0xFF, 0xD8, 0x00, 0x00, 0x00, 0xAC, 0xFF, 0xD8, 0x00, 0x00,
  0x00, 0xAC, 0xFF, 0xD8, 0x00, 0x00, 0x00, 0xAC, 0xFF, 0xD8, 0x00, 0x00, 0x00, 0xB7, 0xFF, 0xD0,
  0x00, 0x0B, 0x2C, 0xEC, 0xFF, 0xBA, 0x00, 0x88, 0xFF, 0xFF, 0xFF, 0x78, 0x00, 0x85, 0xFD, 0xE8,
  0x9B, 0x0A, 0x00, 0x00, 0xDC, 0xFF, 0xA4, 0x00, 0x00, 0x00, 0x00, 0x00, 0x00, 0x00, 0x00, 0xDC,
  0xFF, 0xA4, 0x00, 0x00, 0x00, 0x00, 0x00, 0x00, 0x00, 0x00, 0xDC, 0xFF, 0xA4, 0x00, 0x00, 0x00,
  0x00, 0x00, 0x00, 0x00, 0x00, 0xDC, 0xFF, 0xA4, 0x00, 0x00, 0x27, 0xEC, 0xFF, 0xC6, 0x09, 0x00,
  0xDC, 0xFF, 0xA4, 0x00, 0x19, 0xE0, 0xFF, 0xD7, 0x13, 0x00, 0x00, 0xDC, 0xFF, 0xA4, 0x0F, 0xD1,
  0xFF, 0xE5, 0x1F, 0x00, 0x00, 0x00, 0xDC, 0xFF, 0xAB, 0xC0, 0xFF, 0xF0, 0x2E, 0x00, 0x00, 0x00,
  0x00, 0xDC, 0xFF, 0xFD, 0xFF, 0xFF, 0x9C, 0x00, 0x00, 0x00, 0x00, 0x00, 0xDC, 0xFF, 0xFF, 0xFF,
  0xFF, 0xFE, 0x48, 0x00, 0x00, 0x00, 0x00, 0xDC, 0xFF, 0xF8, 0x4A, 0xCA, 0xFF, 0xEA, 0x1B, 0x00,
  0x00, 0x00, 0xDC, 0xFF, 0xA5, 0x00, 0x24, 0xF3, 0xFF, 0xC2, 0x03, 0x00, 0x00, 0xDC, 0xFF, 0xA4,
  0x00, 0x00, 0x5E, 0xFF, 0xFF, 0x84, 0x00, 0x00, 0xDC, 0xFF, 0xA4, 0x00, 0x00, 0x00, 0xA4, 0xFF,
  0xFD, 0x46, 0x00, 0xC4, 0xFF, 0xC0, 0x00, 0x00, 0x00, 0xC4, 0xFF, 0xC0, 0x00, 0x00, 0x00, 0xC4,
  0xFF, 0xC0, 0x00, 0x00, 0x00, 0xC4, 0xFF, 0xC0, 0x00, 0x00, 0x00, 0xC4, 0xFF, 0xC0, 0x00, 0x00,
  0x00, 0xC4, 0xFF, 0xC0, 0x00, 0x00, 0x00, 0xC4, 0xFF, 0xC0, 0x00, 0x00, 0x00, 0xC4, 0xFF, 0xC0,
  0x00, 0x00, 0x00, 0xC4, 0xFF, 0xC0, 0x00, 0x00, 0x00, 0xC2, 0xFF, 0xC5, 0x00, 0x00, 0x00, 0xB2,
  0xFF, 0xF0, 0x2F, 0x0E, 0x00, 0x73, 0xFF, 0xFF, 0xFF, 0xCC, 0x00, 0x06, 0x94, 0xE6, 0xFD, 0xC9,
  0x00, 0xDC, 0xFF, 0x74, 0x69, 0xDD, 0xF7, 0xD1, 0x4A, 0x05, 0x83, 0xE4, 0xF4, 0xC9, 0x3F, 0x00,
  0x00, 0x00, 0xDC, 0xFF, 0xD9, 0xFF, 0xFF, 0xFF, 0xFF, 0xF9, 0xB3, 0xFF, 0xFF, 0xFF, 0xFF, 0xF5,
  0x1B, 0x00, 0x00, 0xDC, 0xFF, 0xFF, 0x70, 0x1F, 0x78, 0xFF, 0xFF, 0xFE, 0x69, 0x1F, 0x7F, 0xFF,
  0xFF, 0x6D, 0x00, 0x00, 0xDC, 0xFF, 0xC4, 0x00, 0x00, 0x02, 0xF6, 0xFF, 0xBC, 0x00, 0x00, 0x04,
  0xFB, 0xFF, 0x8C, 0x00, 0x00, 0xDC, 0xFF, 0xA4, 0x00, 0x00, 0x00, 0xE4, 0xFF, 0x9C, 0x00, 0x00,
  0x00, 0xEC, 0xFF, 0x94, 0x00, 0x00, 0xDC, 0xFF, 0xA4, 0x00, 0x00, 0x00, 0xE4, 0xFF, 0x9C, 0x00,
  0x00, 0x00, 0xEC, 0xFF, 0x94, 0x00, 0x00, 0xDC, 0xFF, 0xA4, 0x00, 0x00, 0x00, 0xE4, 0xFF, 0x9C,
  0x00, 0x00, 0x00, 0xEC, 0xFF, 0x94, 0x00, 0x00, 0xDC, 0xFF, 0xA4, 0x00, 0x00, 0x00, 0xE4, 0xFF,
  0x9C, 0x00, 0x00, 0x00, 0xEC, 0xFF, 0x94, 0x00, 0x00, 0xDC, 0xFF, 0xA4, 0x00, 0x00, 0x00, 0xE4,
  0xFF, 0x9C, 0x00, 0x00, 0x00, 0xEC, 0xFF, 0x94, 0x00, 0x00, 0xDC, 0xFF, 0xA4, 0x00, 0x00, 0x00,
  0xE4, 0xFF, 0x9C, 0x00, 0x00, 0x00, 0xEC, 0xFF, 0x94, 0x00, 0x00, 0xDC, 0xFF, 0x74, 0x65, 0xD2,
  0xF6, 0xE4, 0xA8, 0x1C, 0x00, 0x00, 0x00, 0xDC, 0xFF, 0xDA, 0xFF, 0xFF, 0xFF, 0xFF, 0xFF, 0xD6,
  0x04, 0x00, 0x00, 0xDC, 0xFF, 0xFF, 0x85, 0x24, 0x2C, 0xB9, 0xFF, 0xFF, 0x45, 0x00, 0x00, 0xDC,
  0xFF, 0xCE, 0x00, 0x00, 0x00, 0x2D, 0xFF, 0xFF, 0x6A, 0x00, 0x00, 0xDC, 0xFF, 0xA5, 0x00, 0x00,
  0x00, 0x11, 0xFF, 0xFF, 0x74, 0x00, 0x00, 0xDC, 0xFF, 0xA4, 0x00, 0x00, 0x00, 0x10, 0xFF, 0xFF,
  0x74, 0x00, 0x00, 0xDC, 0xFF, 0xA4, 0x00, 0x00, 0x00, 0x10, 0xFF, 0xFF, 0x74, 0x00, 0x00, 0xDC,
  0xFF, 0xA4, 0x00, 0x00, 0x00, 0x10, 0xFF, 0xFF, 0x74, 0x00, 0x00, 0xDC, 0xFF, 0xA4, 0x00, 0x00,
  0x00, 0x10, 0xFF, 0xFF, 0x74, 0x00, 0x00, 0xDC, 0xFF, 0xA4, 0x00, 0x00, 0x00, 0x10, 0xFF, 0xFF,
  0x74, 0x00, 0x00, 0x00, 0x19, 0x92, 0xDC, 0xF8, 0xEB, 0xB3, 0x46, 0x00, 0x00, 0x00, 0x2E, 0xEE,
  0xFF, 0xFF, 0xFF, 0xFF, 0xFF, 0xFF, 0x80, 0x00, 0x00, 0xD1, 0xFF, 0xF5, 0x67, 0x21, 0x3E, 0xCD,
  0xFF, 0xFF, 0x37, 0x2C, 0xFF, 0xFF, 0x7C, 0x00, 0x00, 0x00, 0x1C, 0xFB, 0xFF, 0x92, 0x4C, 0xFF,
  0xFF, 0x42, 0x00, 0x00, 0x00, 0x00, 0xDB, 0xFF, 0xB3, 0x48, 0xFF, 0xFF, 0x46, 0x00, 0x00, 0x00,
  0x00, 0xDF, 0xFF, 0xAF, 0x26, 0xFF, 0xFF, 0x82, 0x00, 0x00, 0x00, 0x21, 0xFD, 0xFF, 0x8B, 0x00,
  0xCA, 0xFF, 0xF6, 0x69, 0x20, 0x3F, 0xCF, 0xFF, 0xFE, 0x2D, 0x00, 0x2A, 0xED, 0xFF, 0xFF, 0xFF,
  0xFF, 0xFF, 0xFF, 0x74, 0x00, 0x00, 0x00, 0x19, 0x92, 0xDC, 0xF8, 0xEB, 0xB1, 0x41, 0x00, 0x00,
  0x00, 0xDC, 0xFF, 0x7C, 0x5D, 0xD0, 0xF7, 0xEE, 0xB0, 0x2C, 0x00, 0x00, 0x00, 0xDC, 0xFF, 0xD9,
  0xFF, 0xFF, 0xFF, 0xFF, 0xFF, 0xF3, 0x29, 0x00, 0x00, 0xDC, 0xFF, 0xFF, 0xA0, 0x2E, 0x24, 0x8A,
  0xFF, 0xFF, 0xA6, 0x00, 0x00, 0xDC, 0xFF, 0xD4, 0x01, 0x00, 0x00, 0x00, 0xC6, 0xFF, 0xE8, 0x00,
  0x00, 0xDC, 0xFF, 0xA7, 0x00, 0x00, 0x00, 0x00, 0x91, 0xFF, 0xFE, 0x01, 0x00, 0xDC, 0xFF, 0xAA,
  0x00, 0x00, 0x00, 0x00, 0x96, 0xFF, 0xFC, 0x00, 0x00, 0xDC, 0xFF, 0xD9, 0x02, 0x00, 0x00, 0x01,
  0xCF, 0xFF, 0xE1, 0x00, 0x00, 0xDC, 0xFF, 0xFF, 0xA0, 0x2D, 0x26, 0x96, 0xFF, 0xFF, 0x9C, 0x00,
  0x00, 0xDC, 0xFF, 0xDD, 0xFC, 0xFF, 0xFF, 0xFF, 0xFF, 0xED, 0x20, 0x00, 0x00, 0xDC, 0xFF, 0xA4,
  0x44, 0xC7, 0xF7, 0xEE, 0xAB, 0x25, 0x00, 0x00, 0x00, 0xDC, 0xFF, 0xA4, 0x00, 0x00, 0x00, 0x00,
  0x00, 0x00, 0x00, 0x00, 0x00, 0xDC, 0xFF, 0xA4, 0x00, 0x00, 0x00, 0x00, 0x00, 0x00, 0x00, 0x00,
  0x00, 0xDC, 0xFF, 0xA4, 0x00, 0x00, 0x00, 0x00, 0x00, 0x00, 0x00, 0x00, 0x00, 0xDC, 0xFF, 0xA4,
  0x00, 0x00, 0x00, 0x00, 0x00, 0x00, 0x00, 0x00, 0x00, 0x00, 0x4E, 0xC6, 0xF6, 0xF0, 0xB3, 0x2A,
  0xCC, 0xFF, 0x8C, 0x00, 0x00, 0x60, 0xFF, 0xFF, 0xFF, 0xFF, 0xFF, 0xEF, 0xE4, 0xFF, 0x8C, 0x00,
  0x06, 0xEA, 0xFF, 0xF0, 0x5A, 0x1E, 0x44, 0xD2, 0xFF, 0xFF, 0x8C, 0x00, 0x36, 0xFF, 0xFF, 0x75,
  0x00, 0x00, 0x00, 0x2A, 0xFF, 0xFF, 0x8C, 0x00, 0x4F, 0xFF, 0xFF, 0x41, 0x00, 0x00, 0x00, 0x01,
  0xFA, 0xFF, 0x8C, 0x00, 0x4D, 0xFF, 0xFF, 0x45, 0x00, 0x00, 0x00, 0x02, 0xFB, 0xFF, 0x8C, 0x00,
  0x33, 0xFF, 0xFF, 0x7F, 0x00, 0x00, 0x00, 0x30, 0xFF, 0xFF, 0x8C, 0x00, 0x05, 0xE9, 0xFF, 0xF4,
  0x60, 0x1E, 0x43, 0xD3, 0xFF, 0xFF, 0x8C, 0x00, 0x00, 0x61, 0xFF, 0xFF, 0xFF, 0xFF, 0xFF, 0xDE,
  0xFB, 0xFF, 0x8C, 0x00, 0x00, 0x00, 0x51, 0xC8, 0xF7, 0xEF, 0xA6, 0x1B, 0xF8, 0xFF, 0x8C, 0x00,
  0x00, 0x00, 0x00, 0x00, 0x00, 0x00, 0x00, 0x00, 0xF8, 0xFF, 0x8C, 0x00, 0x00, 0x00, 0x00, 0x00,
  0x00, 0x00, 0x00, 0x00, 0xF8, 0xFF, 0x8C, 0x00, 0x00, 0x00, 0x00, 0x00, 0x00, 0x00, 0x00, 0x00,
  0xF8, 0xFF, 0x8C, 0x00, 0x00, 0x00, 0x00, 0x00, 0x00, 0x00, 0x00, 0x00, 0xF8, 0xFF, 0x8C, 0x00,
  0x00, 0x00, 0x00, 0x00, 0x00, 0x00, 0x08, 0x00, 0x00, 0xDC, 0xFF, 0x75, 0x7F, 0xE9, 0xFF, 0x08,
  0x00, 0xDC, 0xFF, 0xE0, 0xFF, 0xFF, 0xFF, 0x08, 0x00, 0xDC, 0xFF, 0xFF, 0x7B, 0x21, 0x32, 0x02,
  0x00, 0xDC, 0xFF, 0xCC, 0x00, 0x00, 0x00, 0x00, 0x00, 0xDC, 0xFF, 0xA5, 0x00, 0x00, 0x00, 0x00,
  0x00, 0xDC, 0xFF, 0xA4, 0x00, 0x00, 0x00, 0x00, 0x00, 0xDC, 0xFF, 0xA4, 0x00, 0x00, 0x00, 0x00,
  0x00, 0xDC, 0xFF, 0xA4, 0x00, 0x00, 0x00, 0x00, 0x00, 0xDC, 0xFF, 0xA4, 0x00, 0x00, 0x00, 0x00,
  0x00, 0xDC, 0xFF, 0xA4, 0x00, 0x00, 0x00, 0x00, 0x00, 0x01, 0x64, 0xC5, 0xF1, 0xF8, 0xDC, 0x89,
  0x0D, 0x00, 0x00, 0x8E, 0xFF, 0xFF, 0xFF, 0xFF, 0xFF, 0xFF, 0xC2, 0x01, 0x03, 0xF9, 0xFF, 0xBD,
  0x2A, 0x1E, 0x90, 0xFF, 0xFF, 0x41, 0x00, 0xED, 0xFF, 0xB6, 0x1F, 0x00, 0x03, 0x18, 0x18, 0x09,
  0x00, 0x5F, 0xFB, 0xFF, 0xFF, 0xED, 0xB6, 0x7A, 0x1B, 0x00, 0x00, 0x00, 0x1F, 0x6E, 0xA8, 0xDD,
  0xFF, 0xFF, 0xF2, 0x39, 0x07, 0x18, 0x18, 0x04, 0x00, 0x00, 0x21, 0xE1, 0xFF, 0xB0, 0x31, 0xFF,
  0xFF, 0x9E, 0x27, 0x19, 0x46, 0xEC, 0xFF, 0xB5, 0x00, 0xB3, 0xFF, 0xFF, 0xFF, 0xFF, 0xFF, 0xFF,
  0xFB, 0x46, 0x00, 0x08, 0x79, 0xCF, 0xF2, 0xFC, 0xE8, 0xB0, 0x3B, 0x00, 0x00, 0x30, 0xFF, 0xFF,
  0x50, 0x00, 0x00, 0x00, 0x00, 0x30, 0xFF, 0xFF, 0x50, 0x00, 0x00, 0x00, 0x88, 0xFF, 0xFF, 0xFF,
  0xFF, 0xFF, 0xC0, 0x00, 0x88, 0xFF, 0xFF, 0xFF, 0xFF, 0xFF, 0xC0, 0x00, 0x08, 0x3D, 0xFF, 0xFF,
  0x5B, 0x10, 0x0C, 0x00, 0x00, 0x30, 0xFF, 0xFF, 0x50, 0x00, 0x00, 0x00, 0x00, 0x30, 0xFF, 0xFF,
  0x50, 0x00, 0x00, 0x00, 0x00, 0x30, 0xFF, 0xFF, 0x50, 0x00, 0x00, 0x00, 0x00, 0x2E, 0xFF, 0xFF,
  0x55, 0x00, 0x00, 0x00, 0x00, 0x16, 0xFF, 0xFF, 0xA9, 0x1A, 0x17, 0x00, 0x00, 0x00, 0xCF, 0xFF,
  0xFF, 0xFF, 0xF0, 0x00, 0x00, 0x00, 0x26, 0xB2, 0xEA, 0xFE, 0xE6, 0x00, 0x00, 0xF4, 0xFF, 0x8C,
  0x00, 0x00, 0x00, 0x58, 0xFF, 0xFF, 0x2C, 0x00, 0xF4, 0xFF, 0x8C, 0x00, 0x00, 0x00, 0x58, 0xFF,
  0xFF, 0x2C, 0x00, 0xF4, 0xFF, 0x8C, 0x00, 0x00, 0x00, 0x58, 0xFF, 0xFF, 0x2C, 0x00, 0xF4, 0xFF,
  0x8C, 0x00, 0x00, 0x00, 0x58, 0xFF, 0xFF, 0x2C, 0x00, 0xF4, 0xFF, 0x8C, 0x00, 0x00, 0x00, 0x58,
  0xFF, 0xFF, 0x2C, 0x00, 0xF4, 0xFF, 0x8D, 0x00, 0x00, 0x00, 0x5A, 0xFF, 0xFF, 0x2C, 0x00, 0xED,
  0xFF, 0xA9, 0x00, 0x00, 0x00, 0x83, 0xFF, 0xFF, 0x2C, 0x00, 0xC9, 0xFF, 0xF7, 0x55, 0x1E, 0x54,
  0xF0, 0xFF, 0xFF, 0x2C, 0x00, 0x67, 0xFF, 0xFF, 0xFF, 0xFF, 0xFF, 0xD4, 0xFF, 0xFF, 0x2C, 0x00,
  0x00, 0x67, 0xD4, 0xF6, 0xE5, 0x8F, 0x32, 0xFF, 0xFF, 0x2C, 0x9A, 0xFF, 0xFF, 0x32, 0x00, 0x00,
  0x00, 0x04, 0xEA, 0xFF, 0xA1, 0x2C, 0xFF, 0xFF, 0x98, 0x00, 0x00, 0x00, 0x4C, 0xFF, 0xFF, 0x3E,
  0x00, 0xBF, 0xFF, 0xF2, 0x0B, 0x00, 0x00, 0xAA, 0xFF, 0xDB, 0x00, 0x00, 0x52, 0xFF, 0xFF, 0x63,
  0x00, 0x0F, 0xF7, 0xFF, 0x78, 0x00, 0x00, 0x03, 0xE1, 0xFF, 0xC8, 0x00, 0x65, 0xFF, 0xFB, 0x19,
  0x00, 0x00, 0x00, 0x78, 0xFF, 0xFF, 0x2E, 0xC2, 0xFF, 0xB1, 0x00, 0x00, 0x00, 0x00, 0x13, 0xF7,
  0xFF, 0xB3, 0xFE, 0xFF, 0x4E, 0x00, 0x00, 0x00, 0x00, 0x00, 0x9D, 0xFF, 0xFF, 0xFF, 0xE7, 0x04,
  0x00, 0x00, 0x00, 0x00, 0x00, 0x30, 0xFF, 0xFF, 0xFF, 0x88, 0x00, 0x00, 0x00, 0x00, 0x00, 0x00,
  0x00, 0xC3, 0xFF, 0xFF, 0x26, 0x00, 0x00, 0x00, 0x7D, 0xFF, 0xFF, 0x33, 0x00, 0x00, 0x68, 0xFF,
  0xFF, 0x38, 0x00, 0x00, 0x36, 0xFF, 0xFF, 0x3F, 0x35, 0xFF, 0xFF, 0x72, 0x00, 0x00, 0xB6, 0xFF,
  0xFF, 0x8B, 0x00, 0x00, 0x79, 0xFF, 0xF2, 0x05, 0x01, 0xEA, 0xFF, 0xB2, 0x00, 0x0C, 0xF8, 0xFF,
  0xFF, 0xDC, 0x00, 0x00, 0xBC, 0xFF, 0xAF, 0x00, 0x00, 0xA5, 0xFF, 0xEF, 0x02, 0x53, 0xFF, 0xBF,
  0xF7, 0xFF, 0x2F, 0x07, 0xF7, 0xFF, 0x67, 0x00, 0x00, 0x5D, 0xFF, 0xFF, 0x30, 0xA1, 0xFF, 0x65,
  0xB2, 0xFF, 0x81, 0x42, 0xFF, 0xFF, 0x1F, 0x00, 0x00, 0x16, 0xFE, 0xFF, 0x73, 0xEC, 0xFE, 0x18,
  0x60, 0xFF, 0xD3, 0x85, 0xFF, 0xD7, 0x00, 0x00, 0x00, 0x00, 0xCD, 0xFF, 0xE4, 0xFF, 0xC7, 0x00,
  0x12, 0xFB, 0xFF, 0xE3, 0xFF, 0x8F, 0x00, 0x00, 0x00, 0x00, 0x85, 0xFF, 0xFF, 0xFF, 0x78, 0x00,
  0x00, 0xBD, 0xFF, 0xFF, 0xFF, 0x47, 0x00, 0x00, 0x00, 0x00, 0x3D, 0xFF, 0xFF, 0xFF, 0x29, 0x00,
  0x00, 0x6B, 0xFF, 0xFF, 0xF6, 0x08, 0x00, 0x00, 0x00, 0x00, 0x04, 0xF0, 0xFF, 0xDB, 0x00, 0x00,
  0x00, 0x1A, 0xFE, 0xFF, 0xB7, 0x00, 0x00, 0x00, 0x36, 0xFC, 0xFF, 0x9A, 0x00, 0x00, 0x00, 0xB2,
  0xFF, 0xEC, 0x18, 0x00, 0x86, 0xFF, 0xFF, 0x49, 0x00, 0x5E, 0xFF, 0xFF, 0x57, 0x00, 0x00, 0x06,
  0xD3, 0xFF, 0xE5, 0x2C, 0xEF, 0xFF, 0xA9, 0x00, 0x00, 0x00, 0x00, 0x32, 0xFB, 0xFF, 0xF6, 0xFF,
  0xE7, 0x13, 0x00, 0x00, 0x00, 0x00, 0x00, 0x87, 0xFF, 0xFF, 0xFF, 0x5B, 0x00, 0x00, 0x00, 0x00,
  0x00, 0x01, 0xBE, 0xFF, 0xFF, 0xFF, 0xA8, 0x00, 0x00, 0x00, 0x00, 0x00, 0x69, 0xFF, 0xFE, 0xAB,
  0xFF, 0xFF, 0x4C, 0x00, 0x00, 0x00, 0x1F, 0xF2, 0xFF, 0x9A, 0x05, 0xD3, 0xFF, 0xE2, 0x0D, 0x00,
  0x00, 0xBA, 0xFF, 0xE9, 0x11, 0x00, 0x39, 0xFD, 0xFF, 0x95, 0x00, 0x64, 0xFF, 0xFF, 0x5B, 0x00,
  0x00, 0x00, 0x95, 0xFF, 0xFE, 0x3B, 0x9A, 0xFF, 0xFF, 0x32, 0x00, 0x00, 0x00, 0x04, 0xEA, 0xFF,
  0xA1, 0x2D, 0xFF, 0xFF, 0x96, 0x00, 0x00, 0x00, 0x4B, 0xFF, 0xFF, 0x3E, 0x00, 0xC1, 0xFF, 0xF0,
  0x09, 0x00, 0x00, 0xA7, 0xFF, 0xDB, 0x00, 0x00, 0x54, 0xFF, 0xFF, 0x5E, 0x00, 0x0C, 0xF5, 0xFF,
  0x78, 0x00, 0x00, 0x04, 0xE3, 0xFF, 0xC2, 0x00, 0x5F, 0xFF, 0xFB, 0x19, 0x00, 0x00, 0x00, 0x7B,
  0xFF, 0xFF, 0x27, 0xBC, 0xFF, 0xB1, 0x00, 0x00, 0x00, 0x00, 0x15, 0xF8, 0xFF, 0xA5, 0xFD, 0xFF,
  0x4E, 0x00, 0x00, 0x00, 0x00, 0x00, 0xA2, 0xFF, 0xFF, 0xFF, 0xE7, 0x04, 0x00, 0x00, 0x00, 0x00,
  0x00, 0x35, 0xFF, 0xFF, 0xFF, 0x88, 0x00, 0x00, 0x00, 0x00, 0x00, 0x00, 0x00, 0xC9, 0xFF, 0xFF,
  0x26, 0x00, 0x00, 0x00, 0x00, 0x00, 0x00, 0x00, 0xBD, 0xFF, 0xBD, 0x00, 0x00, 0x00, 0x00, 0x00,
  0x00, 0x0F, 0x5B, 0xFF, 0xFF, 0x4C, 0x00, 0x00, 0x00, 0x00, 0x00, 0x00, 0xB8, 0xFF, 0xFF, 0xBA,
  0x00, 0x00, 0x00, 0x00, 0x00, 0x00, 0x00, 0xB4, 0xEF, 0xA3, 0x10, 0x00, 0x00, 0x00, 0x00, 0x00,
  0x3C, 0xFF, 0xFF, 0xFF, 0xFF, 0xFF, 0xFF, 0xFF, 0xF0, 0x00, 0x3C, 0xFF, 0xFF, 0xFF, 0xFF, 0xFF,
  0xFF, 0xFF, 0xEC, 0x00, 0x04, 0x14, 0x14, 0x14, 0x14, 0xA3, 0xFF, 0xFF, 0x5A, 0x00, 0x00, 0x00,
  0x00, 0x00, 0x6D, 0xFF, 0xFF, 0x7E, 0x00, 0x00, 0x00, 0x00, 0x00, 0x49, 0xFC, 0xFF, 0xA3, 0x00,
  0x00, 0x00, 0x00, 0x00, 0x2C, 0xF2, 0xFF, 0xC2, 0x06, 0x00, 0x00, 0x00, 0x00, 0x17, 0xE0, 0xFF,
  0xDB, 0x13, 0x00, 0x00, 0x00, 0x00, 0x08, 0xC8, 0xFF, 0xF4, 0x3A, 0x14, 0x14, 0x14, 0x14, 0x02,
  0x6A, 0xFF, 0xFF, 0xFF, 0xFF, 0xFF, 0xFF, 0xFF, 0xFF, 0x20, 0x70, 0xFF, 0xFF, 0xFF, 0xFF, 0xFF,
  0xFF, 0xFF, 0xFF, 0x20, 0x00, 0x00, 0x00, 0x69, 0xDC, 0xFD, 0x74, 0x00, 0x00, 0x52, 0xFF, 0xFF,
  0xFF, 0x74, 0x00, 0x00, 0xA3, 0xFF, 0xCB, 0x1F, 0x09, 0x00, 0x00, 0xB8, 0xFF, 0x91, 0x00, 0x00,
  0x00, 0x00, 0xB8, 0xFF, 0x90, 0x00, 0x00, 0x00, 0x00, 0xB8, 0xFF, 0x90, 0x00, 0x00, 0x00, 0x00,
  0xB8, 0xFF, 0x90, 0x00, 0x00, 0x00, 0x1C, 0xE1, 0xFF, 0x8D, 0x00, 0x00, 0x00, 0xAC, 0xFF, 0xEF,
  0x3D, 0x00, 0x00, 0x00, 0xAC, 0xFF, 0xF7, 0x4F, 0x00, 0x00, 0x00, 0x13, 0xD7, 0xFF, 0x8F, 0x00,
  0x00, 0x00, 0x00, 0xB8, 0xFF, 0x90, 0x00, 0x00, 0x00, 0x00, 0xB8, 0xFF, 0x90, 0x00, 0x00, 0x00,
  0x00, 0xB8, 0xFF, 0x90, 0x00, 0x00, 0x00, 0x00, 0xAA, 0xFF, 0xC5, 0x1D, 0x09, 0x00, 0x00, 0x66,
  0xFF, 0xFF, 0xFF, 0x74, 0x00, 0x00, 0x01, 0x81, 0xE2, 0xFE, 0x74, 0x00, 0x00, 0xE8, 0xFF, 0x60,
  0x00, 0x00, 0x00, 0xE8, 0xFF, 0x60, 0x00, 0x00, 0x00, 0xE8, 0xFF, 0x60, 0x00, 0x00, 0x00, 0xE8,
  0xFF, 0x60, 0x00, 0x00, 0x00, 0xE8, 0xFF, 0x60, 0x00, 0x00, 0x00, 0xE8, 0xFF, 0x60, 0x00, 0x00,
  0x00, 0xE8, 0xFF, 0x60, 0x00, 0x00, 0x00, 0xE8, 0xFF, 0x60, 0x00, 0x00, 0x00, 0xE8, 0xFF, 0x60,
  0x00, 0x00, 0x00, 0xE8, 0xFF, 0x60, 0x00, 0x00, 0x00, 0xE8, 0xFF, 0x60, 0x00, 0x00, 0x00, 0xE8,
  0xFF, 0x60, 0x00, 0x00, 0x00, 0xE8, 0xFF, 0x60, 0x00, 0x00, 0x00, 0xE8, 0xFF, 0x60, 0x00, 0x00,
  0x00, 0xE8, 0xFF, 0x60, 0x00, 0x00, 0x00, 0xE8, 0xFF, 0x60, 0x00, 0x00, 0x00, 0xE8, 0xFF, 0x60,
  0x00, 0x3C, 0xFF, 0xE6, 0x90, 0x08, 0x00, 0x00, 0x3C, 0xFF, 0xFF, 0xFF, 0x85, 0x00, 0x00, 0x04,
  0x18, 0xA0, 0xFF, 0xD5, 0x00, 0x00, 0x00, 0x00, 0x59, 0xFF, 0xEF, 0x00, 0x00, 0x00, 0x00, 0x58,
  0xFF, 0xF0, 0x00, 0x00, 0x00, 0x00, 0x58, 0xFF, 0xF0, 0x00, 0x00, 0x00, 0x00, 0x58, 0xFF, 0xF0,
  0x00, 0x00, 0x00, 0x00, 0x55, 0xFF, 0xFF, 0x3B, 0x00, 0x00, 0x00, 0x1B, 0xDB, 0xFF, 0xE4, 0x00,
  0x00, 0x00, 0x1F, 0xE8, 0xFF, 0xE4, 0x00, 0x00, 0x00, 0x57, 0xFF, 0xFC, 0x2D, 0x00, 0x00, 0x00,
  0x58, 0xFF, 0xF0, 0x00, 0x00, 0x00, 0x00, 0x58, 0xFF, 0xF0, 0x00, 0x00, 0x00, 0x00, 0x58, 0xFF,
  0xF0, 0x00, 0x00, 0x04, 0x17, 0x99, 0xFF, 0xE5, 0x00, 0x00, 0x3C, 0xFF, 0xFF, 0xFF, 0x9E, 0x00,
  0x00, 0x3C, 0xFF, 0xEA, 0x9A, 0x0D, 0x00, 0x00, 0x00, 0x25, 0xBF, 0xF7, 0xCA, 0x2E, 0x00, 0x00,
  0x2C, 0x02, 0x00, 0x19, 0xEA, 0xFF, 0xFF, 0xFF, 0xF5, 0x61, 0x2E, 0xE2, 0xB3, 0x0B, 0x1C, 0xD1,
  0xC6, 0x26, 0x86, 0xFF, 0xFF, 0xFF, 0xFF, 0xD4, 0x08, 0x00, 0x0C, 0x23, 0x00, 0x00, 0x4F, 0xDD,
  0xF7, 0xAF, 0x17, 0x00, 0x00, 0x00, 0x00, 0x00, 0x00, 0x00, 0x00, 0x00, 0x00, 0x00, 0x00, 0x00,
  0x00, 0x00, 0x00, 0x00, 0x00, 0x00, 0x00, 0x00, 0x00, 0x00, 0x00, 0x00, 0x00, 0x00, 0x00, 0x00,
  0x00, 0x00, 0x00, 0x00, 0x00, 0x00, 0x00, 0x00, 0x00, 0x00, 0x00, 0x00, 0x00, 0x00, 0x00, 0x00,
  0x00, 0x00, 0x00, 0x00, 0x00, 0x00, 0x00, 0x00, 0x00, 0x00, 0x00, 0x00, 0x00, 0x37, 0xDC, 0xC9,
  0x16, 0x00, 0x8F, 0xE8, 0x7C, 0x00, 0x00, 0x00, 0x00, 0x94, 0xFF, 0xFF, 0x5F, 0x05, 0xFE, 0xFF,
  0xEF, 0x00, 0x00, 0x00, 0x00, 0x3F, 0xE9, 0xD7, 0x1B, 0x00, 0x9D, 0xF5, 0x89, 0x00, 0x00, 0x00,
  0x00, 0x00, 0x00, 0x00, 0x00, 0x00, 0x00, 0x00, 0x00, 0x00, 0x00, 0x00, 0x7C, 0xFF, 0xFF, 0xFF,
  0xFF, 0xFF, 0xFF, 0xFF, 0xFF, 0xD4, 0x00, 0x00, 0x7C, 0xFF, 0xFF, 0xFF, 0xFF, 0xFF, 0xFF, 0xFF,
  0xFF, 0xD4, 0x00, 0x00, 0x7C, 0xFF, 0xFF, 0x70, 0x14, 0x14, 0x14, 0x14, 0x14, 0x10, 0x00, 0x00,
  0x7C, 0xFF, 0xFF, 0x64, 0x00, 0x00, 0x00, 0x00, 0x00, 0x00, 0x00, 0x00, 0x7C, 0xFF, 0xFF, 0x64,
  0x00, 0x00, 0x00, 0x00, 0x00, 0x00, 0x00, 0x00, 0x7C, 0xFF, 0xFF, 0xFF, 0xFF, 0xFF, 0xFF, 0xFF,
  0xFF, 0x44, 0x00, 0x00, 0x7C, 0xFF, 0xFF, 0xFF, 0xFF, 0xFF, 0xFF, 0xFF, 0xFF, 0x44, 0x00, 0x00,
  0x7C, 0xFF, 0xFF, 0x70, 0x14, 0x14, 0x14, 0x14, 0x14, 0x05, 0x00, 0x00, 0x7C, 0xFF, 0xFF, 0x64,
  0x00, 0x00, 0x00, 0x00, 0x00, 0x00, 0x00, 0x00, 0x7C, 0xFF, 0xFF, 0x64, 0x00, 0x00, 0x00, 0x00,
  0x00, 0x00, 0x00, 0x00, 0x7C, 0xFF, 0xFF, 0x70, 0x14, 0x14, 0x14, 0x14, 0x14, 0x10, 0x00, 0x00,
  0x7C, 0xFF, 0xFF, 0xFF, 0xFF, 0xFF, 0xFF, 0xFF, 0xFF, 0xD4, 0x00, 0x00, 0x7C, 0xFF, 0xFF, 0xFF,
  0xFF, 0xFF, 0xFF, 0xFF, 0xFF, 0xD4, 0x00, 0x00, 0x00, 0x00, 0x00, 0x16, 0xFA, 0xFF, 0xFF, 0x2C,
  0x00, 0x00, 0x00, 0x00, 0x00, 0x00, 0x00, 0x00, 0x72, 0xFF, 0xFF, 0xFF, 0x8D, 0x00, 0x00, 0x00,
  0x00, 0x00, 0x00, 0x00, 0x00, 0xD3, 0xFF, 0xFF, 0xFF, 0xE9, 0x05, 0x00, 0x00, 0x00, 0x00, 0x00,
  0x00, 0x34, 0xFF, 0xFF, 0xEA, 0xFF, 0xFF, 0x4F, 0x00, 0x00, 0x00, 0x00, 0x00, 0x00, 0x96, 0xFF,
  0xFD, 0x4F, 0xFF, 0xFF, 0xB1, 0x00, 0x00, 0x00, 0x00, 0x00, 0x08, 0xEE, 0xFF, 0xBA, 0x00, 0xDB,
  0xFF, 0xFB, 0x17, 0x00, 0x00, 0x00, 0x00, 0x58, 0xFF, 0xFF, 0x5F, 0x00, 0x80, 0xFF, 0xFF, 0x73,
  0x00, 0x00, 0x00, 0x00, 0xB9, 0xFF, 0xF7, 0x0E, 0x00, 0x25, 0xFF, 0xFF, 0xD4, 0x00, 0x00, 0x00,
  0x1D, 0xFD, 0xFF, 0xFF, 0xFF, 0xFF, 0xFF, 0xFF, 0xFF, 0xFF, 0x36, 0x00, 0x00, 0x7C, 0xFF, 0xFF,
  0xFF, 0xFF, 0xFF, 0xFF, 0xFF, 0xFF, 0xFF, 0x97, 0x00, 0x00, 0xDC, 0xFF, 0xE2, 0x4C, 0x4C, 0x4C,
  0x4C, 0x50, 0xF7, 0xFF, 0xEF, 0x08, 0x3E, 0xFF, 0xFF, 0x85, 0x00, 0x00, 0x00, 0x00, 0x00, 0xA7,
  0xFF, 0xFF, 0x59, 0x9F, 0xFF, 0xFF, 0x27, 0x00, 0x00, 0x00, 0x00, 0x00, 0x45, 0xFF, 0xFF, 0xBB,
  0x00, 0x7C, 0xFF, 0xFF, 0xFF, 0xFF, 0xFF, 0xFF, 0xFF, 0xFF, 0xEC, 0x00, 0x00, 0x00, 0x7C, 0xFF,
  0xFF, 0xFF, 0xFF, 0xFF, 0xFF, 0xFF, 0xFF, 0xEC, 0x00, 0x00, 0x00, 0x7C, 0xFF, 0xFF, 0x6C, 0x14,
  0x14, 0x14, 0x14, 0x14, 0x12, 0x00, 0x00, 0x00, 0x7C, 0xFF, 0xFF, 0x60, 0x00, 0x00, 0x00, 0x00,
  0x00, 0x00, 0x00, 0x00, 0x00, 0x7C, 0xFF, 0xFF, 0x6C, 0x14, 0x13, 0x0A, 0x00, 0x00, 0x00, 0x00,
  0x00, 0x00, 0x7C, 0xFF, 0xFF, 0xFF, 0xFF, 0xFF, 0xFF, 0xEE, 0xAD, 0x34, 0x00, 0x00, 0x00, 0x7C,
  0xFF, 0xFF, 0xFF, 0xFF, 0xFF, 0xFF, 0xFF, 0xFF, 0xFB, 0x48, 0x00, 0x00, 0x7C, 0xFF, 0xFF, 0x60,
  0x00, 0x02, 0x18, 0x76, 0xFF, 0xFF, 0xDD, 0x00, 0x00, 0x7C, 0xFF, 0xFF, 0x60, 0x00, 0x00, 0x00,
  0x00, 0xC7, 0xFF, 0xFF, 0x1C, 0x00, 0x7C, 0xFF, 0xFF, 0x60, 0x00, 0x00, 0x00, 0x00, 0xCC, 0xFF,
  0xFF, 0x1A, 0x00, 0x7C, 0xFF, 0xFF, 0x6C, 0x14, 0x16, 0x2C, 0x89, 0xFF, 0xFF, 0xD7, 0x00, 0x00,
  0x7C, 0xFF, 0xFF, 0xFF, 0xFF, 0xFF, 0xFF, 0xFF, 0xFF, 0xF7, 0x3E, 0x00, 0x00, 0x7C, 0xFF, 0xFF,
  0xFF, 0xFF, 0xFF, 0xF7, 0xDC, 0x9C, 0x28, 0x00, 0x00, 0x00, 0x7C, 0xFF, 0xFF, 0xFF, 0xFF, 0xFF,
  0xFB, 0xE4, 0xA6, 0x27, 0x00, 0x00, 0x00, 0x7C, 0xFF, 0xFF, 0xFF, 0xFF, 0xFF, 0xFF, 0xFF, 0xFF,
  0xEE, 0x1C, 0x00, 0x00, 0x7C, 0xFF, 0xFF, 0x6C, 0x14, 0x15, 0x2E, 0xB7, 0xFF, 0xFF, 0x7A, 0x00,
  0x00, 0x7C, 0xFF, 0xFF, 0x60, 0x00, 0x00, 0x00, 0x50, 0xFF, 0xFF, 0x8D, 0x00, 0x00, 0x7C, 0xFF,
  0xFF, 0x60, 0x00, 0x01, 0x1B, 0xB0, 0xFF, 0xFF, 0x4F, 0x00, 0x00, 0x7C, 0xFF, 0xFF, 0xFF, 0xFF,
  0xFF, 0xFF, 0xFF, 0xF7, 0x7C, 0x00, 0x00, 0x00, 0x7C, 0xFF, 0xFF, 0xFF, 0xFF, 0xFF, 0xFF, 0xFF,
  0xFE, 0xB5, 0x16, 0x00, 0x00, 0x7C, 0xFF, 0xFF, 0x6C, 0x14, 0x14, 0x25, 0x77, 0xFF, 0xFF, 0xBC,
  0x00, 0x00, 0x7C, 0xFF, 0xFF, 0x60, 0x00, 0x00, 0x00, 0x00, 0xC9, 0xFF, 0xFF, 0x0F, 0x00, 0x7C,
  0xFF, 0xFF, 0x60, 0x00, 0x00, 0x00, 0x00, 0xC3, 0xFF, 0xFF, 0x1F, 0x00, 0x7C, 0xFF, 0xFF, 0x6C,
  0x14, 0x14, 0x22, 0x6C, 0xFE, 0xFF, 0xED, 0x03, 0x00, 0x7C, 0xFF, 0xFF, 0xFF, 0xFF, 0xFF, 0xFF,
  0xFF, 0xFF, 0xFF, 0x6E, 0x00, 0x00, 0x7C, 0xFF, 0xFF, 0xFF, 0xFF, 0xFF, 0xFE, 0xEF, 0xC0, 0x57,
  0x00, 0x00, 0x00, 0x7C, 0xFF, 0xFF, 0xFF, 0xFF, 0xFF, 0xFF, 0xFF, 0xFF, 0x44, 0x00, 0x7C, 0xFF,
  0xFF, 0xFF, 0xFF, 0xFF, 0xFF, 0xFF, 0xFF, 0x44, 0x00, 0x7C, 0xFF, 0xFF, 0x6C, 0x14, 0x14, 0x14,
  0x14, 0x14, 0x05, 0x00, 0x7C, 0xFF, 0xFF, 0x60, 0x00, 0x00, 0x00, 0x00, 0x00, 0x00, 0x00, 0x7C,
  0xFF, 0xFF, 0x60, 0x00, 0x00, 0x00, 0x00, 0x00, 0x00, 0x00, 0x7C, 0xFF, 0xFF, 0x60, 0x00, 0x00,
  0x00, 0x00, 0x00, 0x00, 0x00, 0x7C, 0xFF, 0xFF, 0x60, 0x00, 0x00, 0x00, 0x00, 0x00, 0x00, 0x00,
  0x7C, 0xFF, 0xFF, 0x60, 0x00, 0x00, 0x00, 0x00, 0x00, 0x00, 0x00, 0x7C, 0xFF, 0xFF, 0x60, 0x00,
  0x00, 0x00, 0x00, 0x00, 0x00, 0x00, 0x7C, 0xFF, 0xFF, 0x60, 0x00, 0x00, 0x00, 0x00, 0x00, 0x00,
  0x00, 0x7C, 0xFF, 0xFF, 0x60, 0x00, 0x00, 0x00, 0x00, 0x00, 0x00, 0x00, 0x7C, 0xFF, 0xFF, 0x60,
  0x00, 0x00, 0x00, 0x00, 0x00, 0x00, 0x00, 0x7C, 0xFF, 0xFF, 0x60, 0x00, 0x00, 0x00, 0x00, 0x00,
  0x00, 0x00, 0x00, 0x20, 0xFF, 0xFF, 0xFF, 0xFF, 0xFF, 0xFF, 0xFF, 0xFF, 0xFF, 0x3C, 0x00, 0x00,
  0x00, 0x20, 0xFF, 0xFF, 0xFF, 0xFF, 0xFF, 0xFF, 0xFF, 0xFF, 0xFF, 0x3C, 0x00, 0x00, 0x00, 0x20,
  0xFF, 0xFF, 0x98, 0x14, 0x14, 0x14, 0xA3, 0xFF, 0xFF, 0x3C, 0x00, 0x00, 0x00, 0x24, 0xFF, 0xFF,
  0x8D, 0x00, 0x00, 0x00, 0x9C, 0xFF, 0xFF, 0x3C, 0x00, 0x00, 0x00, 0x2F, 0xFF, 0xFF, 0x87, 0x00,
  0x00, 0x00, 0x9C, 0xFF, 0xFF, 0x3C, 0x00, 0x00, 0x00, 0x38, 0xFF, 0xFF, 0x7F, 0x00, 0x00, 0x00,
  0x9C, 0xFF, 0xFF, 0x3C, 0x00, 0x00, 0x00, 0x4E, 0xFF, 0xFF, 0x6B, 0x00, 0x00, 0x00, 0x9C, 0xFF,
  0xFF, 0x3C, 0x00, 0x00, 0x00, 0x6A, 0xFF, 0xFF, 0x53, 0x00, 0x00, 0x00, 0x9C, 0xFF, 0xFF, 0x3C,
  0x00, 0x00, 0x00, 0x87, 0xFF, 0xFF, 0x2D, 0x00, 0x00, 0x00, 0x9C, 0xFF, 0xFF, 0x3C, 0x00, 0x00,
  0x00, 0xB7, 0xFF, 0xF6, 0x06, 0x00, 0x00, 0x00, 0x9C, 0xFF, 0xFF, 0x3C, 0x00, 0x0C, 0x1B, 0xF5,
  0xFF, 0xC1, 0x14, 0x14, 0x14, 0x14, 0xA3, 0xFF, 0xFF, 0x4B, 0x0D, 0xA0, 0xFF, 0xFF, 0xFF, 0xFF,
  0xFF, 0xFF, 0xFF, 0xFF, 0xFF, 0xFF, 0xFF, 0xFF, 0xB0, 0xA0, 0xFF, 0xFF, 0xFF, 0xFF, 0xFF, 0xFF,
  0xFF, 0xFF, 0xFF, 0xFF, 0xFF, 0xFF, 0xB0, 0xA0, 0xFF, 0xEC, 0x00, 0x00, 0x00, 0x00, 0x00, 0x00,
  0x00, 0x00, 0xDC, 0xFF, 0xB0, 0xA0, 0xFF, 0xEC, 0x00, 0x00, 0x00, 0x00, 0x00, 0x00, 0x00, 0x00,
  0xDC, 0xFF, 0xB0, 0x93, 0xEC, 0xD9, 0x00, 0x00, 0x00, 0x00, 0x00, 0x00, 0x00, 0x00, 0xCA, 0xEC,
  0xA2, 0x00, 0x7C, 0xFF, 0xFF, 0xFF, 0xFF, 0xFF, 0xFF, 0xFF, 0xFF, 0xD4, 0x00, 0x00, 0x7C, 0xFF,
  0xFF, 0xFF, 0xFF, 0xFF, 0xFF, 0xFF, 0xFF, 0xD4, 0x00, 0x00, 0x7C, 0xFF, 0xFF, 0x70, 0x14, 0x14,
  0x14, 0x14, 0x14, 0x10, 0x00, 0x00, 0x7C, 0xFF, 0xFF, 0x64, 0x00, 0x00, 0x00, 0x00, 0x00, 0x00,
  0x00, 0x00, 0x7C, 0xFF, 0xFF, 0x64, 0x00, 0x00, 0x00, 0x00, 0x00, 0x00, 0x00, 0x00, 0x7C, 0xFF,
  0xFF, 0xFF, 0xFF, 0xFF, 0xFF, 0xFF, 0xFF, 0x44, 0x00, 0x00, 0x7C, 0xFF, 0xFF, 0xFF, 0xFF, 0xFF,
  0xFF, 0xFF, 0xFF, 0x44, 0x00, 0x00, 0x7C, 0xFF, 0xFF, 0x70, 0x14, 0x14, 0x14, 0x14, 0x14, 0x05,
  0x00, 0x00, 0x7C, 0xFF, 0xFF, 0x64, 0x00, 0x00, 0x00, 0x00, 0x00, 0x00, 0x00, 0x00, 0x7C, 0xFF,
  0xFF, 0x64, 0x00, 0x00, 0x00, 0x00, 0x00, 0x00, 0x00, 0x00, 0x7C, 0xFF, 0xFF, 0x70, 0x14, 0x14,
  0x14, 0x14, 0x14, 0x10, 0x00, 0x00, 0x7C, 0xFF, 0xFF, 0xFF, 0xFF, 0xFF, 0xFF, 0xFF, 0xFF, 0xD4,
  0x00, 0x00, 0x7C, 0xFF, 0xFF, 0xFF, 0xFF, 0xFF, 0xFF, 0xFF, 0xFF, 0xD4, 0x00, 0x21, 0xF0, 0xFF,
  0xE3, 0x11, 0x00, 0x00, 0x00, 0xEC, 0xFF, 0xEC, 0x00, 0x00, 0x00, 0x08, 0xD4, 0xFF, 0xEF, 0x20,
  0x00, 0x57, 0xFF, 0xFF, 0xA9, 0x00, 0x00, 0x00, 0xEC, 0xFF, 0xEC, 0x00, 0x00, 0x00, 0x97, 0xFF,
  0xFF, 0x51, 0x00, 0x00, 0x00, 0x9B, 0xFF, 0xFF, 0x5D, 0x00, 0x00, 0xEC, 0xFF, 0xEC, 0x00, 0x00,
  0x50, 0xFF, 0xFF, 0x90, 0x00, 0x00, 0x00, 0x00, 0x0A, 0xD5, 0xFF, 0xF1, 0x1F, 0x00, 0xEC, 0xFF,
  0xEC, 0x00, 0x1C, 0xED, 0xFF, 0xCA, 0x06, 0x00, 0x00, 0x00, 0x00, 0x00, 0x2C, 0xF7, 0xFF, 0xC2,
  0x02, 0xEC, 0xFF, 0xEC, 0x02, 0xC0, 0xFF, 0xEF, 0x21, 0x00, 0x00, 0x00, 0x00, 0x00, 0x00, 0x00,
  0x68, 0xFF, 0xFF, 0xFF, 0xFF, 0xFF, 0xFF, 0xFF, 0xFF, 0xFF, 0x55, 0x00, 0x00, 0x00, 0x00, 0x00,
  0x00, 0x00, 0x00, 0x69, 0xFF, 0xFF, 0xFF, 0xFF, 0xFF, 0xFF, 0xFF, 0xFF, 0xFF, 0x7A, 0x00, 0x00,
  0x00, 0x00, 0x00, 0x00, 0x00, 0x1C, 0xF1, 0xFF, 0xD7, 0x17, 0xED, 0xFF, 0xED, 0x17, 0xD8, 0xFF,
  0xF7, 0x25, 0x00, 0x00, 0x00, 0x00, 0x00, 0x00, 0xB4, 0xFF, 0xFF, 0x41, 0x00, 0xEC, 0xFF, 0xEC,
  0x00, 0x43, 0xFF, 0xFF, 0xBF, 0x01, 0x00, 0x00, 0x00, 0x00, 0x5B, 0xFF, 0xFF, 0xA4, 0x00, 0x00,
  0xEC, 0xFF, 0xEC, 0x00, 0x00, 0xA8, 0xFF, 0xFF, 0x64, 0x00, 0x00, 0x00, 0x15, 0xEB, 0xFF, 0xF0,
  0x17, 0x00, 0x00, 0xEC, 0xFF, 0xEC, 0x00, 0x00, 0x1A, 0xF2, 0xFF, 0xEF, 0x18, 0x00, 0x00, 0xA7,
  0xFF, 0xFF, 0x6A, 0x00, 0x00, 0x00, 0xEC, 0xFF, 0xEC, 0x00, 0x00, 0x00, 0x71, 0xFF, 0xFF, 0xAA,
  0x00, 0x4C, 0xFF, 0xFF, 0xCB, 0x02, 0x00, 0x00, 0x00, 0xEC, 0xFF, 0xEC, 0x00, 0x00, 0x00, 0x04,
  0xD1, 0xFF, 0xFF, 0x4E, 0x00, 0x00, 0x2B, 0x9E, 0xDB, 0xF6, 0xFB, 0xE9, 0xB9, 0x59, 0x00, 0x00,
  0x00, 0x3E, 0xF7, 0xFF, 0xFF, 0xFF, 0xFF, 0xFF, 0xFF, 0xFF, 0x8A, 0x00, 0x00, 0xCB, 0xFF, 0xFF,
  0xC0, 0x68, 0x60, 0x9C, 0xFF, 0xFF, 0xFC, 0x12, 0x02, 0xB5, 0xB8, 0xB4, 0x07, 0x00, 0x00, 0x00,
  0xD0, 0xFF, 0xFF, 0x2A, 0x00, 0x00, 0x00, 0x00, 0x00, 0x00, 0x0A, 0x4E, 0xF8, 0xFF, 0xE8, 0x07,
  0x00, 0x00, 0x00, 0x00, 0x54, 0xFF, 0xFF, 0xFF, 0xFF, 0xD2, 0x36, 0x00, 0x00, 0x00, 0x00, 0x00,
  0x54, 0xFF, 0xFF, 0xFF, 0xFF, 0xE9, 0x6B, 0x00, 0x00, 0x00, 0x00, 0x00, 0x06, 0x14, 0x1E, 0x4B,
  0xDC, 0xFF, 0xFF, 0x4A, 0x17, 0x4C, 0x4C, 0x32, 0x00, 0x00, 0x00, 0x00, 0x5C, 0xFF, 0xFF, 0x9A,
  0x35, 0xFF, 0xFF, 0xDD, 0x07, 0x00, 0x00, 0x00, 0x74, 0xFF, 0xFF, 0xA4, 0x02, 0xDD, 0xFF, 0xFF,
  0xC6, 0x6C, 0x61, 0x8E, 0xF6, 0xFF, 0xFF, 0x61, 0x00, 0x3A, 0xF3, 0xFF, 0xFF, 0xFF, 0xFF, 0xFF,
  0xFF, 0xFF, 0xB2, 0x02, 0x00, 0x00, 0x20, 0x93, 0xD8, 0xF7, 0xFB, 0xEA, 0xBB, 0x5F, 0x02, 0x00,
  0x00, 0x7C, 0xFF, 0xFF, 0x60, 0x00, 0x00, 0x00, 0x00, 0x2F, 0xFA, 0xFF, 0xEC, 0x00, 0x00, 0x7C,
  0xFF, 0xFF, 0x60, 0x00, 0x00, 0x00, 0x05, 0xD0, 0xFF, 0xFF, 0xEC, 0x00, 0x00, 0x7C, 0xFF, 0xFF,
  0x60, 0x00, 0x00, 0x00, 0x81, 0xFF, 0xFF, 0xFF, 0xEC, 0x00, 0x00, 0x7C, 0xFF, 0xFF, 0x60, 0x00,
  0x00, 0x31, 0xFA, 0xFF, 0xFF, 0xFF, 0xEC, 0x00, 0x00, 0x7C, 0xFF, 0xFF, 0x60, 0x00, 0x06, 0xD1,
  0xFF, 0xEB, 0xF7, 0xFF, 0xEC, 0x00, 0x00, 0x7C, 0xFF, 0xFF, 0x60, 0x00, 0x83, 0xFF, 0xFF, 0x54,
  0xF0, 0xFF, 0xEC, 0x00, 0x00, 0x7C, 0xFF, 0xFF, 0x60, 0x33, 0xFB, 0xFF, 0xA7, 0x00, 0xF0, 0xFF,
  0xEC, 0x00, 0x00, 0x7C, 0xFF, 0xFF, 0x66, 0xD3, 0xFF, 0xE7, 0x12, 0x00, 0xF0, 0xFF, 0xEC, 0x00,
  0x00, 0x7C, 0xFF, 0xFF, 0xDB, 0xFF, 0xFF, 0x4D, 0x00, 0x00, 0xF0, 0xFF, 0xEC, 0x00, 0x00, 0x7C,
  0xFF, 0xFF, 0xFF, 0xFF, 0x9E, 0x00, 0x00, 0x00, 0xF0, 0xFF, 0xEC, 0x00, 0x00, 0x7C, 0xFF, 0xFF,
  0xFF, 0xE2, 0x0F, 0x00, 0x00, 0x00, 0xF0, 0xFF, 0xEC, 0x00, 0x00, 0x7C, 0xFF, 0xFF, 0xFE, 0x44,
  0x00, 0x00, 0x00, 0x00, 0xF0, 0xFF, 0xEC, 0x00, 0x00, 0x7C, 0xFF, 0xFF, 0x96, 0x00, 0x00, 0x00,
  0x00, 0x00, 0xF0, 0xFF, 0xEC, 0x00, 0x00, 0x00, 0x00, 0x4F, 0xFF, 0xFF, 0x16, 0x00, 0xA4, 0xFF,
  0xBD, 0x00, 0x00, 0x00, 0x00, 0x00, 0x00, 0x14, 0xED, 0xFF, 0xCA, 0xA3, 0xF9, 0xFF, 0x70, 0x00,
  0x00, 0x00, 0x00, 0x00, 0x00, 0x00, 0x35, 0xB9, 0xEA, 0xFB, 0xDF, 0x82, 0x02, 0x00, 0x00, 0x00,
  0x00, 0x00, 0x00, 0x00, 0x00, 0x00, 0x00, 0x00, 0x00, 0x00, 0x00, 0x00, 0x00, 0x00, 0x00, 0x7C,
  0xFF, 0xFF, 0x60, 0x00, 0x00, 0x00, 0x00, 0x2F, 0xFA, 0xFF, 0xEC, 0x00, 0x00, 0x7C, 0xFF, 0xFF,
  0x60, 0x00, 0x00, 0x00, 0x05, 0xD0, 0xFF, 0xFF, 0xEC, 0x00, 0x00, 0x7C, 0xFF, 0xFF, 0x60, 0x00,
  0x00, 0x00, 0x81, 0xFF, 0xFF, 0xFF, 0xEC, 0x00, 0x00, 0x7C, 0xFF, 0xFF, 0x60, 0x00, 0x00, 0x31,
  0xFA, 0xFF, 0xFF, 0xFF, 0xEC, 0x00, 0x00, 0x7C, 0xFF, 0xFF, 0x60, 0x00, 0x06, 0xD1, 0xFF, 0xEB,
  0xF7, 0xFF, 0xEC, 0x00, 0x00, 0x7C, 0xFF, 0xFF, 0x60, 0x00, 0x83, 0xFF, 0xFF, 0x54, 0xF0, 0xFF,
  0xEC, 0x00, 0x00, 0x7C, 0xFF, 0xFF, 0x60, 0x33, 0xFB, 0xFF, 0xA7, 0x00, 0xF0, 0xFF, 0xEC, 0x00,
  0x00, 0x7C, 0xFF, 0xFF, 0x66, 0xD3, 0xFF, 0xE7, 0x12, 0x00, 0xF0, 0xFF, 0xEC, 0x00, 0x00, 0x7C,
  0xFF, 0xFF, 0xDB, 0xFF, 0xFF, 0x4D, 0x00, 0x00, 0xF0, 0xFF, 0xEC, 0x00, 0x00, 0x7C, 0xFF, 0xFF,
  0xFF, 0xFF, 0x9E, 0x00, 0x00, 0x00, 0xF0, 0xFF, 0xEC, 0x00, 0x00, 0x7C, 0xFF, 0xFF, 0xFF, 0xE2,
  0x0F, 0x00, 0x00, 0x00, 0xF0, 0xFF, 0xEC, 0x00, 0x00, 0x7C, 0xFF, 0xFF, 0xFE, 0x44, 0x00, 0x00,
  0x00, 0x00, 0xF0, 0xFF, 0xEC, 0x00, 0x00, 0x7C, 0xFF, 0xFF, 0x96, 0x00, 0x00, 0x00, 0x00, 0x00,
  0xF0, 0xFF, 0xEC, 0x00, 0x00, 0x7C, 0xFF, 0xFF, 0x60, 0x00, 0x00, 0x00, 0x01, 0xA8, 0xFF, 0xFF,
  0x79, 0x00, 0x00, 0x7C, 0xFF, 0xFF, 0x60, 0x00, 0x00, 0x00, 0x83, 0xFF, 0xFF, 0x95, 0x00, 0x00,
  0x00, 0x7C, 0xFF, 0xFF, 0x60, 0x00, 0x00, 0x5C, 0xFF, 0xFF, 0xAE, 0x02, 0x00, 0x00, 0x00, 0x7C,
  0xFF, 0xFF, 0x60, 0x00, 0x3C, 0xF9, 0xFF, 0xC4, 0x08, 0x00, 0x00, 0x00, 0x00, 0x7C, 0xFF, 0xFF,
  0x60, 0x23, 0xEB, 0xFF, 0xD7, 0x12, 0x00, 0x00, 0x00, 0x00, 0x00, 0x7C, 0xFF, 0xFF, 0xFF, 0xFF,
  0xFF, 0xE9, 0x1F, 0x00, 0x00, 0x00, 0x00, 0x00, 0x00, 0x7C, 0xFF, 0xFF, 0xFF, 0xFF, 0xFF, 0xF7,
  0x31, 0x00, 0x00, 0x00, 0x00, 0x00, 0x00, 0x7C, 0xFF, 0xFF, 0x6C, 0x3D, 0xFA, 0xFF, 0xDC, 0x0F,
  0x00, 0x00, 0x00, 0x00, 0x00, 0x7C, 0xFF, 0xFF, 0x60, 0x00, 0x77, 0xFF, 0xFF, 0xAE, 0x00, 0x00,
  0x00, 0x00, 0x00, 0x7C, 0xFF, 0xFF, 0x60, 0x00, 0x02, 0xBD, 0xFF, 0xFF, 0x71, 0x00, 0x00, 0x00,
  0x00, 0x7C, 0xFF, 0xFF, 0x60, 0x00, 0x00, 0x1B, 0xEC, 0xFF, 0xFA, 0x39, 0x00, 0x00, 0x00, 0x7C,
  0xFF, 0xFF, 0x60, 0x00, 0x00, 0x00, 0x50, 0xFF, 0xFF, 0xE3, 0x14, 0x00, 0x00, 0x7C, 0xFF, 0xFF,
  0x60, 0x00, 0x00, 0x00, 0x00, 0x98, 0xFF, 0xFF, 0xB8, 0x01, 0x00, 0x00, 0x70, 0xFF, 0xFF, 0xFF,
  0xFF, 0xFF, 0xFF, 0xFF, 0xFF, 0xFF, 0x40, 0x00, 0x00, 0x00, 0x70, 0xFF, 0xFF, 0xFF, 0xFF, 0xFF,
  0xFF, 0xFF, 0xFF, 0xFF, 0x40, 0x00, 0x00, 0x00, 0x70, 0xFF, 0xFF, 0x52, 0x14, 0x14, 0x14, 0xA0,
  0xFF, 0xFF, 0x40, 0x00, 0x00, 0x00, 0x70, 0xFF, 0xFF, 0x43, 0x00, 0x00, 0x00, 0x98, 0xFF, 0xFF,
  0x40, 0x00, 0x00, 0x00, 0x72, 0xFF, 0xFF, 0x40, 0x00, 0x00, 0x00, 0x98, 0xFF, 0xFF, 0x40, 0x00,
  0x00, 0x00, 0x75, 0xFF, 0xFF, 0x3B, 0x00, 0x00, 0x00, 0x98, 0xFF, 0xFF, 0x40, 0x00, 0x00, 0x00,
  0x7C, 0xFF, 0xFF, 0x30, 0x00, 0x00, 0x00, 0x98, 0xFF, 0xFF, 0x40, 0x00, 0x00, 0x00, 0x88, 0xFF,
  0xFF, 0x1D, 0x00, 0x00, 0x00, 0x98, 0xFF, 0xFF, 0x40, 0x00, 0x00, 0x00, 0x9F, 0xFF, 0xFA, 0x04,
  0x00, 0x00, 0x00, 0x98, 0xFF, 0xFF, 0x40, 0x00, 0x00, 0x00, 0xCC, 0xFF, 0xD3, 0x00, 0x00, 0x00,
  0x00, 0x98, 0xFF, 0xFF, 0x40, 0x00, 0x0C, 0x59, 0xFF, 0xFF, 0x8E, 0x00, 0x00, 0x00, 0x00, 0x98,
  0xFF, 0xFF, 0x40, 0x00, 0x88, 0xFF, 0xFF, 0xF8, 0x26, 0x00, 0x00, 0x00, 0x00, 0x98, 0xFF, 0xFF,
  0x40, 0x00, 0x86, 0xF5, 0xCB, 0x4A, 0x00, 0x00, 0x00, 0x00, 0x00, 0x98, 0xFF, 0xFF, 0x40, 0x00,
  0x00, 0x7C, 0xFF, 0xFF, 0xA6, 0x00, 0x00, 0x00, 0x00, 0x00, 0x00, 0x02, 0xD3, 0xFF, 0xFF, 0x34,
  0x00, 0x00, 0x7C, 0xFF, 0xFF, 0xFE, 0x34, 0x00, 0x00, 0x00, 0x00, 0x00, 0x63, 0xFF, 0xFF, 0xFF,
  0x34, 0x00, 0x00, 0x7C, 0xFF, 0xFF, 0xFF, 0xC0, 0x00, 0x00, 0x00, 0x00, 0x09, 0xE4, 0xFF, 0xFF,
  0xFF, 0x34, 0x00, 0x00, 0x7C, 0xFF, 0xFF, 0xFF, 0xFF, 0x4E, 0x00, 0x00, 0x00, 0x7B, 0xFF, 0xFF,
  0xFF, 0xFF, 0x34, 0x00, 0x00, 0x7C, 0xFF, 0xFF, 0xFC, 0xFF, 0xD7, 0x04, 0x00, 0x15, 0xF2, 0xFF,
  0xFC, 0xFF, 0xFF, 0x34, 0x00, 0x00, 0x7C, 0xFF, 0xFF, 0x98, 0xFF, 0xFF, 0x69, 0x00, 0x94, 0xFF,
  0xE5, 0xB2, 0xFF, 0xFF, 0x34, 0x00, 0x00, 0x7C, 0xFF, 0xFF, 0x60, 0xAA, 0xFF, 0xE9, 0x32, 0xFA,
  0xFF, 0x61, 0xA8, 0xFF, 0xFF, 0x34, 0x00, 0x00, 0x7C, 0xFF, 0xFF, 0x60, 0x22, 0xF9, 0xFF, 0xF0,
  0xFF, 0xD0, 0x02, 0xA8, 0xFF, 0xFF, 0x34, 0x00, 0x00, 0x7C, 0xFF, 0xFF, 0x60, 0x00, 0x8D, 0xFF,
  0xFF, 0xFF, 0x44, 0x00, 0xA8, 0xFF, 0xFF, 0x34, 0x00, 0x00, 0x7C, 0xFF, 0xFF, 0x60, 0x00, 0x11,
  0xED, 0xFF, 0xB6, 0x00, 0x00, 0xA8, 0xFF, 0xFF, 0x34, 0x00, 0x00, 0x7C, 0xFF, 0xFF, 0x60, 0x00,
  0x00, 0x3C, 0x64, 0x20, 0x00, 0x00, 0xA8, 0xFF, 0xFF, 0x34, 0x00, 0x00, 0x7C, 0xFF, 0xFF, 0x60,
  0x00, 0x00, 0x00, 0x00, 0x00, 0x00, 0x00, 0xA8, 0xFF, 0xFF, 0x34, 0x00, 0x00, 0x7C, 0xFF, 0xFF,
  0x60, 0x00, 0x00, 0x00, 0x00, 0x00, 0x00, 0x00, 0xA8, 0xFF, 0xFF, 0x34, 0x00, 0x00, 0x7C, 0xFF,
  0xFF, 0x60, 0x00, 0x00, 0x00, 0x00, 0x00, 0xF0, 0xFF, 0xEC, 0x00, 0x00, 0x7C, 0xFF, 0xFF, 0x60,
  0x00, 0x00, 0x00, 0x00, 0x00, 0xF0, 0xFF, 0xEC, 0x00, 0x00, 0x7C, 0xFF, 0xFF, 0x60, 0x00, 0x00,
  0x00, 0x00, 0x00, 0xF0, 0xFF, 0xEC, 0x00, 0x00, 0x7C, 0xFF, 0xFF, 0x60, 0x00, 0x00, 0x00, 0x00,
  0x00, 0xF0, 0xFF, 0xEC, 0x00, 0x00, 0x7C, 0xFF, 0xFF, 0x60, 0x00, 0x00, 0x00, 0x00, 0x00, 0xF0,
  0xFF, 0xEC, 0x00, 0x00, 0x7C, 0xFF, 0xFF, 0xFF, 0xFF, 0xFF, 0xFF, 0xFF, 0xFF, 0xFF, 0xFF, 0xEC,
  0x00, 0x00, 0x7C, 0xFF, 0xFF, 0xFF, 0xFF, 0xFF, 0xFF, 0xFF, 0xFF, 0xFF, 0xFF, 0xEC, 0x00, 0x00,
  0x7C, 0xFF, 0xFF, 0x6C, 0x14, 0x14, 0x14, 0x14, 0x14, 0xF1, 0xFF, 0xEC, 0x00, 0x00, 0x7C, 0xFF,
  0xFF, 0x60, 0x00, 0x00, 0x00, 0x00, 0x00, 0xF0, 0xFF, 0xEC, 0x00, 0x00, 0x7C, 0xFF, 0xFF, 0x60,
  0x00, 0x00, 0x00, 0x00, 0x00, 0xF0, 0xFF, 0xEC, 0x00, 0x00, 0x7C, 0xFF, 0xFF, 0x60, 0x00, 0x00,
  0x00, 0x00, 0x00, 0xF0, 0xFF, 0xEC, 0x00, 0x00, 0x7C, 0xFF, 0xFF, 0x60, 0x00, 0x00, 0x00, 0x00,
  0x00, 0xF0, 0xFF, 0xEC, 0x00, 0x00, 0x7C, 0xFF, 0xFF, 0x60, 0x00, 0x00, 0x00, 0x00, 0x00, 0xF0,
  0xFF, 0xEC, 0x00, 0x00, 0x00, 0x00, 0x13, 0x7D, 0xCA, 0xF2, 0xF9, 0xE1, 0xA5, 0x3C, 0x00, 0x00,
  0x00, 0x00, 0x00, 0x3A, 0xE9, 0xFF, 0xFF, 0xFF, 0xFF, 0xFF, 0xFF, 0xFF, 0x90, 0x00, 0x00, 0x00,
  0x18, 0xEF, 0xFF, 0xFF, 0x93, 0x2E, 0x1E, 0x58, 0xE3, 0xFF, 0xFF, 0x76, 0x00, 0x00, 0x8D, 0xFF,
  0xFF, 0x93, 0x00, 0x00, 0x00, 0x00, 0x29, 0xF9, 0xFF, 0xF2, 0x0A, 0x00, 0xDB, 0xFF, 0xFF, 0x23,
  0x00, 0x00, 0x00, 0x00, 0x00, 0xB4, 0xFF, 0xFF, 0x4A, 0x01, 0xFB, 0xFF, 0xF7, 0x00, 0x00, 0x00,
  0x00, 0x00, 0x00, 0x88, 0xFF, 0xFF, 0x6C, 0x09, 0xFF, 0xFF, 0xEA, 0x00, 0x00, 0x00, 0x00, 0x00,
  0x00, 0x7A, 0xFF, 0xFF, 0x79, 0x00, 0xF9, 0xFF, 0xF9, 0x00, 0x00, 0x00, 0x00, 0x00, 0x00, 0x8B,
  0xFF, 0xFF, 0x69, 0x00, 0xD4, 0xFF, 0xFF, 0x2A, 0x00, 0x00, 0x00, 0x00, 0x00, 0xBA, 0xFF, 0xFF,
  0x44, 0x00, 0x87, 0xFF, 0xFF, 0x99, 0x00, 0x00, 0x00, 0x00, 0x2E, 0xFB, 0xFF, 0xEE, 0x07, 0x00,
  0x14, 0xEB, 0xFF, 0xFF, 0x97, 0x2E, 0x1E, 0x5B, 0xE7, 0xFF, 0xFF, 0x6E, 0x00, 0x00, 0x00, 0x37,
  0xE7, 0xFF, 0xFF, 0xFF, 0xFF, 0xFF, 0xFF, 0xFF, 0x8C, 0x00, 0x00, 0x00, 0x00, 0x00, 0x12, 0x7D,
  0xCC, 0xF2, 0xFA, 0xE1, 0xA5, 0x3B, 0x00, 0x00, 0x00, 0x00, 0x7C, 0xFF, 0xFF, 0xFF, 0xFF, 0xFF,
  0xFF, 0xFF, 0xFF, 0xFF, 0xFF, 0xBC, 0x00, 0x00, 0x7C, 0xFF, 0xFF, 0xFF, 0xFF, 0xFF, 0xFF, 0xFF,
  0xFF, 0xFF, 0xFF, 0xBC, 0x00, 0x00, 0x7C, 0xFF, 0xFF, 0x6C, 0x14, 0x14, 0x14, 0x14, 0x31, 0xFF,
  0xFF, 0xBC, 0x00, 0x00, 0x7C, 0xFF, 0xFF, 0x60, 0x00, 0x00, 0x00, 0x00, 0x20, 0xFF, 0xFF, 0xBC,
  0x00, 0x00, 0x7C, 0xFF, 0xFF, 0x60, 0x00, 0x00, 0x00, 0x00, 0x20, 0xFF, 0xFF, 0xBC, 0x00, 0x00,
  0x7C, 0xFF, 0xFF, 0x60, 0x00, 0x00, 0x00, 0x00, 0x20, 0xFF, 0xFF, 0xBC, 0x00, 0x00, 0x7C, 0xFF,
  0xFF, 0x60, 0x00, 0x00, 0x00, 0x00, 0x20, 0xFF, 0xFF, 0xBC, 0x00, 0x00, 0x7C, 0xFF, 0xFF, 0x60,
  0x00, 0x00, 0x00, 0x00, 0x20, 0xFF, 0xFF, 0xBC, 0x00, 0x00, 0x7C, 0xFF, 0xFF, 0x60, 0x00, 0x00,
  0x00, 0x00, 0x20, 0xFF, 0xFF, 0xBC, 0x00, 0x00, 0x7C, 0xFF, 0xFF, 0x60, 0x00, 0x00, 0x00, 0x00,
  0x20, 0xFF, 0xFF, 0xBC, 0x00, 0x00, 0x7C, 0xFF, 0xFF, 0x60, 0x00, 0x00, 0x00, 0x00, 0x20, 0xFF,
  0xFF, 0xBC, 0x00, 0x00, 0x7C, 0xFF, 0xFF, 0x60, 0x00, 0x00, 0x00, 0x00, 0x20, 0xFF, 0xFF, 0xBC,
  0x00, 0x00, 0x7C, 0xFF, 0xFF, 0x60, 0x00, 0x00, 0x00, 0x00, 0x20, 0xFF, 0xFF, 0xBC, 0x00, 0x00,
  0x7C, 0xFF, 0xFF, 0xFF, 0xFF, 0xFF, 0xF3, 0xD1, 0x89, 0x15, 0x00, 0x00, 0x00, 0x7C, 0xFF, 0xFF,
  0xFF, 0xFF, 0xFF, 0xFF, 0xFF, 0xFF, 0xE6, 0x20, 0x00, 0x00, 0x7C, 0xFF, 0xFF, 0x6C, 0x14, 0x19,
  0x36, 0xAD, 0xFF, 0xFF, 0xA8, 0x00, 0x00, 0x7C, 0xFF, 0xFF, 0x60, 0x00, 0x00, 0x00, 0x06, 0xF6,
  0xFF, 0xEA, 0x00, 0x00, 0x7C, 0xFF, 0xFF, 0x60, 0x00, 0x00, 0x00, 0x02, 0xF3, 0xFF, 0xEC, 0x00,
  0x00, 0x7C, 0xFF, 0xFF, 0x60, 0x00, 0x04, 0x20, 0x99, 0xFF, 0xFF, 0xB0, 0x00, 0x00, 0x7C, 0xFF,
  0xFF, 0xFF, 0xFF, 0xFF, 0xFF, 0xFF, 0xFF, 0xEF, 0x29, 0x00, 0x00, 0x7C, 0xFF, 0xFF, 0xFF, 0xFF,
  0xFF, 0xFF, 0xE7, 0x9E, 0x21, 0x00, 0x00, 0x00, 0x7C, 0xFF, 0xFF, 0x6C, 0x14, 0x13, 0x08, 0x00,
  0x00, 0x00, 0x00, 0x00, 0x00, 0x7C, 0xFF, 0xFF, 0x60, 0x00, 0x00, 0x00, 0x00, 0x00, 0x00, 0x00,
  0x00, 0x00, 0x7C, 0xFF, 0xFF, 0x60, 0x00, 0x00, 0x00, 0x00, 0x00, 0x00, 0x00, 0x00, 0x00, 0x7C,
  0xFF, 0xFF, 0x60, 0x00, 0x00, 0x00, 0x00, 0x00, 0x00, 0x00, 0x00, 0x00, 0x7C, 0xFF, 0xFF, 0x60,
  0x00, 0x00, 0x00, 0x00, 0x00, 0x00, 0x00, 0x00, 0x00, 0x00, 0x00, 0x1F, 0x8B, 0xD6, 0xF4, 0xF4,
  0xD6, 0x92, 0x21, 0x00, 0x00, 0x00, 0x00, 0x4D, 0xF2, 0xFF, 0xFF, 0xFF, 0xFF, 0xFF, 0xFF, 0xF8,
  0x4E, 0x00, 0x00, 0x24, 0xF3, 0xFF, 0xFB, 0x7E, 0x23, 0x29, 0x91, 0xFF, 0xFF, 0xF1, 0x16, 0x00,
  0x90, 0xFF, 0xFF, 0x80, 0x00, 0x00, 0x00, 0x00, 0xB5, 0xFF, 0xFF, 0x63, 0x00, 0xDD, 0xFF, 0xFF,
  0x1B, 0x00, 0x00, 0x00, 0x00, 0x1F, 0x44, 0x44, 0x23, 0x00, 0xF8, 0xFF, 0xF5, 0x00, 0x00, 0x00,
  0x00, 0x00, 0x00, 0x00, 0x00, 0x00, 0x09, 0xFF, 0xFF, 0xE9, 0x00, 0x00, 0x00, 0x00, 0x00, 0x00,
  0x00, 0x00, 0x00, 0x00, 0xF6, 0xFF, 0xF9, 0x00, 0x00, 0x00, 0x00, 0x00, 0x00, 0x00, 0x00, 0x00,
  0x00, 0xDB, 0xFF, 0xFF, 0x25, 0x00, 0x00, 0x00, 0x00, 0x1B, 0x3C, 0x3C, 0x1F, 0x00, 0x90, 0xFF,
  0xFF, 0x8E, 0x00, 0x00, 0x00, 0x00, 0xAD, 0xFF, 0xFF, 0x65, 0x00, 0x27, 0xF5, 0xFF, 0xFE, 0x87,
  0x25, 0x28, 0x89, 0xFF, 0xFF, 0xF5, 0x1A, 0x00, 0x00, 0x56, 0xF6, 0xFF, 0xFF, 0xFF, 0xFF, 0xFF,
  0xFF, 0xFC, 0x5E, 0x00, 0x00, 0x00, 0x00, 0x27, 0x94, 0xD9, 0xF5, 0xF6, 0xDA, 0x9C, 0x2E, 0x00,
  0x00, 0xA0, 0xFF, 0xFF, 0xFF, 0xFF, 0xFF, 0xFF, 0xFF, 0xFF, 0xFF, 0xFF, 0xC8, 0xA0, 0xFF, 0xFF,
  0xFF, 0xFF, 0xFF, 0xFF, 0xFF, 0xFF, 0xFF, 0xFF, 0xC8, 0x0C, 0x14, 0x14, 0x14, 0x65, 0xFF, 0xFF,
  0x8A, 0x14, 0x14, 0x14, 0x0F, 0x00, 0x00, 0x00, 0x00, 0x58, 0xFF, 0xFF, 0x80, 0x00, 0x00, 0x00,
  0x00, 0x00, 0x00, 0x00, 0x00, 0x58, 0xFF, 0xFF, 0x80, 0x00, 0x00, 0x00, 0x00, 0x00, 0x00, 0x00,
  0x00, 0x58, 0xFF, 0xFF, 0x80, 0x00, 0x00, 0x00, 0x00, 0x00, 0x00, 0x00, 0x00, 0x58, 0xFF, 0xFF,
  0x80, 0x00, 0x00, 0x00, 0x00, 0x00, 0x00, 0x00, 0x00, 0x58, 0xFF, 0xFF, 0x80, 0x00, 0x00, 0x00,
  0x00, 0x00, 0x00, 0x00, 0x00, 0x58, 0xFF, 0xFF, 0x80, 0x00, 0x00, 0x00, 0x00, 0x00, 0x00, 0x00,
  0x00, 0x58, 0xFF, 0xFF, 0x80, 0x00, 0x00, 0x00, 0x00, 0x00, 0x00, 0x00, 0x00, 0x58, 0xFF, 0xFF,
  0x80, 0x00, 0x00, 0x00, 0x00, 0x00, 0x00, 0x00, 0x00, 0x58, 0xFF, 0xFF, 0x80, 0x00, 0x00, 0x00,
  0x00, 0x00, 0x00, 0x00, 0x00, 0x58, 0xFF, 0xFF, 0x80, 0x00, 0x00, 0x00, 0x00, 0x88, 0xFF, 0xFF,
  0x88, 0x00, 0x00, 0x00, 0x00, 0x00, 0x43, 0xFF, 0xFF, 0xB1, 0x0E, 0xE9, 0xFF, 0xF6, 0x1B, 0x00,
  0x00, 0x00, 0x00, 0xB1, 0xFF, 0xFF, 0x3C, 0x00, 0x68, 0xFF, 0xFF, 0x9A, 0x00, 0x00, 0x00, 0x20,
  0xFD, 0xFF, 0xC7, 0x00, 0x00, 0x03, 0xD4, 0xFF, 0xFC, 0x27, 0x00, 0x00, 0x8C, 0xFF, 0xFF, 0x52,
  0x00, 0x00, 0x00, 0x47, 0xFF, 0xFF, 0xAD, 0x00, 0x0A, 0xEE, 0xFF, 0xDB, 0x02, 0x00, 0x00, 0x00,
  0x00, 0xB7, 0xFF, 0xFF, 0x37, 0x67, 0xFF, 0xFF, 0x68, 0x00, 0x00, 0x00, 0x00, 0x00, 0x2A, 0xFC,
  0xFF, 0xBF, 0xD3, 0xFF, 0xEB, 0x09, 0x00, 0x00, 0x00, 0x00, 0x00, 0x00, 0x97, 0xFF, 0xFF, 0xFF,
  0xFF, 0x7F, 0x00, 0x00, 0x00, 0x00, 0x00, 0x00, 0x00, 0x15, 0xF1, 0xFF, 0xFF, 0xF6, 0x14, 0x00,
  0x00, 0x00, 0x00, 0x00, 0x00, 0x00, 0x00, 0x8A, 0xFF, 0xFF, 0x95, 0x00, 0x00, 0x00, 0x00, 0x00,
  0x00, 0x00, 0x12, 0x2C, 0xDD, 0xFF, 0xF7, 0x1C, 0x00, 0x00, 0x00, 0x00, 0x00, 0x00, 0x00, 0xDC,
  0xFF, 0xFF, 0xFF, 0x6D, 0x00, 0x00, 0x00, 0x00, 0x00, 0x00, 0x00, 0x00, 0xD8, 0xF6, 0xCC, 0x5D,
  0x00, 0x00, 0x00, 0x00, 0x00, 0x00, 0x00, 0x00, 0x00, 0x00, 0x00, 0x00, 0x00, 0xE0, 0xFF, 0xF8,
  0x00, 0x00, 0x00, 0x00, 0x00, 0x00, 0x00, 0x00, 0x00, 0x00, 0x23, 0x8A, 0xD4, 0xEF, 0xFF, 0xFF,
  0xFF, 0xF2, 0xD7, 0x92, 0x2B, 0x00, 0x00, 0x00, 0x00, 0x00, 0x5E, 0xF5, 0xFF, 0xFF, 0xFF, 0xFF,
  0xFF, 0xFF, 0xFF, 0xFF, 0xFF, 0xF9, 0x6E, 0x00, 0x00, 0x00, 0x3D, 0xFB, 0xFF, 0xF4, 0x72, 0x2E,
  0xE2, 0xFF, 0xF8, 0x2A, 0x68, 0xEE, 0xFF, 0xFE, 0x4D, 0x00, 0x00, 0xBA, 0xFF, 0xFF, 0x59, 0x00,
  0x00, 0xE0, 0xFF, 0xF8, 0x00, 0x00, 0x43, 0xFF, 0xFF, 0xD0, 0x00, 0x05, 0xFD, 0xFF, 0xF5, 0x01,
  0x00, 0x00, 0xE0, 0xFF, 0xF8, 0x00, 0x00, 0x00, 0xDC, 0xFF, 0xFF, 0x1C, 0x1E, 0xFF, 0xFF, 0xD5,
  0x00, 0x00, 0x00, 0xE0, 0xFF, 0xF8, 0x00, 0x00, 0x00, 0xBA, 0xFF, 0xFF, 0x39, 0x17, 0xFF, 0xFF,
  0xD6, 0x00, 0x00, 0x00, 0xE0, 0xFF, 0xF8, 0x00, 0x00, 0x00, 0xC4, 0xFF, 0xFF, 0x31, 0x01, 0xF6,
  0xFF, 0xF4, 0x04, 0x00, 0x00, 0xE0, 0xFF, 0xF8, 0x00, 0x00, 0x00, 0xE6, 0xFF, 0xFF, 0x13, 0x00,
  0xAB, 0xFF, 0xFF, 0x57, 0x00, 0x00, 0xE0, 0xFF, 0xF8, 0x00, 0x00, 0x50, 0xFF, 0xFF, 0xC1, 0x00,
  0x00, 0x32, 0xF9, 0xFF, 0xF6, 0x74, 0x2E, 0xE2, 0xFF, 0xF8, 0x2A, 0x6C, 0xF2, 0xFF, 0xFD, 0x41,
  0x00, 0x00, 0x00, 0x57, 0xF4, 0xFF, 0xFF, 0xFF, 0xFF, 0xFF, 0xFF, 0xFF, 0xFF, 0xFF, 0xF9, 0x66,
  0x00, 0x00, 0x00, 0x00, 0x00, 0x23, 0x8B, 0xD4, 0xF0, 0xFF, 0xFF, 0xFF, 0xF3, 0xD8, 0x93, 0x2A,
  0x00, 0x00, 0x00, 0x00, 0x00, 0x00, 0x00, 0x00, 0x00, 0x00, 0xE0, 0xFF, 0xF8, 0x00, 0x00, 0x00,
  0x00, 0x00, 0x00, 0x00, 0x24, 0xF4, 0xFF, 0xF5, 0x25, 0x00, 0x00, 0x00, 0x00, 0xB3, 0xFF, 0xFF,
  0x64, 0x00, 0x69, 0xFF, 0xFF, 0xC6, 0x02, 0x00, 0x00, 0x64, 0xFF, 0xFF, 0xB5, 0x00, 0x00, 0x00,
  0xB9, 0xFF, 0xFF, 0x77, 0x00, 0x20, 0xF2, 0xFF, 0xED, 0x19, 0x00, 0x00, 0x00, 0x1B, 0xEF, 0xFF,
  0xF8, 0x2E, 0xC1, 0xFF, 0xFF, 0x57, 0x00, 0x00, 0x00, 0x00, 0x00, 0x5B, 0xFF, 0xFF, 0xF0, 0xFF,
  0xFF, 0xA9, 0x00, 0x00, 0x00, 0x00, 0x00, 0x00, 0x00, 0xAB, 0xFF, 0xFF, 0xFF, 0xE7, 0x13, 0x00,
  0x00, 0x00, 0x00, 0x00, 0x00, 0x00, 0x5D, 0xFF, 0xFF, 0xFF, 0xB8, 0x00, 0x00, 0x00, 0x00, 0x00,
  0x00, 0x00, 0x13, 0xE8, 0xFF, 0xFF, 0xFF, 0xFF, 0x57, 0x00, 0x00, 0x00, 0x00, 0x00, 0x00, 0xA6,
  0xFF, 0xFF, 0x91, 0xFA, 0xFF, 0xEA, 0x13, 0x00, 0x00, 0x00, 0x00, 0x4F, 0xFF, 0xFF, 0xC2, 0x01,
  0x86, 0xFF, 0xFF, 0xA4, 0x00, 0x00, 0x00, 0x11, 0xE6, 0xFF, 0xF8, 0x28, 0x00, 0x08, 0xDA, 0xFF,
  0xFF, 0x4B, 0x00, 0x00, 0xA2, 0xFF, 0xFF, 0x7D, 0x00, 0x00, 0x00, 0x41, 0xFF, 0xFF, 0xE3, 0x0E,
  0x4B, 0xFF, 0xFF, 0xD4, 0x05, 0x00, 0x00, 0x00, 0x00, 0x9D, 0xFF, 0xFF, 0x98, 0x00, 0x7C, 0xFF,
  0xFF, 0x60, 0x00, 0x00, 0x00, 0x00, 0x50, 0xFF, 0xFF, 0x8C, 0x00, 0x00, 0x00, 0x7C, 0xFF, 0xFF,
  0x60, 0x00, 0x00, 0x00, 0x00, 0x50, 0xFF, 0xFF, 0x8C, 0x00, 0x00, 0x00, 0x7C, 0xFF, 0xFF, 0x60,
  0x00, 0x00, 0x00, 0x00, 0x50, 0xFF, 0xFF, 0x8C, 0x00, 0x00, 0x00, 0x7C, 0xFF, 0xFF, 0x60, 0x00,
  0x00, 0x00, 0x00, 0x50, 0xFF, 0xFF, 0x8C, 0x00, 0x00, 0x00, 0x7C, 0xFF, 0xFF, 0x60, 0x00, 0x00,
  0x00, 0x00, 0x50, 0xFF, 0xFF, 0x8C, 0x00, 0x00, 0x00, 0x7C, 0xFF, 0xFF, 0x60, 0x00, 0x00, 0x00,
  0x00, 0x50, 0xFF, 0xFF, 0x8C, 0x00, 0x00, 0x00, 0x7C, 0xFF, 0xFF, 0x60, 0x00, 0x00, 0x00, 0x00,
  0x50, 0xFF, 0xFF, 0x8C, 0x00, 0x00, 0x00, 0x7C, 0xFF, 0xFF, 0x60, 0x00, 0x00, 0x00, 0x00, 0x50,
  0xFF, 0xFF, 0x8C, 0x00, 0x00, 0x00, 0x7C, 0xFF, 0xFF, 0x60, 0x00, 0x00, 0x00, 0x00, 0x50, 0xFF,
  0xFF, 0x8C, 0x00, 0x00, 0x00, 0x7C, 0xFF, 0xFF, 0x60, 0x00, 0x00, 0x00, 0x00, 0x50, 0xFF, 0xFF,
  0x8C, 0x00, 0x00, 0x00, 0x7C, 0xFF, 0xFF, 0x8F, 0x4C, 0x4C, 0x4C, 0x4C, 0x84, 0xFF, 0xFF, 0xAE,
  0x4C, 0x0B, 0x00, 0x7C, 0xFF, 0xFF, 0xFF, 0xFF, 0xFF, 0xFF, 0xFF, 0xFF, 0xFF, 0xFF, 0xFF, 0xFF,
  0x28, 0x00, 0x7C, 0xFF, 0xFF, 0xFF, 0xFF, 0xFF, 0xFF, 0xFF, 0xFF, 0xFF, 0xFF, 0xFF, 0xFF, 0x28,
  0x00, 0x00, 0x00, 0x00, 0x00, 0x00, 0x00, 0x00, 0x00, 0x00, 0x00, 0x64, 0xFF, 0xFF, 0x28, 0x00,
  0x00, 0x00, 0x00, 0x00, 0x00, 0x00, 0x00, 0x00, 0x00, 0x00, 0x64, 0xFF, 0xFF, 0x28, 0x00, 0x00,
  0x00, 0x00, 0x00, 0x00, 0x00, 0x00, 0x00, 0x00, 0x00, 0x46, 0xB4, 0xB4, 0x1C, 0x0C, 0xFF, 0xFF,
  0xCC, 0x00, 0x00, 0x00, 0x00, 0x74, 0xFF, 0xFF, 0x68, 0x00, 0x0C, 0xFF, 0xFF, 0xCC, 0x00, 0x00,
  0x00, 0x00, 0x74, 0xFF, 0xFF, 0x68, 0x00, 0x0C, 0xFF, 0xFF, 0xCC, 0x00, 0x00, 0x00, 0x00, 0x74,
  0xFF, 0xFF, 0x68, 0x00, 0x0C, 0xFF, 0xFF, 0xCD, 0x00, 0x00, 0x00, 0x00, 0x74, 0xFF, 0xFF, 0x68,
  0x00, 0x05, 0xFF, 0xFF, 0xE7, 0x00, 0x00, 0x00, 0x00, 0x74, 0xFF, 0xFF, 0x68, 0x00, 0x00, 0xE5,
  0xFF, 0xFF, 0x7A, 0x10, 0x12, 0x41, 0xC4, 0xFF, 0xFF, 0x68, 0x00, 0x00, 0x8D, 0xFF, 0xFF, 0xFF,
  0xFF, 0xFF, 0xFF, 0xFF, 0xFF, 0xFF, 0x68, 0x00, 0x00, 0x0A, 0xA8, 0xFE, 0xFF, 0xFF, 0xFF, 0xF0,
  0xCD, 0xFF, 0xFF, 0x68, 0x00, 0x00, 0x00, 0x00, 0x1A, 0x48, 0x4F, 0x37, 0x07, 0x74, 0xFF, 0xFF,
  0x68, 0x00, 0x00, 0x00, 0x00, 0x00, 0x00, 0x00, 0x00, 0x00, 0x74, 0xFF, 0xFF, 0x68, 0x00, 0x00,
  0x00, 0x00, 0x00, 0x00, 0x00, 0x00, 0x00, 0x74, 0xFF, 0xFF, 0x68, 0x00, 0x00, 0x00, 0x00, 0x00,
  0x00, 0x00, 0x00, 0x00, 0x74, 0xFF, 0xFF, 0x68, 0x00, 0x00, 0x00, 0x00, 0x00, 0x00, 0x00, 0x00,
  0x00, 0x74, 0xFF, 0xFF, 0x68, 0x00, 0x00, 0x7C, 0xFF, 0xFF, 0x60, 0x00, 0x00, 0x04, 0xFF, 0xFF,
  0xD4, 0x00, 0x00, 0x00, 0x90, 0xFF, 0xFF, 0x4C, 0x00, 0x00, 0x7C, 0xFF, 0xFF, 0x60, 0x00, 0x00,
  0x04, 0xFF, 0xFF, 0xD4, 0x00, 0x00, 0x00, 0x90, 0xFF, 0xFF, 0x4C, 0x00, 0x00, 0x7C, 0xFF, 0xFF,
  0x60, 0x00, 0x00, 0x04, 0xFF, 0xFF, 0xD4, 0x00, 0x00, 0x00, 0x90, 0xFF, 0xFF, 0x4C, 0x00, 0x00,
  0x7C, 0xFF, 0xFF, 0x60, 0x00, 0x00, 0x04, 0xFF, 0xFF, 0xD4, 0x00, 0x00, 0x00, 0x90, 0xFF, 0xFF,
  0x4C, 0x00, 0x00, 0x7C, 0xFF, 0xFF, 0x60, 0x00, 0x00, 0x04, 0xFF, 0xFF, 0xD4, 0x00, 0x00, 0x00,
  0x90, 0xFF, 0xFF, 0x4C, 0x00, 0x00, 0x7C, 0xFF, 0xFF, 0x60, 0x00, 0x00, 0x04, 0xFF, 0xFF, 0xD4,
  0x00, 0x00, 0x00, 0x90, 0xFF, 0xFF, 0x4C, 0x00, 0x00, 0x7C, 0xFF, 0xFF, 0x60, 0x00, 0x00, 0x04,
  0xFF, 0xFF, 0xD4, 0x00, 0x00, 0x00, 0x90, 0xFF, 0xFF, 0x4C, 0x00, 0x00, 0x7C, 0xFF, 0xFF, 0x60,
  0x00, 0x00, 0x04, 0xFF, 0xFF, 0xD4, 0x00, 0x00, 0x00, 0x90, 0xFF, 0xFF, 0x4C, 0x00, 0x00, 0x7C,
  0xFF, 0xFF, 0x60, 0x00, 0x00, 0x04, 0xFF, 0xFF, 0xD4, 0x00, 0x00, 0x00, 0x90, 0xFF, 0xFF, 0x4C,
  0x00, 0x00, 0x7C, 0xFF, 0xFF, 0x60, 0x00, 0x00, 0x04, 0xFF, 0xFF, 0xD4, 0x00, 0x00, 0x00, 0x90,
  0xFF, 0xFF, 0x4C, 0x00, 0x00, 0x7C, 0xFF, 0xFF, 0x8F, 0x4C, 0x4C, 0x4E, 0xFF, 0xFF, 0xE1, 0x4C,
  0x4C, 0x4C, 0xB1, 0xFF, 0xFF, 0x4C, 0x00, 0x00, 0x7C, 0xFF, 0xFF, 0xFF, 0xFF, 0xFF, 0xFF, 0xFF,
  0xFF, 0xFF, 0xFF, 0xFF, 0xFF, 0xFF, 0xFF, 0xFF, 0x4C, 0x00, 0x00, 0x7C, 0xFF, 0xFF, 0xFF, 0xFF,
  0xFF, 0xFF, 0xFF, 0xFF, 0xFF, 0xFF, 0xFF, 0xFF, 0xFF, 0xFF, 0xFF, 0x4C, 0x00, 0x00, 0x7C, 0xFF,
  0xFF, 0x60, 0x00, 0x00, 0x04, 0xFF, 0xFF, 0xD4, 0x00, 0x00, 0x00, 0x90, 0xFF, 0xFF, 0x4C, 0x00,
  0x00, 0x7C, 0xFF, 0xFF, 0x60, 0x00, 0x00, 0x04, 0xFF, 0xFF, 0xD4, 0x00, 0x00, 0x00, 0x90, 0xFF,
  0xFF, 0x4C, 0x00, 0x00, 0x7C, 0xFF, 0xFF, 0x60, 0x00, 0x00, 0x04, 0xFF, 0xFF, 0xD4, 0x00, 0x00,
  0x00, 0x90, 0xFF, 0xFF, 0x4C, 0x00, 0x00, 0x7C, 0xFF, 0xFF, 0x60, 0x00, 0x00, 0x04, 0xFF, 0xFF,
  0xD4, 0x00, 0x00, 0x00, 0x90, 0xFF, 0xFF, 0x4C, 0x00, 0x00, 0x7C, 0xFF, 0xFF, 0x60, 0x00, 0x00,
  0x04, 0xFF, 0xFF, 0xD4, 0x00, 0x00, 0x00, 0x90, 0xFF, 0xFF, 0x4C, 0x00, 0x00, 0x7C, 0xFF, 0xFF,
  0x60, 0x00, 0x00, 0x04, 0xFF, 0xFF, 0xD4, 0x00, 0x00, 0x00, 0x90, 0xFF, 0xFF, 0x4C, 0x00, 0x00,
  0x7C, 0xFF, 0xFF, 0x60, 0x00, 0x00, 0x04, 0xFF, 0xFF, 0xD4, 0x00, 0x00, 0x00, 0x90, 0xFF, 0xFF,
  0x4C, 0x00, 0x00, 0x7C, 0xFF, 0xFF, 0x60, 0x00, 0x00, 0x04, 0xFF, 0xFF, 0xD4, 0x00, 0x00, 0x00,
  0x90, 0xFF, 0xFF, 0x4C, 0x00, 0x00, 0x7C, 0xFF, 0xFF, 0x60, 0x00, 0x00, 0x04, 0xFF, 0xFF, 0xD4,
  0x00, 0x00, 0x00, 0x90, 0xFF, 0xFF, 0x4C, 0x00, 0x00, 0x7C, 0xFF, 0xFF, 0x60, 0x00, 0x00, 0x04,
  0xFF, 0xFF, 0xD4, 0x00, 0x00, 0x00, 0x90, 0xFF, 0xFF, 0x4C, 0x00, 0x00, 0x7C, 0xFF, 0xFF, 0x8F,
  0x4C, 0x4C, 0x4E, 0xFF, 0xFF, 0xE1, 0x4C, 0x4C, 0x4C, 0xB1, 0xFF, 0xFF, 0x81, 0x44, 0x00, 0x7C,
  0xFF, 0xFF, 0xFF, 0xFF, 0xFF, 0xFF, 0xFF, 0xFF, 0xFF, 0xFF, 0xFF, 0xFF, 0xFF, 0xFF, 0xFF, 0xFF,
  0xE8, 0x00, 0x7C, 0xFF, 0xFF, 0xFF, 0xFF, 0xFF, 0xFF, 0xFF, 0xFF, 0xFF, 0xFF, 0xFF, 0xFF, 0xFF,
  0xFF, 0xFF, 0xFF, 0xE8, 0x00, 0x00, 0x00, 0x00, 0x00, 0x00, 0x00, 0x00, 0x00, 0x00, 0x00, 0x00,
  0x00, 0x00, 0x00, 0x00, 0xA4, 0xFF, 0xE8, 0x00, 0x00, 0x00, 0x00, 0x00, 0x00, 0x00, 0x00, 0x00,
  0x00, 0x00, 0x00, 0x00, 0x00, 0x00, 0x00, 0xA4, 0xFF, 0xE8, 0x00, 0x00, 0x00, 0x00, 0x00, 0x00,
  0x00, 0x00, 0x00, 0x00, 0x00, 0x00, 0x00, 0x00, 0x00, 0x00, 0x73, 0xB4, 0xA3, 0xA0, 0xFF, 0xFF,
  0xFF, 0xFF, 0xE4, 0x00, 0x00, 0x00, 0x00, 0x00, 0x00, 0x00, 0x00, 0xA0, 0xFF, 0xFF, 0xFF, 0xFF,
  0xE4, 0x00, 0x00, 0x00, 0x00, 0x00, 0x00, 0x00, 0x00, 0x0C, 0x14, 0x14, 0xF4, 0xFF, 0xE4, 0x00,
  0x00, 0x00, 0x00, 0x00, 0x00, 0x00, 0x00, 0x00, 0x00, 0x00, 0xF4, 0xFF, 0xE4, 0x00, 0x00, 0x00,
  0x00, 0x00, 0x00, 0x00, 0x00, 0x00, 0x00, 0x00, 0xF4, 0xFF, 0xE6, 0x14, 0x14, 0x0F, 0x02, 0x00,
  0x00, 0x00, 0x00, 0x00, 0x00, 0x00, 0xF4, 0xFF, 0xFF, 0xFF, 0xFF, 0xFF, 0xF9, 0xC8, 0x64, 0x01,
  0x00, 0x00, 0x00, 0x00, 0xF4, 0xFF, 0xFF, 0xFF, 0xFF, 0xFF, 0xFF, 0xFF, 0xFF, 0x9B, 0x00, 0x00,
  0x00, 0x00, 0xF4, 0xFF, 0xE4, 0x00, 0x00, 0x10, 0x4B, 0xE8, 0xFF, 0xFF, 0x34, 0x00, 0x00, 0x00,
  0xF4, 0xFF, 0xE4, 0x00, 0x00, 0x00, 0x00, 0x74, 0xFF, 0xFF, 0x70, 0x00, 0x00, 0x00, 0xF4, 0xFF,
  0xE4, 0x00, 0x00, 0x00, 0x00, 0x79, 0xFF, 0xFF, 0x6D, 0x00, 0x00, 0x00, 0xF4, 0xFF, 0xE6, 0x14,
  0x14, 0x23, 0x5C, 0xEE, 0xFF, 0xFF, 0x2D, 0x00, 0x00, 0x00, 0xF4, 0xFF, 0xFF, 0xFF, 0xFF, 0xFF,
  0xFF, 0xFF, 0xFF, 0x8D, 0x00, 0x00, 0x00, 0x00, 0xF4, 0xFF, 0xFF, 0xFF, 0xFF, 0xFB, 0xE8, 0xB6,
  0x53, 0x00, 0x00, 0x00, 0x7C, 0xFF, 0xFF, 0x60, 0x00, 0x00, 0x00, 0x00, 0x00, 0x00, 0x00, 0x14,
  0xFF, 0xFF, 0xC4, 0x00, 0x00, 0x7C, 0xFF, 0xFF, 0x60, 0x00, 0x00, 0x00, 0x00, 0x00, 0x00, 0x00,
  0x14, 0xFF, 0xFF, 0xC4, 0x00, 0x00, 0x7C, 0xFF, 0xFF, 0x60, 0x00, 0x00, 0x00, 0x00, 0x00, 0x00,
  0x00, 0x14, 0xFF, 0xFF, 0xC4, 0x00, 0x00, 0x7C, 0xFF, 0xFF, 0x60, 0x00, 0x00, 0x00, 0x00, 0x00,
  0x00, 0x00, 0x14, 0xFF, 0xFF, 0xC4, 0x00, 0x00, 0x7C, 0xFF, 0xFF, 0x8F, 0x4C, 0x47, 0x35, 0x0B,
  0x00, 0x00, 0x00, 0x14, 0xFF, 0xFF, 0xC4, 0x00, 0x00, 0x7C, 0xFF, 0xFF, 0xFF, 0xFF, 0xFF, 0xFF,
  0xF9, 0xA3, 0x14, 0x00, 0x14, 0xFF, 0xFF, 0xC4, 0x00, 0x00, 0x7C, 0xFF, 0xFF, 0xFF, 0xFF, 0xFF,
  0xFF, 0xFF, 0xFF, 0xD1, 0x06, 0x14, 0xFF, 0xFF, 0xC4, 0x00, 0x00, 0x7C, 0xFF, 0xFF, 0x60, 0x00,
  0x0D, 0x3D, 0xD7, 0xFF, 0xFF, 0x5D, 0x14, 0xFF, 0xFF, 0xC4, 0x00, 0x00, 0x7C, 0xFF, 0xFF, 0x60,
  0x00, 0x00, 0x00, 0x58, 0xFF, 0xFF, 0x8E, 0x14, 0xFF, 0xFF, 0xC4, 0x00, 0x00, 0x7C, 0xFF, 0xFF,
  0x60, 0x00, 0x00, 0x00, 0x70, 0xFF, 0xFF, 0x86, 0x14, 0xFF, 0xFF, 0xC4, 0x00, 0x00, 0x7C, 0xFF,
  0xFF, 0x8F, 0x4C, 0x58, 0x87, 0xF4, 0xFF, 0xFF, 0x40, 0x14, 0xFF, 0xFF, 0xC4, 0x00, 0x00, 0x7C,
  0xFF, 0xFF, 0xFF, 0xFF, 0xFF, 0xFF, 0xFF, 0xFF, 0x9D, 0x00, 0x14, 0xFF, 0xFF, 0xC4, 0x00, 0x00,
  0x7C, 0xFF, 0xFF, 0xFF, 0xFF, 0xFC, 0xEB, 0xBB, 0x5B, 0x00, 0x00, 0x14, 0xFF, 0xFF, 0xC4, 0x00,
  0x00, 0x7C, 0xFF, 0xFF, 0x60, 0x00, 0x00, 0x00, 0x00, 0x00, 0x00, 0x00, 0x00, 0x00, 0x7C, 0xFF,
  0xFF, 0x60, 0x00, 0x00, 0x00, 0x00, 0x00, 0x00, 0x00, 0x00, 0x00, 0x7C, 0xFF, 0xFF, 0x60, 0x00,
  0x00, 0x00, 0x00, 0x00, 0x00, 0x00, 0x00, 0x00, 0x7C, 0xFF, 0xFF, 0x60, 0x00, 0x00, 0x00, 0x00,
  0x00, 0x00, 0x00, 0x00, 0x00, 0x7C, 0xFF, 0xFF, 0x8F, 0x4C, 0x4A, 0x3E, 0x1B, 0x00, 0x00, 0x00,
  0x00, 0x00, 0x7C, 0xFF, 0xFF, 0xFF, 0xFF, 0xFF, 0xFF, 0xFF, 0xD0, 0x41, 0x00, 0x00, 0x00, 0x7C,
  0xFF, 0xFF, 0xFF, 0xFF, 0xFF, 0xFF, 0xFF, 0xFF, 0xFA, 0x3D, 0x00, 0x00, 0x7C, 0xFF, 0xFF, 0x60,
  0x00, 0x05, 0x21, 0x98, 0xFF, 0xFF, 0xBD, 0x00, 0x00, 0x7C, 0xFF, 0xFF, 0x60, 0x00, 0x00, 0x00,
  0x01, 0xF2, 0xFF, 0xEE, 0x00, 0x00, 0x7C, 0xFF, 0xFF, 0x60, 0x00, 0x00, 0x00, 0x11, 0xFA, 0xFF,
  0xE6, 0x00, 0x00, 0x7C, 0xFF, 0xFF, 0x8F, 0x4C, 0x50, 0x6C, 0xD1, 0xFF, 0xFF, 0xA0, 0x00, 0x00,
  0x7C, 0xFF, 0xFF, 0xFF, 0xFF, 0xFF, 0xFF, 0xFF, 0xFF, 0xE1, 0x1B, 0x00, 0x00, 0x7C, 0xFF, 0xFF,
  0xFF, 0xFF, 0xFF, 0xF4, 0xD1, 0x87, 0x12, 0x00, 0x00, 0x00, 0x00, 0x10, 0x7A, 0xC7, 0xEE, 0xF9,
  0xE1, 0xA6, 0x3E, 0x00, 0x00, 0x00, 0x00, 0x2A, 0xE4, 0xFF, 0xFF, 0xFF, 0xFF, 0xFF, 0xFF, 0xFE,
  0x89, 0x00, 0x00, 0x00, 0xCB, 0xFF, 0xFF, 0xB8, 0x38, 0x1E, 0x52, 0xDD, 0xFF, 0xFF, 0x5F, 0x00,
  0x1E, 0xFF, 0xFF, 0xE8, 0x07, 0x00, 0x00, 0x00, 0x2A, 0xFD, 0xFF, 0xD8, 0x00, 0x02, 0x0C, 0x0C,
  0x08, 0x00, 0x00, 0x00, 0x00, 0x00, 0xCD, 0xFF, 0xFF, 0x27, 0x00, 0x00, 0x00, 0x00, 0x40, 0xFF,
  0xFF, 0xFF, 0xFF, 0xFF, 0xFF, 0xFF, 0x44, 0x00, 0x00, 0x00, 0x00, 0x40, 0xFF, 0xFF, 0xFF, 0xFF,
  0xFF, 0xFF, 0xFF, 0x55, 0x00, 0x00, 0x00, 0x00, 0x05, 0x14, 0x14, 0x14, 0x14, 0xBF, 0xFF, 0xFF,
  0x41, 0x18, 0x80, 0x80, 0x64, 0x00, 0x00, 0x00, 0x00, 0x02, 0xE8, 0xFF, 0xFF, 0x25, 0x0D, 0xFE,
  0xFF, 0xF6, 0x14, 0x00, 0x00, 0x00, 0x57, 0xFF, 0xFF, 0xD6, 0x00, 0x00, 0xAF, 0xFF, 0xFF, 0xC7,
  0x3D, 0x1C, 0x5D, 0xF0, 0xFF, 0xFF, 0x5F, 0x00, 0x00, 0x1C, 0xDC, 0xFF, 0xFF, 0xFF, 0xFF, 0xFF,
  0xFF, 0xFF, 0x8C, 0x00, 0x00, 0x00, 0x00, 0x0D, 0x7C, 0xC9, 0xF0, 0xF9, 0xE2, 0xA8, 0x42, 0x00,
  0x00, 0x00, 0x00, 0x7C, 0xFF, 0xFF, 0x60, 0x00, 0x00, 0x00, 0x2E, 0x9F, 0xE0, 0xF8, 0xEA, 0xC0,
  0x65, 0x03, 0x00, 0x00, 0x00, 0x7C, 0xFF, 0xFF, 0x60, 0x00, 0x00, 0x61, 0xFC, 0xFF, 0xFF, 0xFF,
  0xFF, 0xFF, 0xFF, 0xC2, 0x0A, 0x00, 0x00, 0x7C, 0xFF, 0xFF, 0x60, 0x00, 0x2A, 0xFC, 0xFF, 0xF3,
  0x60, 0x1D, 0x3B, 0xC8, 0xFF, 0xFF, 0x9A, 0x00, 0x00, 0x7C, 0xFF, 0xFF, 0x60, 0x00, 0x9C, 0xFF,
  0xFF, 0x65, 0x00, 0x00, 0x00, 0x16, 0xF3, 0xFF, 0xF9, 0x11, 0x00, 0x7C, 0xFF, 0xFF, 0x60, 0x00,
  0xD9, 0xFF, 0xFC, 0x0F, 0x00, 0x00, 0x00, 0x00, 0xAE, 0xFF, 0xFF, 0x50, 0x00, 0x7C, 0xFF, 0xFF,
  0xFF, 0xFF, 0xFF, 0xFF, 0xE8, 0x00, 0x00, 0x00, 0x00, 0x00, 0x89, 0xFF, 0xFF, 0x6A, 0x00, 0x7C,
  0xFF, 0xFF, 0xFF, 0xFF, 0xFF, 0xFF, 0xDD, 0x00, 0x00, 0x00, 0x00, 0x00, 0x7D, 0xFF, 0xFF, 0x79,
  0x00, 0x7C, 0xFF, 0xFF, 0x6C, 0x14, 0xEB, 0xFF, 0xEA, 0x00, 0x00, 0x00, 0x00, 0x00, 0x8C, 0xFF,
  0xFF, 0x65, 0x00, 0x7C, 0xFF, 0xFF, 0x60, 0x00, 0xC1, 0xFF, 0xFE, 0x12, 0x00, 0x00, 0x00, 0x00,
  0xB3, 0xFF, 0xFF, 0x49, 0x00, 0x7C, 0xFF, 0xFF, 0x60, 0x00, 0x79, 0xFF, 0xFF, 0x6B, 0x00, 0x00,
  0x00, 0x19, 0xF5, 0xFF, 0xF2, 0x09, 0x00, 0x7C, 0xFF, 0xFF, 0x60, 0x00, 0x15, 0xEE, 0xFF, 0xF5,
  0x63, 0x1D, 0x3C, 0xCC, 0xFF, 0xFF, 0x86, 0x00, 0x00, 0x7C, 0xFF, 0xFF, 0x60, 0x00, 0x00, 0x45,
  0xF4, 0xFF, 0xFF, 0xFF, 0xFF, 0xFF, 0xFF, 0xB2, 0x05, 0x00, 0x00, 0x7C, 0xFF, 0xFF, 0x60, 0x00,
  0x00, 0x00, 0x24, 0x99, 0xDF, 0xF8, 0xEA, 0xBC, 0x5D, 0x01, 0x00, 0x00, 0x00, 0x00, 0x08, 0x79,
  0xCD, 0xF3, 0xFF, 0xFF, 0xFF, 0xFF, 0xFF, 0xB0, 0x00, 0x00, 0x09, 0xCA, 0xFF, 0xFF, 0xFF, 0xFF,
  0xFF, 0xFF, 0xFF, 0xFF, 0xB0, 0x00, 0x00, 0x73, 0xFF, 0xFF, 0xC5, 0x40, 0x1C, 0x14, 0x3C, 0xFF,
  0xFF, 0xB0, 0x00, 0x00, 0xB5, 0xFF, 0xFF, 0x2E, 0x00, 0x00, 0x00, 0x2C, 0xFF, 0xFF, 0xB0, 0x00,
  0x00, 0xB5, 0xFF, 0xFF, 0x29, 0x00, 0x00, 0x00, 0x2C, 0xFF, 0xFF, 0xB0, 0x00, 0x00, 0x7C, 0xFF,
  0xFF, 0xB5, 0x2A, 0x08, 0x00, 0x2C, 0xFF, 0xFF, 0xB0, 0x00, 0x00, 0x10, 0xD7, 0xFF, 0xFF, 0xFF,
  0xFF, 0xFF, 0xFF, 0xFF, 0xFF, 0xB0, 0x00, 0x00, 0x00, 0x13, 0x8B, 0xFF, 0xFF, 0xFF, 0xFF, 0xFF,
  0xFF, 0xFF, 0xB0, 0x00, 0x00, 0x00, 0x00, 0x65, 0xFF, 0xFF, 0x7C, 0x14, 0x3C, 0xFF, 0xFF, 0xB0,
  0x00, 0x00, 0x00, 0x1B, 0xF0, 0xFF, 0xD8, 0x06, 0x00, 0x2C, 0xFF, 0xFF, 0xB0, 0x00, 0x00, 0x00,
  0xB2, 0xFF, 0xFF, 0x46, 0x00, 0x00, 0x2C, 0xFF, 0xFF, 0xB0, 0x00, 0x00, 0x5A, 0xFF, 0xFF, 0xAC,
  0x00, 0x00, 0x00, 0x2C, 0xFF, 0xFF, 0xB0, 0x00, 0x15, 0xEB, 0xFF, 0xF5, 0x1E, 0x00, 0x00, 0x00,
  0x2C, 0xFF, 0xFF, 0xB0, 0x00, 0x00, 0x00, 0x1F, 0x9B, 0xDC, 0xF8, 0xED, 0xB6, 0x3F, 0x00, 0x00,
  0x00, 0x21, 0xED, 0xFF, 0xFF, 0xFF, 0xFF, 0xFF, 0xFB, 0x3F, 0x00, 0x00, 0x8E, 0xFF, 0xF9, 0x4D,
  0x1A, 0x3F, 0xEA, 0xFF, 0xB1, 0x00, 0x00, 0x0D, 0x14, 0x12, 0x11, 0x14, 0x14, 0xAD, 0xFF, 0xD7,
  0x00, 0x00, 0x2D, 0xBC, 0xF8, 0xFF, 0xFF, 0xFF, 0xFF, 0xFF, 0xE0, 0x00, 0x04, 0xE0, 0xFF, 0xFF,
  0xFF, 0xFF, 0xFF, 0xFF, 0xFF, 0xE0, 0x00, 0x2A, 0xFF, 0xFF, 0x90, 0x0A, 0x00, 0x00, 0xAB, 0xFF,
  0xE0, 0x00, 0x20, 0xFF, 0xFF, 0xA2, 0x20, 0x27, 0x75, 0xF9, 0xFF, 0xE0, 0x00, 0x00, 0xC1, 0xFF,
  0xFF, 0xFF, 0xFF, 0xFF, 0xD4, 0xFF, 0xE5, 0x00, 0x00, 0x15, 0xA0, 0xE6, 0xF6, 0xCE, 0x5D, 0x63,
  0xFF, 0xF7, 0x00, 0x00, 0x00, 0x00, 0x00, 0x00, 0x00, 0x00, 0x00, 0x08, 0x34, 0x00, 0x00, 0x00,
  0x0A, 0x75, 0xD1, 0xF1, 0xFF, 0xFF, 0xFF, 0xE0, 0x00, 0x00, 0x06, 0xBD, 0xFF, 0xFF, 0xFF, 0xFF,
  0xFF, 0xFB, 0xB9, 0x00, 0x00, 0x6A, 0xFF, 0xE4, 0x5E, 0x23, 0x13, 0x0D, 0x01, 0x00, 0x00, 0x00,
  0xCE, 0xFF, 0x4C, 0x9C, 0xE6, 0xF8, 0xD9, 0x7C, 0x05, 0x00, 0x09, 0xFB, 0xE9, 0xD5, 0xFF, 0xFF,
  0xFF, 0xFF, 0xFF, 0xB0, 0x00, 0x26, 0xFF, 0xFF, 0xF8, 0x6A, 0x21, 0x3E, 0xD0, 0xFF, 0xFF, 0x42,
  0x35, 0xFF, 0xFF, 0x8E, 0x00, 0x00, 0x00, 0x28, 0xFF, 0xFF, 0x88, 0x38, 0xFF, 0xFF, 0x57, 0x00,
  0x00, 0x00, 0x00, 0xF0, 0xFF, 0xA0, 0x22, 0xFF, 0xFF, 0x61, 0x00, 0x00, 0x00, 0x00, 0xF6, 0xFF,
  0x92, 0x04, 0xEC, 0xFF, 0xA3, 0x00, 0x00, 0x00, 0x33, 0xFF, 0xFF, 0x68, 0x00, 0x8E, 0xFF, 0xFD,
  0x79, 0x22, 0x3F, 0xD4, 0xFF, 0xF1, 0x11, 0x00, 0x0B, 0xCE, 0xFF, 0xFF, 0xFF, 0xFF, 0xFF, 0xFA,
  0x52, 0x00, 0x00, 0x00, 0x09, 0x7F, 0xD7, 0xF7, 0xE9, 0xAC, 0x34, 0x00, 0x00, 0x00, 0xDC, 0xFF,
  0xFF, 0xFF, 0xFF, 0xFB, 0xDE, 0x84, 0x04, 0x00, 0x00, 0xDC, 0xFF, 0xFF, 0xFF, 0xFF, 0xFF, 0xFF,
  0xFF, 0x81, 0x00, 0x00, 0xDC, 0xFF, 0xAB, 0x14, 0x14, 0x2A, 0xD4, 0xFF, 0xD0, 0x00, 0x00, 0xDC,
  0xFF, 0xA4, 0x00, 0x00, 0x14, 0xCB, 0xFF, 0xB3, 0x00, 0x00, 0xDC, 0xFF, 0xFF, 0xFF, 0xFF, 0xFF,
  0xFF, 0xD3, 0x24, 0x00, 0x00, 0xDC, 0xFF, 0xFF, 0xFF, 0xFF, 0xFF, 0xFF, 0xF2, 0x69, 0x00, 0x00,
  0xDC, 0xFF, 0xAB, 0x14, 0x14, 0x1C, 0x8A, 0xFF, 0xFC, 0x1D, 0x00, 0xDC, 0xFF, 0xAB, 0x14, 0x14,
  0x1D, 0x8F, 0xFF, 0xFF, 0x32, 0x00, 0xDC, 0xFF, 0xFF, 0xFF, 0xFF, 0xFF, 0xFF, 0xFF, 0xDC, 0x06,
  0x00, 0xDC, 0xFF, 0xFF, 0xFF, 0xFF, 0xFD, 0xE5, 0xA8, 0x23, 0x00, 0x00, 0xAC, 0xFF, 0xFF, 0xFF,
  0xFF, 0xFF, 0xFF, 0x8C, 0x00, 0xAC, 0xFF, 0xFF, 0xFF, 0xFF, 0xFF, 0xFF, 0x8C, 0x00, 0xAC, 0xFF,
  0xDB, 0x14, 0x14, 0x14, 0x14, 0x0A, 0x00, 0xAC, 0xFF, 0xD8, 0x00, 0x00, 0x00, 0x00, 0x00, 0x00,
  0xAC, 0xFF, 0xD8, 0x00, 0x00, 0x00, 0x00, 0x00, 0x00, 0xAC, 0xFF, 0xD8, 0x00, 0x00, 0x00, 0x00,
  0x00, 0x00, 0xAC, 0xFF, 0xD8, 0x00, 0x00, 0x00, 0x00, 0x00, 0x00, 0xAC, 0xFF, 0xD8, 0x00, 0x00,
  0x00, 0x00, 0x00, 0x00, 0xAC, 0xFF, 0xD8, 0x00, 0x00, 0x00, 0x00, 0x00, 0x00, 0xAC, 0xFF, 0xD8,
  0x00, 0x00, 0x00, 0x00, 0x00, 0x00, 0x00, 0xB8, 0xFF, 0xFF, 0xFF, 0xFF, 0xFF, 0xFF, 0xFF, 0x2C,
  0x00, 0x00, 0x00, 0xB8, 0xFF, 0xFF, 0xFF, 0xFF, 0xFF, 0xFF, 0xFF, 0x2C, 0x00, 0x00, 0x00, 0xB8,
  0xFF, 0x9C, 0x14, 0x14, 0x65, 0xFF, 0xFF, 0x2C, 0x00, 0x00, 0x00, 0xBE, 0xFF, 0x91, 0x00, 0x00,
  0x58, 0xFF, 0xFF, 0x2C, 0x00, 0x00, 0x00, 0xCA, 0xFF, 0x84, 0x00, 0x00, 0x58, 0xFF, 0xFF, 0x2C,
  0x00, 0x00, 0x00, 0xE4, 0xFF, 0x76, 0x00, 0x00, 0x58, 0xFF, 0xFF, 0x2C, 0x00, 0x00, 0x0A, 0xFE,
  0xFF, 0x58, 0x00, 0x00, 0x58, 0xFF, 0xFF, 0x2C, 0x00, 0x0C, 0x56, 0xFF, 0xFF, 0x31, 0x14, 0x14,
  0x65, 0xFF, 0xFF, 0x3C, 0x08, 0xA0, 0xFF, 0xFF, 0xFF, 0xFF, 0xFF, 0xFF, 0xFF, 0xFF, 0xFF, 0xFF,
  0x68, 0xA0, 0xFF, 0xFF, 0xFF, 0xFF, 0xFF, 0xFF, 0xFF, 0xFF, 0xFF, 0xFF, 0x68, 0xA0, 0xFF, 0x94,
  0x00, 0x00, 0x00, 0x00, 0x00, 0x00, 0xCC, 0xFF, 0x68, 0x93, 0xEC, 0x88, 0x00, 0x00, 0x00, 0x00,
  0x00, 0x00, 0xBC, 0xEC, 0x5F, 0x00, 0x00, 0x22, 0x9C, 0xE2, 0xF9, 0xEA, 0xB0, 0x38, 0x00, 0x00,
  0x00, 0x38, 0xF4, 0xFF, 0xFF, 0xFF, 0xFF, 0xFF, 0xFB, 0x4D, 0x00, 0x00, 0xD8, 0xFF, 0xDE, 0x4D,
  0x1D, 0x35, 0xBA, 0xFF, 0xE2, 0x04, 0x2E, 0xFF, 0xFF, 0x62, 0x14, 0x14, 0x14, 0x3C, 0xFF, 0xFF,
  0x35, 0x4C, 0xFF, 0xFF, 0xFF, 0xFF, 0xFF, 0xFF, 0xFF, 0xFF, 0xFF, 0x54, 0x48, 0xFF, 0xFF, 0xFF,
  0xFF, 0xFF, 0xFF, 0xFF, 0xFF, 0xFF, 0x5C, 0x26, 0xFF, 0xFF, 0x59, 0x00, 0x00, 0x00, 0x00, 0x00,
  0x00, 0x00, 0x00, 0xCA, 0xFF, 0xE6, 0x56, 0x1E, 0x26, 0x91, 0xF0, 0xE1, 0x09, 0x00, 0x2A, 0xED,
  0xFF, 0xFF, 0xFF, 0xFF, 0xFF, 0xFF, 0x6E, 0x00, 0x00, 0x00, 0x19, 0x92, 0xDC, 0xF8, 0xE9, 0xBA,
  0x4D, 0x00, 0x00, 0x34, 0xFB, 0xFF, 0x6D, 0x00, 0x00, 0x78, 0xFF, 0xFF, 0x0C, 0x00, 0x05, 0xCE,
  0xFF, 0xC1, 0x02, 0x00, 0x80, 0xFF, 0xF5, 0x25, 0x00, 0x78, 0xFF, 0xFF, 0x0C, 0x00, 0x82, 0xFF,
  0xF1, 0x1F, 0x00, 0x00, 0x04, 0xCB, 0xFF, 0xC5, 0x02, 0x78, 0xFF, 0xFF, 0x0C, 0x33, 0xFB, 0xFF,
  0x5F, 0x00, 0x00, 0x00, 0x00, 0x28, 0xF6, 0xFF, 0x75, 0x78, 0xFF, 0xFF, 0x13, 0xD5, 0xFF, 0xAD,
  0x00, 0x00, 0x00, 0x00, 0x00, 0x00, 0x6F, 0xFF, 0xFF, 0xFF, 0xFF, 0xFF, 0xFF, 0xFF, 0xEB, 0x14,
  0x00, 0x00, 0x00, 0x00, 0x00, 0x00, 0x8D, 0xFF, 0xFF, 0xFF, 0xFF, 0xFF, 0xFF, 0xFF, 0xFA, 0x32,
  0x00, 0x00, 0x00, 0x00, 0x00, 0x42, 0xFE, 0xFF, 0x7F, 0x82, 0xFF, 0xFF, 0x26, 0xDD, 0xFF, 0xD6,
  0x08, 0x00, 0x00, 0x00, 0x11, 0xE3, 0xFF, 0xC4, 0x03, 0x78, 0xFF, 0xFF, 0x0C, 0x3D, 0xFD, 0xFF,
  0x90, 0x00, 0x00, 0x00, 0xA9, 0xFF, 0xF1, 0x20, 0x00, 0x78, 0xFF, 0xFF, 0x0C, 0x00, 0x8B, 0xFF,
  0xFE, 0x43, 0x00, 0x5E, 0xFF, 0xFF, 0x5E, 0x00, 0x00, 0x78, 0xFF, 0xFF, 0x0C, 0x00, 0x07, 0xD4,
  0xFF, 0xE2, 0x10, 0x00, 0x04, 0x69, 0xCB, 0xED, 0xFA, 0xE3, 0xA1, 0x1D, 0x00, 0x00, 0x96, 0xFF,
  0xFF, 0xFF, 0xFF, 0xFF, 0xFF, 0xD9, 0x08, 0x0F, 0xFD, 0xFF, 0xB6, 0x28, 0x1D, 0x8C, 0xFF, 0xFF,
  0x3C, 0x0D, 0x44, 0x44, 0x19, 0x14, 0x1B, 0x8F, 0xFF, 0xFF, 0x2A, 0x00, 0x00, 0x00, 0x1C, 0xFF,
  0xFF, 0xFF, 0xFA, 0x6E, 0x00, 0x00, 0x00, 0x00, 0x1C, 0xFF, 0xFF, 0xFF, 0xFF, 0xDC, 0x25, 0x15,
  0x34, 0x34, 0x07, 0x00, 0x03, 0x2E, 0xF4, 0xFF, 0x99, 0x4C, 0xFF, 0xFF, 0x8D, 0x21, 0x1B, 0x52,
  0xF9, 0xFF, 0x9C, 0x05, 0xCE, 0xFF, 0xFF, 0xFF, 0xFF, 0xFF, 0xFF, 0xF8, 0x34, 0x00, 0x10, 0x89,
  0xD7, 0xF8, 0xFB, 0xE6, 0xAC, 0x33, 0x00, 0x00, 0xDC, 0xFF, 0xA4, 0x00, 0x00, 0x00, 0x3C, 0xFD,
  0xFF, 0x74, 0x00, 0x00, 0xDC, 0xFF, 0xA4, 0x00, 0x00, 0x0D, 0xDE, 0xFF, 0xFF, 0x74, 0x00, 0x00,
  0xDC, 0xFF, 0xA4, 0x00, 0x00, 0x9F, 0xFF, 0xFF, 0xFF, 0x74, 0x00, 0x00, 0xDC, 0xFF, 0xA4, 0x00,
  0x51, 0xFF, 0xF3, 0xFF, 0xFF, 0x74, 0x00, 0x00, 0xDC, 0xFF, 0xA4, 0x18, 0xEB, 0xFF, 0x62, 0xFF,
  0xFF, 0x74, 0x00, 0x00, 0xDC, 0xFF, 0xA4, 0xB6, 0xFF, 0x9E, 0x10, 0xFF, 0xFF, 0x74, 0x00, 0x00,
  0xDC, 0xFF, 0xF0, 0xFF, 0xDD, 0x0D, 0x10, 0xFF, 0xFF, 0x74, 0x00, 0x00, 0xDC, 0xFF, 0xFF, 0xFC,
  0x39, 0x00, 0x10, 0xFF, 0xFF, 0x74, 0x00, 0x00, 0xDC, 0xFF, 0xFF, 0x82, 0x00, 0x00, 0x10, 0xFF,
  0xFF, 0x74, 0x00, 0x00, 0xDC, 0xFF, 0xC9, 0x04, 0x00, 0x00, 0x10, 0xFF, 0xFF, 0x74, 0x00, 0x00,
  0x00, 0x42, 0xAC, 0x8D, 0x00, 0x20, 0xAC, 0xA7, 0x00, 0x00, 0x00, 0x00, 0x00, 0x3C, 0xFF, 0xF7,
  0x42, 0x89, 0xFF, 0xD2, 0x00, 0x00, 0x00, 0x00, 0x00, 0x00, 0x9D, 0xFF, 0xFF, 0xFF, 0xEE, 0x43,
  0x00, 0x00, 0x00, 0x00, 0x00, 0x00, 0x00, 0x23, 0x49, 0x3D, 0x0E, 0x00, 0x00, 0x00, 0x00, 0x00,
  0xDC, 0xFF, 0xA4, 0x00, 0x00, 0x00, 0x3C, 0xFD, 0xFF, 0x74, 0x00, 0x00, 0xDC, 0xFF, 0xA4, 0x00,
  0x00, 0x0D, 0xDE, 0xFF, 0xFF, 0x74, 0x00, 0x00, 0xDC, 0xFF, 0xA4, 0x00, 0x00, 0x9F, 0xFF, 0xFF,
  0xFF, 0x74, 0x00, 0x00, 0xDC, 0xFF, 0xA4, 0x00, 0x51, 0xFF, 0xF3, 0xFF, 0xFF, 0x74, 0x00, 0x00,
  0xDC, 0xFF, 0xA4, 0x18, 0xEB, 0xFF, 0x62, 0xFF, 0xFF, 0x74, 0x00, 0x00, 0xDC, 0xFF, 0xA4, 0xB6,
  0xFF, 0x9E, 0x10, 0xFF, 0xFF, 0x74, 0x00, 0x00, 0xDC, 0xFF, 0xF0, 0xFF, 0xDD, 0x0D, 0x10, 0xFF,
  0xFF, 0x74, 0x00, 0x00, 0xDC, 0xFF, 0xFF, 0xFC, 0x39, 0x00, 0x10, 0xFF, 0xFF, 0x74, 0x00, 0x00,
  0xDC, 0xFF, 0xFF, 0x82, 0x00, 0x00, 0x10, 0xFF, 0xFF, 0x74, 0x00, 0x00, 0xDC, 0xFF, 0xC9, 0x04,
  0x00, 0x00, 0x10, 0xFF, 0xFF, 0x74, 0x00, 0x00, 0xDC, 0xFF, 0xA4, 0x00, 0x00, 0x01, 0xB5, 0xFF,
  0xEE, 0x21, 0x00, 0xDC, 0xFF, 0xA4, 0x00, 0x00, 0x7C, 0xFF, 0xFE, 0x49, 0x00, 0x00, 0xDC, 0xFF,
  0xA4, 0x00, 0x43, 0xFD, 0xFF, 0x7F, 0x00, 0x00, 0x00, 0xDC, 0xFF, 0xA4, 0x1B, 0xEA, 0xFF, 0xB5,
  0x01, 0x00, 0x00, 0x00, 0xDC, 0xFF, 0xFF, 0xFF, 0xFF, 0xE2, 0x11, 0x00, 0x00, 0x00, 0x00, 0xDC,
  0xFF, 0xFF, 0xFF, 0xFF, 0xF6, 0x2F, 0x00, 0x00, 0x00, 0x00, 0xDC, 0xFF, 0xAB, 0x2F, 0xF0, 0xFF,
  0xDC, 0x10, 0x00, 0x00, 0x00, 0xDC, 0xFF, 0xA4, 0x00, 0x4E, 0xFE, 0xFF, 0xB1, 0x01, 0x00, 0x00,
  0xDC, 0xFF, 0xA4, 0x00, 0x00, 0x86, 0xFF, 0xFF, 0x7A, 0x00, 0x00, 0xDC, 0xFF, 0xA4, 0x00, 0x00,
  0x03, 0xBC, 0xFF, 0xFC, 0x43, 0x00, 0x00, 0xD0, 0xFF, 0xFF, 0xFF, 0xFF, 0xFF, 0xFF, 0xFF, 0x2C,
  0x00, 0x00, 0xD0, 0xFF, 0xFF, 0xFF, 0xFF, 0xFF, 0xFF, 0xFF, 0x2C, 0x00, 0x00, 0xD0, 0xFF, 0x8A,
  0x14, 0x14, 0x65, 0xFF, 0xFF, 0x2C, 0x00, 0x00, 0xD1, 0xFF, 0x7F, 0x00, 0x00, 0x58, 0xFF, 0xFF,
  0x2C, 0x00, 0x00, 0xD7, 0xFF, 0x79, 0x00, 0x00, 0x58, 0xFF, 0xFF, 0x2C, 0x00, 0x00, 0xE8, 0xFF,
  0x6F, 0x00, 0x00, 0x58, 0xFF, 0xFF, 0x2C, 0x00, 0x10, 0xFE, 0xFF, 0x55, 0x00, 0x00, 0x58, 0xFF,
  0xFF, 0x2C, 0x0C, 0x85, 0xFF, 0xFF, 0x26, 0x00, 0x00, 0x58, 0xFF, 0xFF, 0x2C, 0x88, 0xFF, 0xFF,
  0xCB, 0x00, 0x00, 0x00, 0x58, 0xFF, 0xFF, 0x2C, 0x86, 0xF9, 0xC4, 0x25, 0x00, 0x00, 0x00, 0x58,
  0xFF, 0xFF, 0x2C, 0x00, 0xDC, 0xFF, 0xFF, 0x5D, 0x00, 0x00, 0x00, 0x00, 0x93, 0xFF, 0xFF, 0x8C,
  0x00, 0x00, 0xDC, 0xFF, 0xFF, 0xDC, 0x04, 0x00, 0x00, 0x1D, 0xF8, 0xFF, 0xFF, 0x8C, 0x00, 0x00,
  0xDC, 0xFF, 0xFF, 0xFF, 0x65, 0x00, 0x00, 0x9B, 0xFF, 0xFF, 0xFF, 0x8C, 0x00, 0x00, 0xDC, 0xFF,
  0xF0, 0xFF, 0xE1, 0x06, 0x23, 0xFB, 0xFC, 0xF3, 0xFF, 0x8C, 0x00, 0x00, 0xDC, 0xFF, 0x92, 0xE6,
  0xFF, 0x6C, 0xA4, 0xFF, 0x9C, 0xDC, 0xFF, 0x8C, 0x00, 0x00, 0xDC, 0xFF, 0x88, 0x65, 0xFF, 0xEC,
  0xFD, 0xF5, 0x1A, 0xDC, 0xFF, 0x8C, 0x00, 0x00, 0xDC, 0xFF, 0x88, 0x03, 0xD5, 0xFF, 0xFF, 0x84,
  0x00, 0xDC, 0xFF, 0x8C, 0x00, 0x00, 0xDC, 0xFF, 0x88, 0x00, 0x4D, 0xFF, 0xEA, 0x0D, 0x00, 0xDC,
  0xFF, 0x8C, 0x00, 0x00, 0xDC, 0xFF, 0x88, 0x00, 0x00, 0x04, 0x02, 0x00, 0x00, 0xDC, 0xFF, 0x8C,
  0x00, 0x00, 0xDC, 0xFF, 0x88, 0x00, 0x00, 0x00, 0x00, 0x00, 0x00, 0xDC, 0xFF, 0x8C, 0x00, 0x00,
  0xDC, 0xFF, 0xA4, 0x00, 0x00, 0x00, 0x10, 0xFF, 0xFF, 0x74, 0x00, 0x00, 0xDC, 0xFF, 0xA4, 0x00,
  0x00, 0x00, 0x10, 0xFF, 0xFF, 0x74, 0x00, 0x00, 0xDC, 0xFF, 0xA4, 0x00, 0x00, 0x00, 0x10, 0xFF,
  0xFF, 0x74, 0x00, 0x00, 0xDC, 0xFF, 0xA4, 0x00, 0x00, 0x00, 0x10, 0xFF, 0xFF, 0x74, 0x00, 0x00,
  0xDC, 0xFF, 0xFF, 0xFF, 0xFF, 0xFF, 0xFF, 0xFF, 0xFF, 0x74, 0x00, 0x00, 0xDC, 0xFF, 0xFF, 0xFF,
  0xFF, 0xFF, 0xFF, 0xFF, 0xFF, 0x74, 0x00, 0x00, 0xDC, 0xFF, 0xAB, 0x14, 0x14, 0x14, 0x22, 0xFF,
  0xFF, 0x74, 0x00, 0x00, 0xDC, 0xFF, 0xA4, 0x00, 0x00, 0x00, 0x10, 0xFF, 0xFF, 0x74, 0x00, 0x00,
  0xDC, 0xFF, 0xA4, 0x00, 0x00, 0x00, 0x10, 0xFF, 0xFF, 0x74, 0x00, 0x00, 0xDC, 0xFF, 0xA4, 0x00,
  0x00, 0x00, 0x10, 0xFF, 0xFF, 0x74, 0x00, 0x00, 0x00, 0x19, 0x92, 0xDC, 0xF8, 0xEB, 0xB3, 0x46,
  0x00, 0x00, 0x00, 0x2E, 0xEE, 0xFF, 0xFF, 0xFF, 0xFF, 0xFF, 0xFF, 0x80, 0x00, 0x00, 0xD1, 0xFF,
  0xF5, 0x67, 0x21, 0x3E, 0xCD, 0xFF, 0xFF, 0x37, 0x2C, 0xFF, 0xFF, 0x7C, 0x00, 0x00, 0x00, 0x1C,
  0xFB, 0xFF, 0x92, 0x4C, 0xFF, 0xFF, 0x42, 0x00, 0x00, 0x00, 0x00, 0xDB, 0xFF, 0xB3, 0x48, 0xFF,
  0xFF, 0x46, 0x00, 0x00, 0x00, 0x00, 0xDF, 0xFF, 0xAF, 0x26, 0xFF, 0xFF, 0x82, 0x00, 0x00, 0x00,
  0x21, 0xFD, 0xFF, 0x8B, 0x00, 0xCA, 0xFF, 0xF6, 0x69, 0x20, 0x3F, 0xCF, 0xFF, 0xFE, 0x2D, 0x00,
  0x2A, 0xED, 0xFF, 0xFF, 0xFF, 0xFF, 0xFF, 0xFF, 0x74, 0x00, 0x00, 0x00, 0x19, 0x92, 0xDC, 0xF8,
  0xEB, 0xB1, 0x41, 0x00, 0x00, 0x00, 0xDC, 0xFF, 0xFF, 0xFF, 0xFF, 0xFF, 0xFF, 0xFF, 0xFF, 0x44,
  0x00, 0xDC, 0xFF, 0xFF, 0xFF, 0xFF, 0xFF, 0xFF, 0xFF, 0xFF, 0x44, 0x00, 0xDC, 0xFF, 0xAB, 0x14,
  0x14, 0x14, 0x4F, 0xFF, 0xFF, 0x44, 0x00, 0xDC, 0xFF, 0xA4, 0x00, 0x00, 0x00, 0x40, 0xFF, 0xFF,
  0x44, 0x00, 0xDC, 0xFF, 0xA4, 0x00, 0x00, 0x00, 0x40, 0xFF, 0xFF, 0x44, 0x00, 0xDC, 0xFF, 0xA4,
  0x00, 0x00, 0x00, 0x40, 0xFF, 0xFF, 0x44, 0x00, 0xDC, 0xFF, 0xA4, 0x00, 0x00, 0x00, 0x40, 0xFF,
  0xFF, 0x44, 0x00, 0xDC, 0xFF, 0xA4, 0x00, 0x00, 0x00, 0x40, 0xFF, 0xFF, 0x44, 0x00, 0xDC, 0xFF,
  0xA4, 0x00, 0x00, 0x00, 0x40, 0xFF, 0xFF, 0x44, 0x00, 0xDC, 0xFF, 0xA4, 0x00, 0x00, 0x00, 0x40,
  0xFF, 0xFF, 0x44, 0x00, 0xDC, 0xFF, 0x7C, 0x5D, 0xD0, 0xF7, 0xEE, 0xB0, 0x2C, 0x00, 0x00, 0x00,
  0xDC, 0xFF, 0xD9, 0xFF, 0xFF, 0xFF, 0xFF, 0xFF, 0xF3, 0x29, 0x00, 0x00, 0xDC, 0xFF, 0xFF, 0xA0,
  0x2E, 0x24, 0x8A, 0xFF, 0xFF, 0xA6, 0x00, 0x00, 0xDC, 0xFF, 0xD4, 0x01, 0x00, 0x00, 0x00, 0xC6,
  0xFF, 0xE8, 0x00, 0x00, 0xDC, 0xFF, 0xA7, 0x00, 0x00, 0x00, 0x00, 0x91, 0xFF, 0xFE, 0x01, 0x00,
  0xDC, 0xFF, 0xAA, 0x00, 0x00, 0x00, 0x00, 0x96, 0xFF, 0xFC, 0x00, 0x00, 0xDC, 0xFF, 0xD9, 0x02,
  0x00, 0x00, 0x01, 0xCF, 0xFF, 0xE1, 0x00, 0x00, 0xDC, 0xFF, 0xFF, 0xA0, 0x2D, 0x26, 0x96, 0xFF,
  0xFF, 0x9C, 0x00, 0x00, 0xDC, 0xFF, 0xDD, 0xFC, 0xFF, 0xFF, 0xFF, 0xFF, 0xED, 0x20, 0x00, 0x00,
  0xDC, 0xFF, 0xA4, 0x44, 0xC7, 0xF7, 0xEE, 0xAB, 0x25, 0x00, 0x00, 0x00, 0xDC, 0xFF, 0xA4, 0x00,
  0x00, 0x00, 0x00, 0x00, 0x00, 0x00, 0x00, 0x00, 0xDC, 0xFF, 0xA4, 0x00, 0x00, 0x00, 0x00, 0x00,
  0x00, 0x00, 0x00, 0x00, 0xDC, 0xFF, 0xA4, 0x00, 0x00, 0x00, 0x00, 0x00, 0x00, 0x00, 0x00, 0x00,
  0xDC, 0xFF, 0xA4, 0x00, 0x00, 0x00, 0x00, 0x00, 0x00, 0x00, 0x00, 0x00, 0x00, 0x18, 0x91, 0xDE,
  0xF9, 0xEB, 0xB2, 0x3C, 0x00, 0x00, 0x00, 0x2C, 0xED, 0xFF, 0xFF, 0xFF, 0xFF, 0xFF, 0xFE, 0x55,
  0x00, 0x00, 0xCF, 0xFF, 0xF4, 0x64, 0x1F, 0x3E, 0xDF, 0xFF, 0xE8, 0x03, 0x2B, 0xFF, 0xFF, 0x7A,
  0x00, 0x00, 0x00, 0x3A, 0x7C, 0x7C, 0x0F, 0x4B, 0xFF, 0xFF, 0x42, 0x00, 0x00, 0x00, 0x00, 0x00,
  0x00, 0x00, 0x49, 0xFF, 0xFF, 0x45, 0x00, 0x00, 0x00, 0x00, 0x00, 0x00, 0x00, 0x27, 0xFF, 0xFF,
  0x7C, 0x00, 0x00, 0x00, 0x3F, 0x80, 0x80, 0x0E, 0x00, 0xCD, 0xFF, 0xF2, 0x5F, 0x1E, 0x48, 0xE7,
  0xFF, 0xE1, 0x01, 0x00, 0x2D, 0xEF, 0xFF, 0xFF, 0xFF, 0xFF, 0xFF, 0xFA, 0x49, 0x00, 0x00, 0x00,
  0x1C, 0x97, 0xE0, 0xF9, 0xEA, 0xAE, 0x33, 0x00, 0x00, 0xA0, 0xFF, 0xFF, 0xFF, 0xFF, 0xFF, 0xFF,
  0xFF, 0xFF, 0x50, 0xA0, 0xFF, 0xFF, 0xFF, 0xFF, 0xFF, 0xFF, 0xFF, 0xFF, 0x50, 0x0C, 0x14, 0x14,
  0x73, 0xFF, 0xFF, 0x2A, 0x14, 0x14, 0x06, 0x00, 0x00, 0x00, 0x68, 0xFF, 0xFF, 0x18, 0x00, 0x00,
  0x00, 0x00, 0x00, 0x00, 0x68, 0xFF, 0xFF, 0x18, 0x00, 0x00, 0x00, 0x00, 0x00, 0x00, 0x68, 0xFF,
  0xFF, 0x18, 0x00, 0x00, 0x00, 0x00, 0x00, 0x00, 0x68, 0xFF, 0xFF, 0x18, 0x00, 0x00, 0x00, 0x00,
  0x00, 0x00, 0x68, 0xFF, 0xFF, 0x18, 0x00, 0x00, 0x00, 0x00, 0x00, 0x00, 0x68, 0xFF, 0xFF, 0x18,
  0x00, 0x00, 0x00, 0x00, 0x00, 0x00, 0x68, 0xFF, 0xFF, 0x18, 0x00, 0x00, 0x00, 0x9A, 0xFF, 0xFF,
  0x32, 0x00, 0x00, 0x00, 0x04, 0xEA, 0xFF, 0xA1, 0x2D, 0xFF, 0xFF, 0x96, 0x00, 0x00, 0x00, 0x4B,
  0xFF, 0xFF, 0x3E, 0x00, 0xC1, 0xFF, 0xF0, 0x09, 0x00, 0x00, 0xA7, 0xFF, 0xDB, 0x00, 0x00, 0x54,
  0xFF, 0xFF, 0x5E, 0x00, 0x0C, 0xF5, 0xFF, 0x78, 0x00, 0x00, 0x04, 0xE3, 0xFF, 0xC2, 0x00, 0x5F,
  0xFF, 0xFB, 0x19, 0x00, 0x00, 0x00, 0x7B, 0xFF, 0xFF, 0x27, 0xBC, 0xFF, 0xB1, 0x00, 0x00, 0x00,
  0x00, 0x15, 0xF8, 0xFF, 0xA5, 0xFD, 0xFF, 0x4E, 0x00, 0x00, 0x00, 0x00, 0x00, 0xA2, 0xFF, 0xFF,
  0xFF, 0xE7, 0x04, 0x00, 0x00, 0x00, 0x00, 0x00, 0x35, 0xFF, 0xFF, 0xFF, 0x88, 0x00, 0x00, 0x00,
  0x00, 0x00, 0x00, 0x00, 0xC9, 0xFF, 0xFF, 0x26, 0x00, 0x00, 0x00, 0x00, 0x00, 0x00, 0x00, 0xBD,
  0xFF, 0xBD, 0x00, 0x00, 0x00, 0x00, 0x00, 0x00, 0x0F, 0x5B, 0xFF, 0xFF, 0x4C, 0x00, 0x00, 0x00,
  0x00, 0x00, 0x00, 0xB8, 0xFF, 0xFF, 0xBA, 0x00, 0x00, 0x00, 0x00, 0x00, 0x00, 0x00, 0xB4, 0xEF,
  0xA3, 0x10, 0x00, 0x00, 0x00, 0x00, 0x00, 0x00, 0x00, 0x00, 0x00, 0x00, 0x08, 0xFF, 0xFF, 0x78,
  0x00, 0x00, 0x00, 0x00, 0x00, 0x00, 0x00, 0x00, 0x00, 0x00, 0x08, 0xFF, 0xFF, 0x78, 0x00, 0x00,
  0x00, 0x00, 0x00, 0x00, 0x00, 0x00, 0x00, 0x00, 0x08, 0xFF, 0xFF, 0x78, 0x00, 0x00, 0x00, 0x00,
  0x00, 0x00, 0x00, 0x27, 0x9C, 0xDD, 0xF8, 0xFF, 0xFF, 0xFD, 0xED, 0xBE, 0x5D, 0x01, 0x00, 0x00,
  0x40, 0xF6, 0xFF, 0xFF, 0xFF, 0xFF, 0xFF, 0xFF, 0xFF, 0xFF, 0xFF, 0xA6, 0x01, 0x02, 0xDD, 0xFF,
  0xF3, 0x69, 0x27, 0xF4, 0xFF, 0x76, 0x3F, 0xC2, 0xFF, 0xFF, 0x52, 0x31, 0xFF, 0xFF, 0x79, 0x00,
  0x00, 0xF4, 0xFF, 0x64, 0x00, 0x12, 0xF5, 0xFF, 0xA4, 0x4E, 0xFF, 0xFF, 0x41, 0x00, 0x00, 0xF4,
  0xFF, 0x64, 0x00, 0x00, 0xCE, 0xFF, 0xC2, 0x4C, 0xFF, 0xFF, 0x46, 0x00, 0x00, 0xF4, 0xFF, 0x64,
  0x00, 0x00, 0xD2, 0xFF, 0xBF, 0x2B, 0xFF, 0xFF, 0x82, 0x00, 0x00, 0xF4, 0xFF, 0x64, 0x00, 0x18,
  0xF8, 0xFF, 0x9D, 0x00, 0xD5, 0xFF, 0xF6, 0x6F, 0x27, 0xF4, 0xFF, 0x76, 0x41, 0xC8, 0xFF, 0xFF,
  0x47, 0x00, 0x37, 0xF2, 0xFF, 0xFF, 0xFF, 0xFF, 0xFF, 0xFF, 0xFF, 0xFF, 0xFF, 0x9A, 0x00, 0x00,
  0x00, 0x23, 0x99, 0xDD, 0xF8, 0xFF, 0xFF, 0xFD, 0xED, 0xBC, 0x58, 0x00, 0x00, 0x00, 0x00, 0x00,
  0x00, 0x00, 0x08, 0xFF, 0xFF, 0x78, 0x00, 0x00, 0x00, 0x00, 0x00, 0x00, 0x00, 0x00, 0x00, 0x00,
  0x08, 0xFF, 0xFF, 0x78, 0x00, 0x00, 0x00, 0x00, 0x00, 0x00, 0x00, 0x00, 0x00, 0x00, 0x08, 0xFF,
  0xFF, 0x78, 0x00, 0x00, 0x00, 0x00, 0x00, 0x00, 0x00, 0x00, 0x00, 0x00, 0x08, 0xFF, 0xFF, 0x78,
  0x00, 0x00, 0x00, 0x00, 0x00, 0x36, 0xFC, 0xFF, 0x9A, 0x00, 0x00, 0x00, 0xB2, 0xFF, 0xEC, 0x18,
  0x00, 0x86, 0xFF, 0xFF, 0x49, 0x00, 0x5E, 0xFF, 0xFF, 0x57, 0x00, 0x00, 0x06, 0xD3, 0xFF, 0xE5,
  0x2C, 0xEF, 0xFF, 0xA9, 0x00, 0x00, 0x00, 0x00, 0x32, 0xFB, 0xFF, 0xF6, 0xFF, 0xE7, 0x13, 0x00,
  0x00, 0x00, 0x00, 0x00, 0x87, 0xFF, 0xFF, 0xFF, 0x5B, 0x00, 0x00, 0x00, 0x00, 0x00, 0x01, 0xBE,
  0xFF, 0xFF, 0xFF, 0xA8, 0x00, 0x00, 0x00, 0x00, 0x00, 0x69, 0xFF, 0xFE, 0xAB, 0xFF, 0xFF, 0x4C,
  0x00, 0x00, 0x00, 0x1F, 0xF2, 0xFF, 0x9A, 0x05, 0xD3, 0xFF, 0xE2, 0x0D, 0x00, 0x00, 0xBA, 0xFF,
  0xE9, 0x11, 0x00, 0x39, 0xFD, 0xFF, 0x95, 0x00, 0x64, 0xFF, 0xFF, 0x5B, 0x00, 0x00, 0x00, 0x95,
  0xFF, 0xFE, 0x3B, 0x00, 0xDC, 0xFF, 0xA4, 0x00, 0x00, 0x00, 0x70, 0xFF, 0xFF, 0x10, 0x00, 0x00,
  0xDC, 0xFF, 0xA4, 0x00, 0x00, 0x00, 0x70, 0xFF, 0xFF, 0x10, 0x00, 0x00, 0xDC, 0xFF, 0xA4, 0x00,
  0x00, 0x00, 0x70, 0xFF, 0xFF, 0x10, 0x00, 0x00, 0xDC, 0xFF, 0xA4, 0x00, 0x00, 0x00, 0x70, 0xFF,
  0xFF, 0x10, 0x00, 0x00, 0xDC, 0xFF, 0xA4, 0x00, 0x00, 0x00, 0x70, 0xFF, 0xFF, 0x10, 0x00, 0x00,
  0xDC, 0xFF, 0xA4, 0x00, 0x00, 0x00, 0x70, 0xFF, 0xFF, 0x10, 0x00, 0x00, 0xDC, 0xFF, 0xA4, 0x00,
  0x00, 0x00, 0x70, 0xFF, 0xFF, 0x10, 0x00, 0x00, 0xDC, 0xFF, 0xA8, 0x0C, 0x0C, 0x0C, 0x76, 0xFF,
  0xFF, 0x1B, 0x06, 0x00, 0xDC, 0xFF, 0xFF, 0xFF, 0xFF, 0xFF, 0xFF, 0xFF, 0xFF, 0xFF, 0x80, 0x00,
  0xDC, 0xFF, 0xFF, 0xFF, 0xFF, 0xFF, 0xFF, 0xFF, 0xFF, 0xFF, 0x80, 0x00, 0x00, 0x00, 0x00, 0x00,
  0x00, 0x00, 0x00, 0x00, 0xB4, 0xFF, 0x80, 0x00, 0x00, 0x00, 0x00, 0x00, 0x00, 0x00, 0x00, 0x00,
  0xAB, 0xF4, 0x7A, 0x24, 0xFF, 0xFF, 0x5C, 0x00, 0x00, 0x00, 0xE8, 0xFF, 0x98, 0x00, 0x24, 0xFF,
  0xFF, 0x5C, 0x00, 0x00, 0x00, 0xE8, 0xFF, 0x98, 0x00, 0x24, 0xFF, 0xFF, 0x5C, 0x00, 0x00, 0x00,
  0xE8, 0xFF, 0x98, 0x00, 0x21, 0xFF, 0xFF, 0x66, 0x00, 0x00, 0x00, 0xE8, 0xFF, 0x98, 0x00, 0x0C,
  0xFD, 0xFF, 0xC1, 0x1B, 0x05, 0x38, 0xF3, 0xFF, 0x98, 0x00, 0x00, 0xB3, 0xFF, 0xFF, 0xFF, 0xFF,
  0xFF, 0xFF, 0xFF, 0x98, 0x00, 0x00, 0x13, 0x9B, 0xEF, 0xFF, 0xF8, 0xAC, 0xF2, 0xFF, 0x98, 0x00,
  0x00, 0x00, 0x00, 0x00, 0x0D, 0x04, 0x00, 0xE8, 0xFF, 0x98, 0x00, 0x00, 0x00, 0x00, 0x00, 0x00,
  0x00, 0x00, 0xE8, 0xFF, 0x98, 0x00, 0x00, 0x00, 0x00, 0x00, 0x00, 0x00, 0x00, 0xE8, 0xFF, 0x98,
  0x00, 0x00, 0xDC, 0xFF, 0xA4, 0x00, 0x00, 0x60, 0xFF, 0xFF, 0x24, 0x00, 0x00, 0xE0, 0xFF, 0xA0,
  0x00, 0x00, 0xDC, 0xFF, 0xA4, 0x00, 0x00, 0x60, 0xFF, 0xFF, 0x24, 0x00, 0x00, 0xE0, 0xFF, 0xA0,
  0x00, 0x00, 0xDC, 0xFF, 0xA4, 0x00, 0x00, 0x60, 0xFF, 0xFF, 0x24, 0x00, 0x00, 0xE0, 0xFF, 0xA0,
  0x00, 0x00, 0xDC, 0xFF, 0xA4, 0x00, 0x00, 0x60, 0xFF, 0xFF, 0x24, 0x00, 0x00, 0xE0, 0xFF, 0xA0,
  0x00, 0x00, 0xDC, 0xFF, 0xA4, 0x00, 0x00, 0x60, 0xFF, 0xFF, 0x24, 0x00, 0x00, 0xE0, 0xFF, 0xA0,
  0x00, 0x00, 0xDC, 0xFF, 0xA4, 0x00, 0x00, 0x60, 0xFF, 0xFF, 0x24, 0x00, 0x00, 0xE0, 0xFF, 0xA0,
  0x00, 0x00, 0xDC, 0xFF, 0xA4, 0x00, 0x00, 0x60, 0xFF, 0xFF, 0x24, 0x00, 0x00, 0xE0, 0xFF, 0xA0,
  0x00, 0x00, 0xDC, 0xFF, 0xA8, 0x0C, 0x0C, 0x67, 0xFF, 0xFF, 0x2E, 0x0C, 0x0C, 0xE1, 0xFF, 0xA0,
  0x00, 0x00, 0xDC, 0xFF, 0xFF, 0xFF, 0xFF, 0xFF, 0xFF, 0xFF, 0xFF, 0xFF, 0xFF, 0xFF, 0xFF, 0xA0,
  0x00, 0x00, 0xDC, 0xFF, 0xFF, 0xFF, 0xFF, 0xFF, 0xFF, 0xFF, 0xFF, 0xFF, 0xFF, 0xFF, 0xFF, 0xA0,
  0x00, 0x00, 0xDC, 0xFF, 0xA4, 0x00, 0x00, 0x60, 0xFF, 0xFF, 0x24, 0x00, 0x00, 0xE0, 0xFF, 0xA0,
  0x00, 0x00, 0x00, 0xDC, 0xFF, 0xA4, 0x00, 0x00, 0x60, 0xFF, 0xFF, 0x24, 0x00, 0x00, 0xE0, 0xFF,
  0xA0, 0x00, 0x00, 0x00, 0xDC, 0xFF, 0xA4, 0x00, 0x00, 0x60, 0xFF, 0xFF, 0x24, 0x00, 0x00, 0xE0,
  0xFF, 0xA0, 0x00, 0x00, 0x00, 0xDC, 0xFF, 0xA4, 0x00, 0x00, 0x60, 0xFF, 0xFF, 0x24, 0x00, 0x00,
  0xE0, 0xFF, 0xA0, 0x00, 0x00, 0x00, 0xDC, 0xFF, 0xA4, 0x00, 0x00, 0x60, 0xFF, 0xFF, 0x24, 0x00,
  0x00, 0xE0, 0xFF, 0xA0, 0x00, 0x00, 0x00, 0xDC, 0xFF, 0xA4, 0x00, 0x00, 0x60, 0xFF, 0xFF, 0x24,
  0x00, 0x00, 0xE0, 0xFF, 0xA0, 0x00, 0x00, 0x00, 0xDC, 0xFF, 0xA4, 0x00, 0x00, 0x60, 0xFF, 0xFF,
  0x24, 0x00, 0x00, 0xE0, 0xFF, 0xA0, 0x00, 0x00, 0x00, 0xDC, 0xFF, 0xA8, 0x0C, 0x0C, 0x67, 0xFF,
  0xFF, 0x2E, 0x0C, 0x0C, 0xE1, 0xFF, 0xA4, 0x0C, 0x00, 0x00, 0xDC, 0xFF, 0xFF, 0xFF, 0xFF, 0xFF,
  0xFF, 0xFF, 0xFF, 0xFF, 0xFF, 0xFF, 0xFF, 0xFF, 0xFF, 0x10, 0x00, 0xDC, 0xFF, 0xFF, 0xFF, 0xFF,
  0xFF, 0xFF, 0xFF, 0xFF, 0xFF, 0xFF, 0xFF, 0xFF, 0xFF, 0xFF, 0x10, 0x00, 0x00, 0x00, 0x00, 0x00,
  0x00, 0x00, 0x00, 0x00, 0x00, 0x00, 0x00, 0x00, 0x28, 0xFF, 0xFF, 0x10, 0x00, 0x00, 0x00, 0x00,
  0x00, 0x00, 0x00, 0x00, 0x00, 0x00, 0x00, 0x00, 0x00, 0x26, 0xF4, 0xF4, 0x0F, 0xA0, 0xFF, 0xFF,
  0xFF, 0xFF, 0x2C, 0x00, 0x00, 0x00, 0x00, 0x00, 0x00, 0xA0, 0xFF, 0xFF, 0xFF, 0xFF, 0x2C, 0x00,
  0x00, 0x00, 0x00, 0x00, 0x00, 0x0C, 0x14, 0x65, 0xFF, 0xFF, 0x2C, 0x00, 0x00, 0x00, 0x00, 0x00,
  0x00, 0x00, 0x00, 0x58, 0xFF, 0xFF, 0xFF, 0xFF, 0xF8, 0xD8, 0x84, 0x0C, 0x00, 0x00, 0x00, 0x58,
  0xFF, 0xFF, 0xFF, 0xFF, 0xFF, 0xFF, 0xFF, 0xA5, 0x00, 0x00, 0x00, 0x58, 0xFF, 0xFF, 0x3C, 0x14,
  0x24, 0xB2, 0xFF, 0xFE, 0x0B, 0x00, 0x00, 0x58, 0xFF, 0xFF, 0x2C, 0x00, 0x00, 0x56, 0xFF, 0xFF,
  0x29, 0x00, 0x00, 0x58, 0xFF, 0xFF, 0x3C, 0x14, 0x23, 0xB2, 0xFF, 0xFE, 0x0B, 0x00, 0x00, 0x58,
  0xFF, 0xFF, 0xFF, 0xFF, 0xFF, 0xFF, 0xFF, 0x9D, 0x00, 0x00, 0x00, 0x58, 0xFF, 0xFF, 0xFF, 0xFF,
  0xFC, 0xE2, 0x91, 0x0B, 0x00, 0x00, 0xDC, 0xFF, 0xA4, 0x00, 0x00, 0x00, 0x00, 0x00, 0x00, 0x98,
  0xFF, 0xEC, 0x00, 0x00, 0xDC, 0xFF, 0xA4, 0x00, 0x00, 0x00, 0x00, 0x00, 0x00, 0x98, 0xFF, 0xEC,
  0x00, 0x00, 0xDC, 0xFF, 0xA4, 0x00, 0x00, 0x00, 0x00, 0x00, 0x00, 0x98, 0xFF, 0xEC, 0x00, 0x00,
  0xDC, 0xFF, 0xFD, 0xF8, 0xF2, 0xD3, 0x8B, 0x11, 0x00, 0x98, 0xFF, 0xEC, 0x00, 0x00, 0xDC, 0xFF,
  0xFF, 0xFF, 0xFF, 0xFF, 0xFF, 0xBB, 0x00, 0x98, 0xFF, 0xEC, 0x00, 0x00, 0xDC, 0xFF, 0xA4, 0x00,
  0x0D, 0x98, 0xFF, 0xFF, 0x25, 0x98, 0xFF, 0xEC, 0x00, 0x00, 0xDC, 0xFF, 0xA4, 0x00, 0x00, 0x3D,
  0xFF, 0xFF, 0x45, 0x98, 0xFF, 0xEC, 0x00, 0x00, 0xDC, 0xFF, 0xA4, 0x00, 0x06, 0x8D, 0xFF, 0xFF,
  0x25, 0x98, 0xFF, 0xEC, 0x00, 0x00, 0xDC, 0xFF, 0xFD, 0xF8, 0xFD, 0xFF, 0xFF, 0xB7, 0x00, 0x98,
  0xFF, 0xEC, 0x00, 0x00, 0xDC, 0xFF, 0xFF, 0xFF, 0xFD, 0xE7, 0x9D, 0x13, 0x00, 0x98, 0xFF, 0xEC,
  0x00, 0x00, 0xDC, 0xFF, 0xA4, 0x00, 0x00, 0x00, 0x00, 0x00, 0x00, 0x00, 0xDC, 0xFF, 0xA4, 0x00,
  0x00, 0x00, 0x00, 0x00, 0x00, 0x00, 0xDC, 0xFF, 0xA4, 0x00, 0x00, 0x00, 0x00, 0x00, 0x00, 0x00,
  0xDC, 0xFF, 0xFD, 0xF8, 0xF7, 0xE0, 0xB2, 0x35, 0x00, 0x00, 0xDC, 0xFF, 0xFF, 0xFF, 0xFF, 0xFF,
  0xFF, 0xF6, 0x26, 0x00, 0xDC, 0xFF, 0xA4, 0x00, 0x03, 0x42, 0xFA, 0xFF, 0x85, 0x00, 0xDC, 0xFF,
  0xA4, 0x00, 0x00, 0x00, 0xD9, 0xFF, 0xA5, 0x00, 0xDC, 0xFF, 0xA4, 0x00, 0x00, 0x38, 0xF9, 0xFF,
  0x85, 0x00, 0xDC, 0xFF, 0xFD, 0xF8, 0xFA, 0xFF, 0xFF, 0xF6, 0x21, 0x00, 0xDC, 0xFF, 0xFF, 0xFF,
  0xFF, 0xF3, 0xC0, 0x40, 0x00, 0x00, 0x02, 0x66, 0xC8, 0xF1, 0xF5, 0xD3, 0x7E, 0x0A, 0x00, 0x00,
  0x00, 0xA0, 0xFF, 0xFF, 0xFF, 0xFF, 0xFF, 0xFF, 0xD5, 0x0F, 0x00, 0x35, 0xFF, 0xFF, 0xB0, 0x2A,
  0x20, 0x76, 0xFE, 0xFF, 0x92, 0x00, 0x27, 0x64, 0x64, 0x13, 0x14, 0x14, 0x14, 0xB6, 0xFF, 0xE8,
  0x00, 0x00, 0x00, 0x00, 0x04, 0xFF, 0xFF, 0xFF, 0xFF, 0xFF, 0xFF, 0x08, 0x00, 0x00, 0x00, 0x04,
  0xFF, 0xFF, 0xFF, 0xFF, 0xFF, 0xFF, 0x08, 0x22, 0x58, 0x58, 0x11, 0x00, 0x00, 0x00, 0xAC, 0xFF,
  0xE8, 0x00, 0x32, 0xFF, 0xFF, 0xB6, 0x2E, 0x20, 0x71, 0xFD, 0xFF, 0x97, 0x00, 0x00, 0x97, 0xFF,
  0xFF, 0xFF, 0xFF, 0xFF, 0xFF, 0xDC, 0x15, 0x00, 0x00, 0x01, 0x60, 0xC5, 0xF3, 0xF9, 0xD9, 0x88,
  0x10, 0x00, 0x00, 0x00, 0xDC, 0xFF, 0xA4, 0x00, 0x00, 0x3F, 0xB6, 0xE5, 0xF6, 0xD6, 0x82, 0x0C,
  0x00, 0x00, 0x00, 0xDC, 0xFF, 0xA4, 0x00, 0x79, 0xFF, 0xFF, 0xFF, 0xFF, 0xFF, 0xFF, 0xD6, 0x10,
  0x00, 0x00, 0xDC, 0xFF, 0xA4, 0x25, 0xFC, 0xFF, 0xD3, 0x3E, 0x24, 0x8B, 0xFF, 0xFF, 0x93, 0x00,
  0x00, 0xDC, 0xFF, 0xAB, 0x7D, 0xFF, 0xFF, 0x2C, 0x00, 0x00, 0x00, 0xBE, 0xFF, 0xE9, 0x00, 0x00,
  0xDC, 0xFF, 0xFF, 0xFF, 0xFF, 0xF5, 0x00, 0x00, 0x00, 0x00, 0x86, 0xFF, 0xFF, 0x08, 0x00, 0xDC,
  0xFF, 0xFF, 0xFF, 0xFF, 0xF8, 0x01, 0x00, 0x00, 0x00, 0x8A, 0xFF, 0xFE, 0x06, 0x00, 0xDC, 0xFF,
  0xA4, 0x71, 0xFF, 0xFF, 0x31, 0x00, 0x00, 0x00, 0xC5, 0xFF, 0xE2, 0x00, 0x00, 0xDC, 0xFF, 0xA4,
  0x25, 0xFC, 0xFF, 0xD3, 0x3E, 0x24, 0x8E, 0xFF, 0xFF, 0x89, 0x00, 0x00, 0xDC, 0xFF, 0xA4, 0x00,
  0x7E, 0xFF, 0xFF, 0xFF, 0xFF, 0xFF, 0xFF, 0xD0, 0x0B, 0x00, 0x00, 0xDC, 0xFF, 0xA4, 0x00, 0x00,
  0x52, 0xBE, 0xF0, 0xF7, 0xD5, 0x7F, 0x09, 0x00, 0x00, 0x00, 0x00, 0x5D, 0xCA, 0xF5, 0xFF, 0xFF,
  0xFF, 0xFF, 0xE0, 0x00, 0x00, 0x69, 0xFF, 0xFF, 0xFF, 0xFF, 0xFF, 0xFF, 0xFF, 0xE0, 0x00, 0x00,
  0xE3, 0xFF, 0xD0, 0x2E, 0x14, 0x14, 0xA7, 0xFF, 0xE0, 0x00, 0x05, 0xFF, 0xFF, 0x7E, 0x00, 0x00,
  0x00, 0xA0, 0xFF, 0xE0, 0x00, 0x00, 0xE6, 0xFF, 0xCE, 0x2C, 0x14, 0x14, 0xA7, 0xFF, 0xE0, 0x00,
  0x00, 0x70, 0xFF, 0xFF, 0xFF, 0xFF, 0xFF, 0xFF, 0xFF, 0xE0, 0x00, 0x00, 0x00, 0x58, 0xF9, 0xFF,
  0xFF, 0xFF, 0xFF, 0xFF, 0xE0, 0x00, 0x00, 0x00, 0x78, 0xFF, 0xFB, 0x37, 0x00, 0xA0, 0xFF, 0xE0,
  0x00, 0x00, 0x44, 0xFC, 0xFF, 0x77, 0x00, 0x00, 0xA0, 0xFF, 0xE0, 0x00, 0x1F, 0xEC, 0xFF, 0xBB,
  0x01, 0x00, 0x00, 0xA0, 0xFF, 0xE0, 0x00, 0x00, 0x00, 0x62, 0xCB, 0x5A, 0x00, 0x5C, 0xCB, 0x60,
  0x00, 0x00, 0x00, 0x00, 0xE0, 0xFF, 0xD7, 0x00, 0xD8, 0xFF, 0xDF, 0x00, 0x00, 0x00, 0x00, 0x84,
  0xF4, 0x7A, 0x00, 0x7D, 0xF4, 0x82, 0x00, 0x00, 0x00, 0x00, 0x00, 0x00, 0x00, 0x00, 0x00, 0x00,
  0x00, 0x00, 0x00, 0x00, 0x00, 0x22, 0x9C, 0xE2, 0xF9, 0xEA, 0xB0, 0x38, 0x00, 0x00, 0x00, 0x38,
  0xF4, 0xFF, 0xFF, 0xFF, 0xFF, 0xFF, 0xFB, 0x4D, 0x00, 0x00, 0xD8, 0xFF, 0xDE, 0x4D, 0x1D, 0x35,
  0xBA, 0xFF, 0xE2, 0x04, 0x2E, 0xFF, 0xFF, 0x62, 0x14, 0x14, 0x14, 0x3C, 0xFF, 0xFF, 0x35, 0x4C,
  0xFF, 0xFF, 0xFF, 0xFF, 0xFF, 0xFF, 0xFF, 0xFF, 0xFF, 0x54, 0x48, 0xFF, 0xFF, 0xFF, 0xFF, 0xFF,
  0xFF, 0xFF, 0xFF, 0xFF, 0x5C, 0x26, 0xFF, 0xFF, 0x59, 0x00, 0x00, 0x00, 0x00, 0x00, 0x00, 0x00,
  0x00, 0xCA, 0xFF, 0xE6, 0x56, 0x1E, 0x26, 0x91, 0xF0, 0xE1, 0x09, 0x00, 0x2A, 0xED, 0xFF, 0xFF,
  0xFF, 0xFF, 0xFF, 0xFF, 0x6E, 0x00, 0x00, 0x00, 0x19, 0x92, 0xDC, 0xF8, 0xE9, 0xBA, 0x4D, 0x00,
  0x00, 0x12, 0x48, 0x32, 0x20, 0x47, 0x6F, 0x6C, 0x6F, 0x73, 0x20, 0x4D, 0x65, 0x64, 0x69, 0x75,
  0x6D, 0x20, 0x31, 0x39, 0x00, 0x12, 0x48, 0x32, 0x20, 0x47, 0x6F, 0x6C, 0x6F, 0x73, 0x20, 0x4D,
  0x65, 0x64, 0x69, 0x75, 0x6D, 0x20, 0x31, 0x39, 0x00, 0x01,
};

constexpr size_t H2GolosMedium19Size = sizeof(H2GolosMedium19);

const uint8_t H2GolosDigits38[] PROGMEM = {
  0x00, 0x00, 0x00, 0x0E, 0x00, 0x00, 0x00, 0x0B, 0x00, 0x00, 0x00, 0x26, 0x00, 0x00, 0x00, 0x00,
  0x00, 0x00, 0x00, 0x1C, 0x00, 0x00, 0x00, 0x01, 0x00, 0x00, 0x00, 0x20, 0x00, 0x00, 0x00, 0x00,
  0x00, 0x00, 0x00, 0x00, 0x00, 0x00, 0x00, 0x0A, 0x00, 0x00, 0x00, 0x00, 0x00, 0x00, 0x00, 0x00,
  0x00, 0x00, 0x00, 0x00, 0x00, 0x00, 0x00, 0x2B, 0x00, 0x00, 0x00, 0x18, 0x00, 0x00, 0x00, 0x16,
  0x00, 0x00, 0x00, 0x16, 0x00, 0x00, 0x00, 0x18, 0x00, 0x00, 0x00, 0x00, 0x00, 0x00, 0x00, 0x00,
  0x00, 0x00, 0x00, 0x2D, 0x00, 0x00, 0x00, 0x0E, 0x00, 0x00, 0x00, 0x0E, 0x00, 0x00, 0x00, 0x0E,
  0x00, 0x00, 0x00, 0x0E, 0x00, 0x00, 0x00, 0x00, 0x00, 0x00, 0x00, 0x00, 0x00, 0x00, 0x00, 0x2E,
  0x00, 0x00, 0x00, 0x08, 0x00, 0x00, 0x00, 0x0C, 0x00, 0x00, 0x00, 0x0C, 0x00, 0x00, 0x00, 0x07,
  0x00, 0x00, 0x00, 0x00, 0x00, 0x00, 0x00, 0x00, 0x00, 0x00, 0x00, 0x30, 0x00, 0x00, 0x00, 0x1D,
  0x00, 0x00, 0x00, 0x19, 0x00, 0x00, 0x00, 0x19, 0x00, 0x00, 0x00, 0x1C, 0x00, 0x00, 0x00, 0x00,
  0x00, 0x00, 0x00, 0x00, 0x00, 0x00, 0x00, 0x31, 0x00, 0x00, 0x00, 0x1B, 0x00, 0x00, 0x00, 0x14,
  0x00, 0x00, 0x00, 0x14, 0x00, 0x00, 0x00, 0x1B, 0x00, 0x00, 0x00, 0x00, 0x00, 0x00, 0x00, 0x00,
  0x00, 0x00, 0x00, 0x32, 0x00, 0x00, 0x00, 0x1C, 0x00, 0x00, 0x00, 0x17, 0x00, 0x00, 0x00, 0x17,
  0x00, 0x00, 0x00, 0x1C, 0x00, 0x00, 0x00, 0x00, 0x00, 0x00, 0x00, 0x00, 0x00, 0x00, 0x00, 0x33,
  0x00, 0x00, 0x00, 0x1D, 0x00, 0x00, 0x00, 0x17, 0x00, 0x00, 0x00, 0x17, 0x00, 0x00, 0x00, 0x1C,
  0x00, 0x00, 0x00, 0x00, 0x00, 0x00, 0x00, 0x00, 0x00, 0x00, 0x00, 0x34, 0x00, 0x00, 0x00, 0x1B,
  0x00, 0x00, 0x00, 0x18, 0x00, 0x00, 0x00, 0x18, 0x00, 0x00, 0x00, 0x1B, 0x00, 0x00, 0x00, 0x00,
  0x00, 0x00, 0x00, 0x00, 0x00, 0x00, 0x00, 0x35, 0x00, 0x00, 0x00, 0x1C, 0x00, 0x00, 0x00, 0x17,
  0x00, 0x00, 0x00, 0x17, 0x00, 0x00, 0x00, 0x1B, 0x00, 0x00, 0x00, 0x00, 0x00, 0x00, 0x00, 0x00,
  0x00, 0x00, 0x00, 0x36, 0x00, 0x00, 0x00, 0x1D, 0x00, 0x00, 0x00, 0x18, 0x00, 0x00, 0x00, 0x18,
  0x00, 0x00, 0x00, 0x1C, 0x00, 0x00, 0x00, 0x00, 0x00, 0x00, 0x00, 0x00, 0x00, 0x00, 0x00, 0x37,
  0x00, 0x00, 0x00, 0x1B, 0x00, 0x00, 0x00, 0x15, 0x00, 0x00, 0x00, 0x15, 0x00, 0x00, 0x00, 0x1B,
  0x00, 0x00, 0x00, 0x00, 0x00, 0x00, 0x00, 0x00, 0x00, 0x00, 0x00, 0x38, 0x00, 0x00, 0x00, 0x1D,
  0x00, 0x00, 0x00, 0x18, 0x00, 0x00, 0x00, 0x18, 0x00, 0x00, 0x00, 0x1C, 0x00, 0x00, 0x00, 0x00,
  0x00, 0x00, 0x00, 0x00, 0x00, 0x00, 0x00, 0x39, 0x00, 0x00, 0x00, 0x1D, 0x00, 0x00, 0x00, 0x18,
  0x00, 0x00, 0x00, 0x18, 0x00, 0x00, 0x00, 0x1C, 0x00, 0x00, 0x00, 0x00, 0x00, 0x00, 0x00, 0x00,
  0x00, 0x00, 0x00, 0x00, 0x00, 0x00, 0x00, 0x00, 0xE8, 0xFF, 0xFF, 0xFF, 0xFF, 0xF4, 0x00, 0x00,
  0x00, 0x00, 0x00, 0x00, 0x00, 0x00, 0x00, 0x00, 0x00, 0x00, 0x00, 0x00, 0x00, 0x00, 0xE8, 0xFF,
  0xFF, 0xFF, 0xFF, 0xF4, 0x00, 0x00, 0x00, 0x00, 0x00, 0x00, 0x00, 0x00, 0x00, 0x00, 0x00, 0x00,
  0x00, 0x00, 0x00, 0x00, 0xE8, 0xFF, 0xFF, 0xFF, 0xFF, 0xF4, 0x00, 0x00, 0x00, 0x00, 0x00, 0x00,
  0x00, 0x00, 0x00, 0x00, 0x00, 0x00, 0x00, 0x00, 0x00, 0x00, 0xE8, 0xFF, 0xFF, 0xFF, 0xFF, 0xF4,
  0x00, 0x00, 0x00, 0x00, 0x00, 0x00, 0x00, 0x00, 0x00, 0x00, 0x00, 0x00, 0x00, 0x00, 0x00, 0x00,
  0xE8, 0xFF, 0xFF, 0xFF, 0xFF, 0xF4, 0x00, 0x00, 0x00, 0x00, 0x00, 0x00, 0x00, 0x00, 0x00, 0x00,
  0x00, 0x00, 0x00, 0x00, 0x00, 0x00, 0xE8, 0xFF, 0xFF, 0xFF, 0xFF, 0xF4, 0x00, 0x00, 0x00, 0x00,
  0x00, 0x00, 0x00, 0x00, 0x00, 0x00, 0x00, 0x00, 0x00, 0x00, 0x00, 0x00, 0xE8, 0xFF, 0xFF, 0xFF,
  0xFF, 0xF4, 0x00, 0x00, 0x00, 0x00, 0x00, 0x00, 0x00, 0x00, 0x00, 0xAC, 0xFF, 0xFF, 0xFF, 0xFF,
  0xFF, 0xFF, 0xFF, 0xFF, 0xFF, 0xFF, 0xFF, 0xFF, 0xFF, 0xFF, 0xFF, 0xFF, 0xFF, 0xFF, 0xB4, 0x00,
  0x00, 0xAC, 0xFF, 0xFF, 0xFF, 0xFF, 0xFF, 0xFF, 0xFF, 0xFF, 0xFF, 0xFF, 0xFF, 0xFF, 0xFF, 0xFF,
  0xFF, 0xFF, 0xFF, 0xFF, 0xB4, 0x00, 0x00, 0xAC, 0xFF, 0xFF, 0xFF, 0xFF, 0xFF, 0xFF, 0xFF, 0xFF,
  0xFF, 0xFF, 0xFF, 0xFF, 0xFF, 0xFF, 0xFF, 0xFF, 0xFF, 0xFF, 0xB4, 0x00, 0x00, 0xAC, 0xFF, 0xFF,
  0xFF, 0xFF, 0xFF, 0xFF, 0xFF, 0xFF, 0xFF, 0xFF, 0xFF, 0xFF, 0xFF, 0xFF, 0xFF, 0xFF, 0xFF, 0xFF,
  0xB4, 0x00, 0x00, 0xAC, 0xFF, 0xFF, 0xFF, 0xFF, 0xFF, 0xFF, 0xFF, 0xFF, 0xFF, 0xFF, 0xFF, 0xFF,
  0xFF, 0xFF, 0xFF, 0xFF, 0xFF, 0xFF, 0xB4, 0x00, 0x00, 0xAC, 0xFF, 0xFF, 0xFF, 0xFF, 0xFF, 0xFF,
  0xFF, 0xFF, 0xFF, 0xFF, 0xFF, 0xFF, 0xFF, 0xFF, 0xFF, 0xFF, 0xFF, 0xFF, 0xB4, 0x00, 0x00, 0x00,
  0x00, 0x00, 0x00, 0x00, 0x00, 0x00, 0xE8, 0xFF, 0xFF, 0xFF, 0xFF, 0xF4, 0x00, 0x00, 0x00, 0x00,
  0x00, 0x00, 0x00, 0x00, 0x00, 0x00, 0x00, 0x00, 0x00, 0x00, 0x00, 0x00, 0xE8, 0xFF, 0xFF, 0xFF,
  0xFF, 0xF4, 0x00, 0x00, 0x00, 0x00, 0x00, 0x00, 0x00, 0x00, 0x00, 0x00, 0x00, 0x00, 0x00, 0x00,
  0x00, 0x00, 0xE8, 0xFF, 0xFF, 0xFF, 0xFF, 0xF4, 0x00, 0x00, 0x00, 0x00, 0x00, 0x00, 0x00, 0x00,
  0x00, 0x00, 0x00, 0x00, 0x00, 0x00, 0x00, 0x00, 0xE8, 0xFF, 0xFF, 0xFF, 0xFF, 0xF4, 0x00, 0x00,
  0x00, 0x00, 0x00, 0x00, 0x00, 0x00, 0x00, 0x00, 0x00, 0x00, 0x00, 0x00, 0x00, 0x00, 0xE8, 0xFF,
  0xFF, 0xFF, 0xFF, 0xF4, 0x00, 0x00, 0x00, 0x00, 0x00, 0x00, 0x00, 0x00, 0x00, 0x00, 0x00, 0x00,
  0x00, 0x00, 0x00, 0x00, 0xE8, 0xFF, 0xFF, 0xFF, 0xFF, 0xF4, 0x00, 0x00, 0x00, 0x00, 0x00, 0x00,
  0x00, 0x00, 0x00, 0x00, 0x00, 0x00, 0x00, 0x00, 0x00, 0x00, 0xE8, 0xFF, 0xFF, 0xFF, 0xFF, 0xF4,
  0x00, 0x00, 0x00, 0x00, 0x00, 0x00, 0x00, 0x00, 0x00, 0x00, 0x00, 0x00, 0x00, 0x00, 0x00, 0x00,
  0x00, 0x00, 0x00, 0x00, 0x00, 0x00, 0x00, 0x00, 0x00, 0x00, 0x00, 0x00, 0x00, 0x00, 0x00, 0x00,
  0x00, 0x00, 0x00, 0x00, 0x00, 0x00, 0x00, 0x00, 0x00, 0x00, 0x00, 0x00, 0x00, 0x00, 0x00, 0x00,
  0x00, 0x00, 0x00, 0x00, 0x00, 0x00, 0x00, 0x00, 0x00, 0x00, 0x00, 0x00, 0x00, 0x00, 0x00, 0x00,
  0x00, 0x00, 0x00, 0x00, 0x00, 0x00, 0x00, 0x00, 0x00, 0x00, 0x00, 0x00, 0x00, 0x00, 0x00, 0x00,
  0x00, 0x00, 0x00, 0x00, 0x00, 0x00, 0x00, 0x00, 0x00, 0x00, 0x00, 0x00, 0x00, 0x00, 0x00, 0x00,
  0x0C, 0xFF, 0xFF, 0xFF, 0xFF, 0xFF, 0xFF, 0xFF, 0xFF, 0xFF, 0xFF, 0xFF, 0xFF, 0x7C, 0x0C, 0xFF,
  0xFF, 0xFF, 0xFF, 0xFF, 0xFF, 0xFF, 0xFF, 0xFF, 0xFF, 0xFF, 0xFF, 0x7C, 0x0C, 0xFF, 0xFF, 0xFF,
  0xFF, 0xFF, 0xFF, 0xFF, 0xFF, 0xFF, 0xFF, 0xFF, 0xFF, 0x7C, 0x0C, 0xFF, 0xFF, 0xFF, 0xFF, 0xFF,
  0xFF, 0xFF, 0xFF, 0xFF, 0xFF, 0xFF, 0xFF, 0x7C, 0x0C, 0xFF, 0xFF, 0xFF, 0xFF, 0xFF, 0xFF, 0xFF,
  0xFF, 0xFF, 0xFF, 0xFF, 0xFF, 0x7C, 0x0C, 0xFF, 0xFF, 0xFF, 0xFF, 0xFF, 0xFF, 0xFF, 0xFF, 0xFF,
  0xFF, 0xFF, 0xFF, 0x7C, 0x00, 0x00, 0x00, 0x00, 0x00, 0x00, 0x00, 0x00, 0x00, 0x00, 0x00, 0x00,
  0x00, 0x00, 0x00, 0x00, 0x00, 0x00, 0x00, 0x00, 0x00, 0x00, 0x00, 0x00, 0x00, 0x00, 0x00, 0x00,
  0x00, 0x00, 0x00, 0x00, 0x00, 0x00, 0x00, 0x00, 0x00, 0x00, 0x00, 0x00, 0x00, 0x00, 0x00, 0x00,
  0x00, 0x00, 0x00, 0x00, 0x00, 0x00, 0x00, 0x00, 0x00, 0x00, 0x00, 0x00, 0x00, 0x00, 0x00, 0x00,
  0x00, 0x00, 0x00, 0x00, 0x00, 0x00, 0x00, 0x00, 0x00, 0x00, 0x00, 0x00, 0x00, 0x00, 0x00, 0x00,
  0x00, 0x00, 0x00, 0x00, 0x00, 0x00, 0x00, 0x00, 0x00, 0x00, 0x00, 0x00, 0x00, 0x00, 0x00, 0x00,
  0x00, 0x00, 0x00, 0x00, 0x00, 0x00, 0x00, 0x00, 0x00, 0x00, 0x00, 0x00, 0x00, 0x00, 0x00, 0x00,
  0x00, 0x00, 0x00, 0x00, 0x00, 0x00, 0x00, 0x00, 0x26, 0x6F, 0x75, 0x34, 0x00, 0x00, 0x00, 0x00,
  0x00, 0x00, 0x00, 0x6D, 0xFC, 0xFF, 0xFF, 0xFF, 0x91, 0x00, 0x00, 0x00, 0x00, 0x00, 0x2E, 0xFE,
  0xFF, 0xFF, 0xFF, 0xFF, 0xFF, 0x54, 0x00, 0x00, 0x00, 0x00, 0x7A, 0xFF, 0xFF, 0xFF, 0xFF, 0xFF,
  0xFF, 0xA1, 0x00, 0x00, 0x00, 0x00, 0x7A, 0xFF, 0xFF, 0xFF, 0xFF, 0xFF, 0xFF, 0xA1, 0x00, 0x00,
  0x00, 0x00, 0x2E, 0xFE, 0xFF, 0xFF, 0xFF, 0xFF, 0xFF, 0x54, 0x00, 0x00, 0x00, 0x00, 0x00, 0x6E,
  0xFD, 0xFF, 0xFF, 0xFF, 0x92, 0x00, 0x00, 0x00, 0x00, 0x00, 0x00, 0x00, 0x27, 0x70, 0x75, 0x35,
  0x00, 0x00, 0x00, 0x00, 0x00, 0x00, 0x00, 0x00, 0x00, 0x00, 0x00, 0x00, 0x00, 0x24, 0x57, 0x72,
  0x7B, 0x6E, 0x4A, 0x14, 0x00, 0x00, 0x00, 0x00, 0x00, 0x00, 0x00, 0x00, 0x00, 0x00, 0x00, 0x00,
  0x00, 0x00, 0x00, 0x07, 0x6A, 0xD6, 0xFF, 0xFF, 0xFF, 0xFF, 0xFF, 0xFF, 0xFD, 0xBC, 0x47, 0x00,
  0x00, 0x00, 0x00, 0x00, 0x00, 0x00, 0x00, 0x00, 0x00, 0x00, 0x00, 0x2B, 0xD4, 0xFF, 0xFF, 0xFF,
  0xFF, 0xFF, 0xFF, 0xFF, 0xFF, 0xFF, 0xFF, 0xFF, 0xA9, 0x0B, 0x00, 0x00, 0x00, 0x00, 0x00, 0x00,
  0x00, 0x00, 0x00, 0x2E, 0xED, 0xFF, 0xFF, 0xFF, 0xFF, 0xFF, 0xFF, 0xFF, 0xFF, 0xFF, 0xFF, 0xFF,
  0xFF, 0xFF, 0xC5, 0x09, 0x00, 0x00, 0x00, 0x00, 0x00, 0x00, 0x00, 0x0E, 0xDD, 0xFF, 0xFF, 0xFF,
  0xFF, 0xFF, 0xFF, 0xFF, 0xFF, 0xFF, 0xFF, 0xFF, 0xFF, 0xFF, 0xFF, 0xFF, 0x9C, 0x00, 0x00, 0x00,
  0x00, 0x00, 0x00, 0x00, 0x8C, 0xFF, 0xFF, 0xFF, 0xFF, 0xFF, 0xFF, 0xFF, 0xFF, 0xFF, 0xFF, 0xFF,
  0xFF, 0xFF, 0xFF, 0xFF, 0xFF, 0xFF, 0x3C, 0x00, 0x00, 0x00, 0x00, 0x00, 0x12, 0xF8, 0xFF, 0xFF,
  0xFF, 0xFF, 0xFF, 0xFF, 0xFC, 0xAC, 0x8C, 0xC7, 0xFF, 0xFF, 0xFF, 0xFF, 0xFF, 0xFF, 0xFF, 0xBA,
  0x00, 0x00, 0x00, 0x00, 0x00, 0x6E, 0xFF, 0xFF, 0xFF, 0xFF, 0xFF, 0xFF, 0xF6, 0x3B, 0x00, 0x00,
  0x00, 0x7A, 0xFF, 0xFF, 0xFF, 0xFF, 0xFF, 0xFF, 0xFE, 0x1F, 0x00, 0x00, 0x00, 0x00, 0xB6, 0xFF,
  0xFF, 0xFF, 0xFF, 0xFF, 0xFF, 0x7F, 0x00, 0x00, 0x00, 0x00, 0x00, 0xC6, 0xFF, 0xFF, 0xFF, 0xFF,
  0xFF, 0xFF, 0x64, 0x00, 0x00, 0x00, 0x00, 0xEF, 0xFF, 0xFF, 0xFF, 0xFF, 0xFF, 0xFC, 0x15, 0x00,
  0x00, 0x00, 0x00, 0x00, 0x5B, 0xFF, 0xFF, 0xFF, 0xFF, 0xFF, 0xFF, 0x9F, 0x00, 0x00, 0x00, 0x15,
  0xFF, 0xFF, 0xFF, 0xFF, 0xFF, 0xFF, 0xCF, 0x00, 0x00, 0x00, 0x00, 0x00, 0x00, 0x1B, 0xFF, 0xFF,
  0xFF, 0xFF, 0xFF, 0xFF, 0xC4, 0x00, 0x00, 0x00, 0x33, 0xFF, 0xFF, 0xFF, 0xFF, 0xFF, 0xFF, 0xAA,
  0x00, 0x00, 0x00, 0x00, 0x00, 0x00, 0x00, 0xF5, 0xFF, 0xFF, 0xFF, 0xFF, 0xFF, 0xE2, 0x00, 0x00,
  0x00, 0x40, 0xFF, 0xFF, 0xFF, 0xFF, 0xFF, 0xFF, 0x95, 0x00, 0x00, 0x00, 0x00, 0x00, 0x00, 0x00,
  0xE2, 0xFF, 0xFF, 0xFF, 0xFF, 0xFF, 0xEF, 0x00, 0x00, 0x00, 0x49, 0xFF, 0xFF, 0xFF, 0xFF, 0xFF,
  0xFF, 0x8D, 0x00, 0x00, 0x00, 0x00, 0x00, 0x00, 0x00, 0xDA, 0xFF, 0xFF, 0xFF, 0xFF, 0xFF, 0xF9,
  0x00, 0x00, 0x00, 0x4B, 0xFF, 0xFF, 0xFF, 0xFF, 0xFF, 0xFF, 0x8C, 0x00, 0x00, 0x00, 0x00, 0x00,
  0x00, 0x00, 0xD9, 0xFF, 0xFF, 0xFF, 0xFF, 0xFF, 0xFA, 0x00, 0x00, 0x00, 0x43, 0xFF, 0xFF, 0xFF,
  0xFF, 0xFF, 0xFF, 0x91, 0x00, 0x00, 0x00, 0x00, 0x00, 0x00, 0x00, 0xDE, 0xFF, 0xFF, 0xFF, 0xFF,
  0xFF, 0xF2, 0x00, 0x00, 0x00, 0x3A, 0xFF, 0xFF, 0xFF, 0xFF, 0xFF, 0xFF, 0x9E, 0x00, 0x00, 0x00,
  0x00, 0x00, 0x00, 0x00, 0xEB, 0xFF, 0xFF, 0xFF, 0xFF, 0xFF, 0xE8, 0x00, 0x00, 0x00, 0x24, 0xFF,
  0xFF, 0xFF, 0xFF, 0xFF, 0xFF, 0xB6, 0x00, 0x00, 0x00, 0x00, 0x00, 0x00, 0x05, 0xFC, 0xFF, 0xFF,
  0xFF, 0xFF, 0xFF, 0xD2, 0x00, 0x00, 0x00, 0x06, 0xFD, 0xFF, 0xFF, 0xFF, 0xFF, 0xFF, 0xDF, 0x00,
  0x00, 0x00, 0x00, 0x00, 0x00, 0x2A, 0xFF, 0xFF, 0xFF, 0xFF, 0xFF, 0xFF, 0xB3, 0x00, 0x00, 0x00,
  0x00, 0xD9, 0xFF, 0xFF, 0xFF, 0xFF, 0xFF, 0xFF, 0x22, 0x00, 0x00, 0x00, 0x00, 0x00, 0x6A, 0xFF,
  0xFF, 0xFF, 0xFF, 0xFF, 0xFF, 0x88, 0x00, 0x00, 0x00, 0x00, 0x9E, 0xFF, 0xFF, 0xFF, 0xFF, 0xFF,
  0xFF, 0x88, 0x00, 0x00, 0x00, 0x00, 0x01, 0xCD, 0xFF, 0xFF, 0xFF, 0xFF, 0xFF, 0xFF, 0x4D, 0x00,
  0x00, 0x00, 0x00, 0x51, 0xFF, 0xFF, 0xFF, 0xFF, 0xFF, 0xFF, 0xF8, 0x3D, 0x00, 0x00, 0x00, 0x7D,
  0xFF, 0xFF, 0xFF, 0xFF, 0xFF, 0xFF, 0xF4, 0x0C, 0x00, 0x00, 0x00, 0x00, 0x06, 0xE9, 0xFF, 0xFF,
  0xFF, 0xFF, 0xFF, 0xFF, 0xFD, 0xAD, 0x8C, 0xCA, 0xFF, 0xFF, 0xFF, 0xFF, 0xFF, 0xFF, 0xFF, 0x9F,
  0x00, 0x00, 0x00, 0x00, 0x00, 0x00, 0x6F, 0xFF, 0xFF, 0xFF, 0xFF, 0xFF, 0xFF, 0xFF, 0xFF, 0xFF,
  0xFF, 0xFF, 0xFF, 0xFF, 0xFF, 0xFF, 0xFF, 0xFA, 0x24, 0x00, 0x00, 0x00, 0x00, 0x00, 0x00, 0x05,
  0xCB, 0xFF, 0xFF, 0xFF, 0xFF, 0xFF, 0xFF, 0xFF, 0xFF, 0xFF, 0xFF, 0xFF, 0xFF, 0xFF, 0xFF, 0xFF,
  0x82, 0x00, 0x00, 0x00, 0x00, 0x00, 0x00, 0x00, 0x00, 0x20, 0xE4, 0xFF, 0xFF, 0xFF, 0xFF, 0xFF,
  0xFF, 0xFF, 0xFF, 0xFF, 0xFF, 0xFF, 0xFF, 0xFF, 0xB4, 0x03, 0x00, 0x00, 0x00, 0x00, 0x00, 0x00,
  0x00, 0x00, 0x00, 0x22, 0xCC, 0xFF, 0xFF, 0xFF, 0xFF, 0xFF, 0xFF, 0xFF, 0xFF, 0xFF, 0xFF, 0xFF,
  0x9D, 0x06, 0x00, 0x00, 0x00, 0x00, 0x00, 0x00, 0x00, 0x00, 0x00, 0x00, 0x00, 0x04, 0x66, 0xD4,
  0xFF, 0xFF, 0xFF, 0xFF, 0xFF, 0xFF, 0xFC, 0xB9, 0x41, 0x00, 0x00, 0x00, 0x00, 0x00, 0x00, 0x00,
  0x00, 0x00, 0x00, 0x00, 0x00, 0x00, 0x00, 0x00, 0x00, 0x23, 0x57, 0x74, 0x7C, 0x6F, 0x4B, 0x13,
  0x00, 0x00, 0x00, 0x00, 0x00, 0x00, 0x00, 0x00, 0x00, 0x00, 0x00, 0x00, 0x00, 0x00, 0x00, 0x52,
  0xED, 0xFF, 0xFF, 0xFF, 0xFF, 0xFF, 0xFF, 0x40, 0x00, 0x00, 0x00, 0x00, 0x00, 0x00, 0x00, 0x00,
  0x00, 0x0B, 0x9B, 0xFF, 0xFF, 0xFF, 0xFF, 0xFF, 0xFF, 0xFF, 0xFF, 0x40, 0x00, 0x00, 0x00, 0x00,
  0x00, 0x00, 0x00, 0x00, 0x33, 0xD9, 0xFF, 0xFF, 0xFF, 0xFF, 0xFF, 0xFF, 0xFF, 0xFF, 0xFF, 0x40,
  0x00, 0x00, 0x00, 0x00, 0x00, 0x00, 0x02, 0x77, 0xFA, 0xFF, 0xFF, 0xFF, 0xFF, 0xFF, 0xFF, 0xFF,
  0xFF, 0xFF, 0xFF, 0x40, 0x00, 0x00, 0x00, 0x00, 0x00, 0x00, 0x72, 0xFF, 0xFF, 0xFF, 0xFF, 0xFF,
  0xFF, 0xFF, 0xFF, 0xFF, 0xFF, 0xFF, 0xFF, 0x40, 0x00, 0x00, 0x00, 0x00, 0x00, 0x00, 0x7C, 0xFF,
  0xFF, 0xFF, 0xFF, 0xFF, 0xFF, 0xFF, 0xFF, 0xFF, 0xFF, 0xFF, 0xFF, 0x40, 0x00, 0x00, 0x00, 0x00,
  0x00, 0x00, 0x7C, 0xFF, 0xFF, 0xFF, 0xFF, 0xFF, 0xFD, 0xFF, 0xFF, 0xFF, 0xFF, 0xFF, 0xFF, 0x40,
  0x00, 0x00, 0x00, 0x00, 0x00, 0x00, 0x7C, 0xFF, 0xFF, 0xFF, 0xFD, 0x88, 0x9D, 0xFF, 0xFF, 0xFF,
  0xFF, 0xFF, 0xFF, 0x40, 0x00, 0x00, 0x00, 0x00, 0x00, 0x00, 0x7C, 0xFF, 0xFF, 0xE2, 0x3F, 0x00,
  0x98, 0xFF, 0xFF, 0xFF, 0xFF, 0xFF, 0xFF, 0x40, 0x00, 0x00, 0x00, 0x00, 0x00, 0x00, 0x7C, 0xFF,
  0xA8, 0x10, 0x00, 0x00, 0x98, 0xFF, 0xFF, 0xFF, 0xFF, 0xFF, 0xFF, 0x40, 0x00, 0x00, 0x00, 0x00,
  0x00, 0x00, 0x6D, 0x5E, 0x00, 0x00, 0x00, 0x00, 0x98, 0xFF, 0xFF, 0xFF, 0xFF, 0xFF, 0xFF, 0x40,
  0x00, 0x00, 0x00, 0x00, 0x00, 0x00, 0x00, 0x00, 0x00, 0x00, 0x00, 0x00, 0x98, 0xFF, 0xFF, 0xFF,
  0xFF, 0xFF, 0xFF, 0x40, 0x00, 0x00, 0x00, 0x00, 0x00, 0x00, 0x00, 0x00, 0x00, 0x00, 0x00, 0x00,
  0x98, 0xFF, 0xFF, 0xFF, 0xFF, 0xFF, 0xFF, 0x40, 0x00, 0x00, 0x00, 0x00, 0x00, 0x00, 0x00, 0x00,
  0x00, 0x00, 0x00, 0x00, 0x98, 0xFF, 0xFF, 0xFF, 0xFF, 0xFF, 0xFF, 0x40, 0x00, 0x00, 0x00, 0x00,
  0x00, 0x00, 0x00, 0x00, 0x00, 0x00, 0x00, 0x00, 0x98, 0xFF, 0xFF, 0xFF, 0xFF, 0xFF, 0xFF, 0x40,
  0x00, 0x00, 0x00, 0x00, 0x00, 0x00, 0x00, 0x00, 0x00, 0x00, 0x00, 0x00, 0x98, 0xFF, 0xFF, 0xFF,
  0xFF, 0xFF, 0xFF, 0x40, 0x00, 0x00, 0x00, 0x00, 0x00, 0x00, 0x00, 0x00, 0x00, 0x00, 0x00, 0x00,
  0x98, 0xFF, 0xFF, 0xFF, 0xFF, 0xFF, 0xFF, 0x40, 0x00, 0x00, 0x00, 0x00, 0x00, 0x00, 0x00, 0x00,
  0x00, 0x00, 0x00, 0x00, 0x98, 0xFF, 0xFF, 0xFF, 0xFF, 0xFF, 0xFF, 0x40, 0x00, 0x00, 0x00, 0x00,
  0x00, 0x00, 0x00, 0x00, 0x00, 0x00, 0x00, 0x00, 0x98, 0xFF, 0xFF, 0xFF, 0xFF, 0xFF, 0xFF, 0x40,
  0x00, 0x00, 0x00, 0x00, 0x00, 0x00, 0x00, 0x00, 0x00, 0x00, 0x00, 0x00, 0x98, 0xFF, 0xFF, 0xFF,
  0xFF, 0xFF, 0xFF, 0x40, 0x00, 0x00, 0x00, 0x00, 0x00, 0x00, 0x00, 0x00, 0x00, 0x00, 0x00, 0x00,
  0x98, 0xFF, 0xFF, 0xFF, 0xFF, 0xFF, 0xFF, 0x40, 0x00, 0x00, 0x00, 0x00, 0x00, 0x00, 0x7C, 0xFF,
  0xFF, 0xFF, 0xFF, 0xFF, 0xFF, 0xFF, 0xFF, 0xFF, 0xFF, 0xFF, 0xFF, 0xFF, 0xFF, 0xFF, 0xFF, 0xFF,
  0x00, 0x00, 0x7C, 0xFF, 0xFF, 0xFF, 0xFF, 0xFF, 0xFF, 0xFF, 0xFF, 0xFF, 0xFF, 0xFF, 0xFF, 0xFF,
  0xFF, 0xFF, 0xFF, 0xFF, 0x00, 0x00, 0x7C, 0xFF, 0xFF, 0xFF, 0xFF, 0xFF, 0xFF, 0xFF, 0xFF, 0xFF,
  0xFF, 0xFF, 0xFF, 0xFF, 0xFF, 0xFF, 0xFF, 0xFF, 0x00, 0x00, 0x7C, 0xFF, 0xFF, 0xFF, 0xFF, 0xFF,
  0xFF, 0xFF, 0xFF, 0xFF, 0xFF, 0xFF, 0xFF, 0xFF, 0xFF, 0xFF, 0xFF, 0xFF, 0x00, 0x00, 0x7C, 0xFF,
  0xFF, 0xFF, 0xFF, 0xFF, 0xFF, 0xFF, 0xFF, 0xFF, 0xFF, 0xFF, 0xFF, 0xFF, 0xFF, 0xFF, 0xFF, 0xFF,
  0x00, 0x00, 0x7C, 0xFF, 0xFF, 0xFF, 0xFF, 0xFF, 0xFF, 0xFF, 0xFF, 0xFF, 0xFF, 0xFF, 0xFF, 0xFF,
  0xFF, 0xFF, 0xFF, 0xFF, 0x00, 0x00, 0x00, 0x00, 0x00, 0x00, 0x00, 0x00, 0x00, 0x21, 0x54, 0x69,
  0x7A, 0x73, 0x63, 0x41, 0x0B, 0x00, 0x00, 0x00, 0x00, 0x00, 0x00, 0x00, 0x00, 0x00, 0x00, 0x00,
  0x00, 0x11, 0x7D, 0xE3, 0xFF, 0xFF, 0xFF, 0xFF, 0xFF, 0xFF, 0xFF, 0xFC, 0xB5, 0x40, 0x00, 0x00,
  0x00, 0x00, 0x00, 0x00, 0x00, 0x00, 0x00, 0x43, 0xEC, 0xFF, 0xFF, 0xFF, 0xFF, 0xFF, 0xFF, 0xFF,
  0xFF, 0xFF, 0xFF, 0xFF, 0xFF, 0x91, 0x04, 0x00, 0x00, 0x00, 0x00, 0x00, 0x00, 0x4B, 0xFC, 0xFF,
  0xFF, 0xFF, 0xFF, 0xFF, 0xFF, 0xFF, 0xFF, 0xFF, 0xFF, 0xFF, 0xFF, 0xFF, 0xFF, 0x96, 0x00, 0x00,
  0x00, 0x00, 0x00, 0x1B, 0xED, 0xFF, 0xFF, 0xFF, 0xFF, 0xFF, 0xFF, 0xFF, 0xFF, 0xFF, 0xFF, 0xFF,
  0xFF, 0xFF, 0xFF, 0xFF, 0xFF, 0x4C, 0x00, 0x00, 0x00, 0x00, 0x92, 0xFF, 0xFF, 0xFF, 0xFF, 0xFF,
  0xFF, 0xFF, 0xFF, 0xFF, 0xFF, 0xFF, 0xFF, 0xFF, 0xFF, 0xFF, 0xFF, 0xFF, 0xCD, 0x00, 0x00, 0x00,
  0x0A, 0xF4, 0xFF, 0xFF, 0xFF, 0xFF, 0xFF, 0xFF, 0xFD, 0xB2, 0x87, 0x9A, 0xE6, 0xFF, 0xFF, 0xFF,
  0xFF, 0xFF, 0xFF, 0xFF, 0x1F, 0x00, 0x00, 0x43, 0xFF, 0xFF, 0xFF, 0xFF, 0xFF, 0xFF, 0xF9, 0x3E,
  0x00, 0x00, 0x00, 0x0D, 0xDB, 0xFF, 0xFF, 0xFF, 0xFF, 0xFF, 0xFF, 0x56, 0x00, 0x00, 0x7B, 0xFF,
  0xFF, 0xFF, 0xFF, 0xFF, 0xFF, 0x94, 0x00, 0x00, 0x00, 0x00, 0x00, 0x7C, 0xFF, 0xFF, 0xFF, 0xFF,
  0xFF, 0xFF, 0x6D, 0x00, 0x00, 0x94, 0xFF, 0xFF, 0xFF, 0xFF, 0xFF, 0xFF, 0x4C, 0x00, 0x00, 0x00,
  0x00, 0x00, 0x68, 0xFF, 0xFF, 0xFF, 0xFF, 0xFF, 0xFF, 0x6C, 0x00, 0x00, 0x95, 0xE8, 0xE8, 0xE8,
  0xE8, 0xE8, 0xE8, 0x2D, 0x00, 0x00, 0x00, 0x00, 0x00, 0x9C, 0xFF, 0xFF, 0xFF, 0xFF, 0xFF, 0xFF,
  0x4C, 0x00, 0x00, 0x00, 0x00, 0x00, 0x00, 0x00, 0x00, 0x00, 0x00, 0x00, 0x00, 0x00, 0x00, 0x21,
  0xF6, 0xFF, 0xFF, 0xFF, 0xFF, 0xFF, 0xF8, 0x0F, 0x00, 0x00, 0x00, 0x00, 0x00, 0x00, 0x00, 0x00,
  0x00, 0x00, 0x00, 0x00, 0x00, 0x0C, 0xCD, 0xFF, 0xFF, 0xFF, 0xFF, 0xFF, 0xFF, 0x9C, 0x00, 0x00,
  0x00, 0x00, 0x00, 0x00, 0x00, 0x00, 0x00, 0x00, 0x00, 0x00, 0x00, 0x0E, 0xC3, 0xFF, 0xFF, 0xFF,
  0xFF, 0xFF, 0xFF, 0xED, 0x18, 0x00, 0x00, 0x00, 0x00, 0x00, 0x00, 0x00, 0x00, 0x00, 0x00, 0x00,
  0x00, 0x19, 0xCF, 0xFF, 0xFF, 0xFF, 0xFF, 0xFF, 0xFF, 0xFA, 0x45, 0x00, 0x00, 0x00, 0x00, 0x00,
  0x00, 0x00, 0x00, 0x00, 0x00, 0x00, 0x00, 0x32, 0xE4, 0xFF, 0xFF, 0xFF, 0xFF, 0xFF, 0xFF, 0xFE,
  0x5C, 0x00, 0x00, 0x00, 0x00, 0x00, 0x00, 0x00, 0x00, 0x00, 0x00, 0x00, 0x00, 0x57, 0xF6, 0xFF,
  0xFF, 0xFF, 0xFF, 0xFF, 0xFF, 0xFC, 0x69, 0x00, 0x00, 0x00, 0x00, 0x00, 0x00, 0x00, 0x00, 0x00,
  0x00, 0x00, 0x02, 0x85, 0xFF, 0xFF, 0xFF, 0xFF, 0xFF, 0xFF, 0xFF, 0xF4, 0x4C, 0x00, 0x00, 0x00,
  0x00, 0x00, 0x00, 0x00, 0x00, 0x00, 0x00, 0x00, 0x0D, 0xB2, 0xFF, 0xFF, 0xFF, 0xFF, 0xFF, 0xFF,
  0xFF, 0xE1, 0x31, 0x00, 0x00, 0x00, 0x00, 0x00, 0x00, 0x00, 0x00, 0x00, 0x00, 0x00, 0x23, 0xD5,
  0xFF, 0xFF, 0xFF, 0xFF, 0xFF, 0xFF, 0xFF, 0xB4, 0x12, 0x00, 0x00, 0x00, 0x00, 0x00, 0x00, 0x00,
  0x00, 0x00, 0x00, 0x00, 0x44, 0xEE, 0xFF, 0xFF, 0xFF, 0xFF, 0xFF, 0xFF, 0xFC, 0x78, 0x01, 0x00,
  0x00, 0x00, 0x00, 0x00, 0x00, 0x00, 0x00, 0x00, 0x00, 0x00, 0x6F, 0xFC, 0xFF, 0xFF, 0xFF, 0xFF,
  0xFF, 0xFF, 0xE6, 0x3E, 0x00, 0x00, 0x00, 0x00, 0x00, 0x00, 0x00, 0x00, 0x00, 0x00, 0x00, 0x02,
  0x9E, 0xFF, 0xFF, 0xFF, 0xFF, 0xFF, 0xFF, 0xFF, 0xFF, 0xFF, 0xFF, 0xFF, 0xFF, 0xFF, 0xFF, 0xFF,
  0xFF, 0xFF, 0xFF, 0xFF, 0xD8, 0x00, 0x0C, 0xFF, 0xFF, 0xFF, 0xFF, 0xFF, 0xFF, 0xFF, 0xFF, 0xFF,
  0xFF, 0xFF, 0xFF, 0xFF, 0xFF, 0xFF, 0xFF, 0xFF, 0xFF, 0xFF, 0xFF, 0xD8, 0x00, 0x0C, 0xFF, 0xFF,
  0xFF, 0xFF, 0xFF, 0xFF, 0xFF, 0xFF, 0xFF, 0xFF, 0xFF, 0xFF, 0xFF, 0xFF, 0xFF, 0xFF, 0xFF, 0xFF,
  0xFF, 0xFF, 0xD8, 0x00, 0x0C, 0xFF, 0xFF, 0xFF, 0xFF, 0xFF, 0xFF, 0xFF, 0xFF, 0xFF, 0xFF, 0xFF,
  0xFF, 0xFF, 0xFF, 0xFF, 0xFF, 0xFF, 0xFF, 0xFF, 0xFF, 0xD8, 0x00, 0x0C, 0xFF, 0xFF, 0xFF, 0xFF,
  0xFF, 0xFF, 0xFF, 0xFF, 0xFF, 0xFF, 0xFF, 0xFF, 0xFF, 0xFF, 0xFF, 0xFF, 0xFF, 0xFF, 0xFF, 0xFF,
  0xD8, 0x00, 0x0C, 0xFF, 0xFF, 0xFF, 0xFF, 0xFF, 0xFF, 0xFF, 0xFF, 0xFF, 0xFF, 0xFF, 0xFF, 0xFF,
  0xFF, 0xFF, 0xFF, 0xFF, 0xFF, 0xFF, 0xFF, 0xD8, 0x00, 0x00, 0x00, 0x00, 0x00, 0x00, 0x00, 0x00,
  0x01, 0x2D, 0x5C, 0x6F, 0x7B, 0x6E, 0x5C, 0x2F, 0x04, 0x00, 0x00, 0x00, 0x00, 0x00, 0x00, 0x00,
  0x00, 0x00, 0x00, 0x00, 0x00, 0x19, 0x8A, 0xED, 0xFF, 0xFF, 0xFF, 0xFF, 0xFF, 0xFF, 0xFF, 0xF2,
  0x98, 0x28, 0x00, 0x00, 0x00, 0x00, 0x00, 0x00, 0x00, 0x00, 0x00, 0x4D, 0xEF, 0xFF, 0xFF, 0xFF,
  0xFF, 0xFF, 0xFF, 0xFF, 0xFF, 0xFF, 0xFF, 0xFF, 0xF8, 0x76, 0x00, 0x00, 0x00, 0x00, 0x00, 0x00,
  0x00, 0x4F, 0xFE, 0xFF, 0xFF, 0xFF, 0xFF, 0xFF, 0xFF, 0xFF, 0xFF, 0xFF, 0xFF, 0xFF, 0xFF, 0xFF,
  0xFF, 0x86, 0x00, 0x00, 0x00, 0x00, 0x00, 0x1C, 0xF2, 0xFF, 0xFF, 0xFF, 0xFF, 0xFF, 0xFF, 0xFF,
  0xFF, 0xFF, 0xFF, 0xFF, 0xFF, 0xFF, 0xFF, 0xFF, 0xFF, 0x42, 0x00, 0x00, 0x00, 0x00, 0x94, 0xFF,
  0xFF, 0xFF, 0xFF, 0xFF, 0xFF, 0xFF, 0xFF, 0xFF, 0xFF, 0xFF, 0xFF, 0xFF, 0xFF, 0xFF, 0xFF, 0xFF,
  0xC2, 0x00, 0x00, 0x00, 0x04, 0xF2, 0xFF, 0xFF, 0xFF, 0xFF, 0xFF, 0xFF, 0xFA, 0xAE, 0x8A, 0xA4,
  0xF7, 0xFF, 0xFF, 0xFF, 0xFF, 0xFF, 0xFF, 0xFD, 0x14, 0x00, 0x00, 0x38, 0xFF, 0xFF, 0xFF, 0xFF,
  0xFF, 0xFF, 0xF9, 0x33, 0x00, 0x00, 0x00, 0x2B, 0xF6, 0xFF, 0xFF, 0xFF, 0xFF, 0xFF, 0xFF, 0x35,
  0x00, 0x00, 0x5F, 0xFF, 0xFF, 0xFF, 0xFF, 0xFF, 0xFF, 0x9B, 0x00, 0x00, 0x00, 0x00, 0x00, 0xAC,
  0xFF, 0xFF, 0xFF, 0xFF, 0xFF, 0xFF, 0x41, 0x00, 0x00, 0x72, 0xFF, 0xFF, 0xFF, 0xFF, 0xFF, 0xFF,
  0x6D, 0x00, 0x00, 0x00, 0x00, 0x00, 0x9E, 0xFF, 0xFF, 0xFF, 0xFF, 0xFF, 0xFF, 0x26, 0x00, 0x00,
  0x03, 0x08, 0x08, 0x08, 0x08, 0x08, 0x08, 0x02, 0x00, 0x00, 0x00, 0x00, 0x03, 0xD7, 0xFF, 0xFF,
  0xFF, 0xFF, 0xFF, 0xE1, 0x01, 0x00, 0x00, 0x00, 0x00, 0x00, 0x00, 0x00, 0x00, 0x00, 0x00, 0x00,
  0x00, 0x05, 0x28, 0xA5, 0xFF, 0xFF, 0xFF, 0xFF, 0xFF, 0xFF, 0x69, 0x00, 0x00, 0x00, 0x00, 0x00,
  0x00, 0x00, 0x00, 0x00, 0x00, 0x00, 0xD8, 0xFF, 0xFF, 0xFF, 0xFF, 0xFF, 0xFF, 0xFF, 0xFF, 0xFF,
  0x97, 0x01, 0x00, 0x00, 0x00, 0x00, 0x00, 0x00, 0x00, 0x00, 0x00, 0x00, 0x00, 0xD8, 0xFF, 0xFF,
  0xFF, 0xFF, 0xFF, 0xFF, 0xFF, 0xEC, 0x73, 0x00, 0x00, 0x00, 0x00, 0x00, 0x00, 0x00, 0x00, 0x00,
  0x00, 0x00, 0x00, 0x00, 0xD8, 0xFF, 0xFF, 0xFF, 0xFF, 0xFF, 0xFF, 0xFB, 0x7E, 0x12, 0x00, 0x00,
  0x00, 0x00, 0x00, 0x00, 0x00, 0x00, 0x00, 0x00, 0x00, 0x00, 0x00, 0xD8, 0xFF, 0xFF, 0xFF, 0xFF,
  0xFF, 0xFF, 0xFF, 0xFF, 0xF2, 0x60, 0x00, 0x00, 0x00, 0x00, 0x00, 0x00, 0x00, 0x00, 0x00, 0x00,
  0x00, 0x00, 0xCA, 0xF0, 0xF5, 0xFF, 0xFF, 0xFF, 0xFF, 0xFF, 0xFF, 0xFF, 0xFF, 0x63, 0x00, 0x00,
  0x00, 0x00, 0x00, 0x00, 0x00, 0x00, 0x00, 0x00, 0x00, 0x00, 0x00, 0x00, 0x10, 0x67, 0xF5, 0xFF,
  0xFF, 0xFF, 0xFF, 0xFF, 0xF3, 0x11, 0x00, 0x00, 0x00, 0x00, 0x00, 0x00, 0x00, 0x00, 0x00, 0x00,
  0x00, 0x00, 0x00, 0x00, 0x00, 0x77, 0xFF, 0xFF, 0xFF, 0xFF, 0xFF, 0xFF, 0x63, 0x00, 0x00, 0xD2,
  0xFC, 0xFC, 0xFC, 0xFC, 0xFC, 0xFB, 0x0D, 0x00, 0x00, 0x00, 0x00, 0x00, 0x3C, 0xFF, 0xFF, 0xFF,
  0xFF, 0xFF, 0xFF, 0x94, 0x00, 0x00, 0xC1, 0xFF, 0xFF, 0xFF, 0xFF, 0xFF, 0xFF, 0x3C, 0x00, 0x00,
  0x00, 0x00, 0x00, 0x53, 0xFF, 0xFF, 0xFF, 0xFF, 0xFF, 0xFF, 0xA3, 0x00, 0x00, 0x95, 0xFF, 0xFF,
  0xFF, 0xFF, 0xFF, 0xFF, 0xC4, 0x09, 0x00, 0x00, 0x00, 0x0B, 0xCA, 0xFF, 0xFF, 0xFF, 0xFF, 0xFF,
  0xFF, 0x94, 0x00, 0x00, 0x4E, 0xFF, 0xFF, 0xFF, 0xFF, 0xFF, 0xFF, 0xFF, 0xE4, 0x9A, 0x85, 0x9D,
  0xE7, 0xFF, 0xFF, 0xFF, 0xFF, 0xFF, 0xFF, 0xFF, 0x62, 0x00, 0x00, 0x04, 0xE2, 0xFF, 0xFF, 0xFF,
  0xFF, 0xFF, 0xFF, 0xFF, 0xFF, 0xFF, 0xFF, 0xFF, 0xFF, 0xFF, 0xFF, 0xFF, 0xFF, 0xFF, 0xF6, 0x12,
  0x00, 0x00, 0x00, 0x58, 0xFF, 0xFF, 0xFF, 0xFF, 0xFF, 0xFF, 0xFF, 0xFF, 0xFF, 0xFF, 0xFF, 0xFF,
  0xFF, 0xFF, 0xFF, 0xFF, 0xFF, 0x7E, 0x00, 0x00, 0x00, 0x00, 0x00, 0x90, 0xFF, 0xFF, 0xFF, 0xFF,
  0xFF, 0xFF, 0xFF, 0xFF, 0xFF, 0xFF, 0xFF, 0xFF, 0xFF, 0xFF, 0xFF, 0xB0, 0x03, 0x00, 0x00, 0x00,
  0x00, 0x00, 0x00, 0x79, 0xFA, 0xFF, 0xFF, 0xFF, 0xFF, 0xFF, 0xFF, 0xFF, 0xFF, 0xFF, 0xFF, 0xFF,
  0xFD, 0x8A, 0x04, 0x00, 0x00, 0x00, 0x00, 0x00, 0x00, 0x00, 0x00, 0x29, 0xA0, 0xF3, 0xFF, 0xFF,
  0xFF, 0xFF, 0xFF, 0xFF, 0xFF, 0xF0, 0x9C, 0x29, 0x00, 0x00, 0x00, 0x00, 0x00, 0x00, 0x00, 0x00,
  0x00, 0x00, 0x00, 0x00, 0x06, 0x39, 0x61, 0x76, 0x7D, 0x74, 0x5C, 0x33, 0x03, 0x00, 0x00, 0x00,
  0x00, 0x00, 0x00, 0x00, 0x00, 0x00, 0x00, 0x00, 0x00, 0x00, 0x00, 0x00, 0x00, 0x00, 0x00, 0x00,
  0x3C, 0xFC, 0xFF, 0xFF, 0xFF, 0xFF, 0xFF, 0x88, 0x00, 0x00, 0x00, 0x00, 0x00, 0x00, 0x00, 0x00,
  0x00, 0x00, 0x00, 0x00, 0x00, 0x00, 0x00, 0x10, 0xE1, 0xFF, 0xFF, 0xFF, 0xFF, 0xFF, 0xFF, 0x88,
  0x00, 0x00, 0x00, 0x00, 0x00, 0x00, 0x00, 0x00, 0x00, 0x00, 0x00, 0x00, 0x00, 0x00, 0x00, 0xAB,
  0xFF, 0xFF, 0xFF, 0xFF, 0xFF, 0xFF, 0xFF, 0x88, 0x00, 0x00, 0x00, 0x00, 0x00, 0x00, 0x00, 0x00,
  0x00, 0x00, 0x00, 0x00, 0x00, 0x00, 0x65, 0xFF, 0xFF, 0xFF, 0xFF, 0xFF, 0xFF, 0xFF, 0xFF, 0x88,
  0x00, 0x00, 0x00, 0x00, 0x00, 0x00, 0x00, 0x00, 0x00, 0x00, 0x00, 0x00, 0x00, 0x28, 0xF5, 0xFF,
  0xFF, 0xFF, 0xFF, 0xFF, 0xFF, 0xFF, 0xFF, 0x88, 0x00, 0x00, 0x00, 0x00, 0x00, 0x00, 0x00, 0x00,
  0x00, 0x00, 0x00, 0x00, 0x07, 0xCF, 0xFF, 0xFF, 0xFF, 0xFF, 0xFF, 0xFF, 0xFF, 0xFF, 0xFF, 0x88,
  0x00, 0x00, 0x00, 0x00, 0x00, 0x00, 0x00, 0x00, 0x00, 0x00, 0x00, 0x00, 0x91, 0xFF, 0xFF, 0xFF,
  0xFF, 0xFF, 0xFF, 0xFF, 0xFF, 0xFF, 0xFF, 0x88, 0x00, 0x00, 0x00, 0x00, 0x00, 0x00, 0x00, 0x00,
  0x00, 0x00, 0x00, 0x4B, 0xFF, 0xFF, 0xFF, 0xFF, 0xFA, 0xFF, 0xFF, 0xFF, 0xFF, 0xFF, 0xFF, 0x88,
  0x00, 0x00, 0x00, 0x00, 0x00, 0x00, 0x00, 0x00, 0x00, 0x00, 0x18, 0xEA, 0xFF, 0xFF, 0xFF, 0xF9,
  0x7F, 0xFF, 0xFF, 0xFF, 0xFF, 0xFF, 0xFF, 0x88, 0x00, 0x00, 0x00, 0x00, 0x00, 0x00, 0x00, 0x00,
  0x00, 0x01, 0xBA, 0xFF, 0xFF, 0xFF, 0xFF, 0x74, 0x50, 0xFF, 0xFF, 0xFF, 0xFF, 0xFF, 0xFF, 0x88,
  0x00, 0x00, 0x00, 0x00, 0x00, 0x00, 0x00, 0x00, 0x00, 0x76, 0xFF, 0xFF, 0xFF, 0xFF, 0xBE, 0x01,
  0x50, 0xFF, 0xFF, 0xFF, 0xFF, 0xFF, 0xFF, 0x88, 0x00, 0x00, 0x00, 0x00, 0x00, 0x00, 0x00, 0x00,
  0x34, 0xFA, 0xFF, 0xFF, 0xFF, 0xEE, 0x1C, 0x00, 0x50, 0xFF, 0xFF, 0xFF, 0xFF, 0xFF, 0xFF, 0x88,
  0x00, 0x00, 0x00, 0x00, 0x00, 0x00, 0x00, 0x0C, 0xDB, 0xFF, 0xFF, 0xFF, 0xFF, 0x57, 0x00, 0x00,
  0x50, 0xFF, 0xFF, 0xFF, 0xFF, 0xFF, 0xFF, 0x88, 0x00, 0x00, 0x00, 0x00, 0x00, 0x00, 0x00, 0xA2,
  0xFF, 0xFF, 0xFF, 0xFF, 0xA2, 0x00, 0x00, 0x00, 0x50, 0xFF, 0xFF, 0xFF, 0xFF, 0xFF, 0xFF, 0x88,
  0x00, 0x00, 0x00, 0x00, 0x00, 0x00, 0x5B, 0xFF, 0xFF, 0xFF, 0xFF, 0xDF, 0x0E, 0x00, 0x00, 0x00,
  0x50, 0xFF, 0xFF, 0xFF, 0xFF, 0xFF, 0xFF, 0x88, 0x00, 0x00, 0x00, 0x00, 0x00, 0x22, 0xF1, 0xFF,
  0xFF, 0xFF, 0xFD, 0x3C, 0x00, 0x00, 0x00, 0x00, 0x50, 0xFF, 0xFF, 0xFF, 0xFF, 0xFF, 0xFF, 0x88,
  0x00, 0x00, 0x00, 0x00, 0x04, 0xC9, 0xFF, 0xFF, 0xFF, 0xFF, 0xFF, 0xFF, 0xFF, 0xFF, 0xFF, 0xFF,
  0xFF, 0xFF, 0xFF, 0xFF, 0xFF, 0xFF, 0xFF, 0xFF, 0xFF, 0xFF, 0x6C, 0x00, 0x3B, 0xFF, 0xFF, 0xFF,
  0xFF, 0xFF, 0xFF, 0xFF, 0xFF, 0xFF, 0xFF, 0xFF, 0xFF, 0xFF, 0xFF, 0xFF, 0xFF, 0xFF, 0xFF, 0xFF,
  0xFF, 0xFF, 0x6C, 0x00, 0x3C, 0xFF, 0xFF, 0xFF, 0xFF, 0xFF, 0xFF, 0xFF, 0xFF, 0xFF, 0xFF, 0xFF,
  0xFF, 0xFF, 0xFF, 0xFF, 0xFF, 0xFF, 0xFF, 0xFF, 0xFF, 0xFF, 0x6C, 0x00, 0x3C, 0xFF, 0xFF, 0xFF,
  0xFF, 0xFF, 0xFF, 0xFF, 0xFF, 0xFF, 0xFF, 0xFF, 0xFF, 0xFF, 0xFF, 0xFF, 0xFF, 0xFF, 0xFF, 0xFF,
  0xFF, 0xFF, 0x6C, 0x00, 0x3C, 0xFF, 0xFF, 0xFF, 0xFF, 0xFF, 0xFF, 0xFF, 0xFF, 0xFF, 0xFF, 0xFF,
  0xFF, 0xFF, 0xFF, 0xFF, 0xFF, 0xFF, 0xFF, 0xFF, 0xFF, 0xFF, 0x6C, 0x00, 0x3C, 0xFF, 0xFF, 0xFF,
  0xFF, 0xFF, 0xFF, 0xFF, 0xFF, 0xFF, 0xFF, 0xFF, 0xFF, 0xFF, 0xFF, 0xFF, 0xFF, 0xFF, 0xFF, 0xFF,
  0xFF, 0xFF, 0x6C, 0x00, 0x00, 0x00, 0x00, 0x00, 0x00, 0x00, 0x00, 0x00, 0x00, 0x00, 0x00, 0x00,
  0x50, 0xFF, 0xFF, 0xFF, 0xFF, 0xFF, 0xFF, 0x88, 0x00, 0x00, 0x00, 0x00, 0x00, 0x00, 0x00, 0x00,
  0x00, 0x00, 0x00, 0x00, 0x00, 0x00, 0x00, 0x00, 0x50, 0xFF, 0xFF, 0xFF, 0xFF, 0xFF, 0xFF, 0x88,
  0x00, 0x00, 0x00, 0x00, 0x00, 0x00, 0x00, 0x00, 0x00, 0x00, 0x00, 0x00, 0x00, 0x00, 0x00, 0x00,
  0x50, 0xFF, 0xFF, 0xFF, 0xFF, 0xFF, 0xFF, 0x88, 0x00, 0x00, 0x00, 0x00, 0x00, 0x00, 0x00, 0x00,
  0x00, 0x00, 0x00, 0x00, 0x00, 0x00, 0x00, 0x00, 0x50, 0xFF, 0xFF, 0xFF, 0xFF, 0xFF, 0xFF, 0x88,
  0x00, 0x00, 0x00, 0x00, 0x00, 0x00, 0x00, 0x00, 0x00, 0x00, 0x00, 0x00, 0x00, 0x00, 0x00, 0x00,
  0x50, 0xFF, 0xFF, 0xFF, 0xFF, 0xFF, 0xFF, 0x88, 0x00, 0x00, 0x00, 0x00, 0x00, 0x00, 0xB8, 0xFF,
  0xFF, 0xFF, 0xFF, 0xFF, 0xFF, 0xFF, 0xFF, 0xFF, 0xFF, 0xFF, 0xFF, 0xFF, 0xFF, 0xFF, 0xFF, 0xFF,
  0x60, 0x00, 0x00, 0x00, 0x00, 0xB8, 0xFF, 0xFF, 0xFF, 0xFF, 0xFF, 0xFF, 0xFF, 0xFF, 0xFF, 0xFF,
  0xFF, 0xFF, 0xFF, 0xFF, 0xFF, 0xFF, 0xFF, 0x60, 0x00, 0x00, 0x00, 0x00, 0xB8, 0xFF, 0xFF, 0xFF,
  0xFF, 0xFF, 0xFF, 0xFF, 0xFF, 0xFF, 0xFF, 0xFF, 0xFF, 0xFF, 0xFF, 0xFF, 0xFF, 0xFF, 0x60, 0x00,
  0x00, 0x00, 0x00, 0xB8, 0xFF, 0xFF, 0xFF, 0xFF, 0xFF, 0xFF, 0xFF, 0xFF, 0xFF, 0xFF, 0xFF, 0xFF,
  0xFF, 0xFF, 0xFF, 0xFF, 0xFF, 0x60, 0x00, 0x00, 0x00, 0x00, 0xB8, 0xFF, 0xFF, 0xFF, 0xFF, 0xFF,
  0xFF, 0xFF, 0xFF, 0xFF, 0xFF, 0xFF, 0xFF, 0xFF, 0xFF, 0xFF, 0xFF, 0xFF, 0x60, 0x00, 0x00, 0x00,
  0x00, 0xB8, 0xFF, 0xFF, 0xFF, 0xFF, 0xFF, 0xFF, 0xFF, 0xFF, 0xFF, 0xFF, 0xFF, 0xFF, 0xFF, 0xFF,
  0xFF, 0xFF, 0xFF, 0x60, 0x00, 0x00, 0x00, 0x00, 0xB8, 0xFF, 0xFF, 0xFF, 0xFF, 0xFF, 0xDC, 0x00,
  0x00, 0x00, 0x00, 0x00, 0x00, 0x00, 0x00, 0x00, 0x00, 0x00, 0x00, 0x00, 0x00, 0x00, 0x00, 0xB8,
  0xFF, 0xFF, 0xFF, 0xFF, 0xFF, 0xDC, 0x00, 0x00, 0x00, 0x00, 0x00, 0x00, 0x00, 0x00, 0x00, 0x00,
  0x00, 0x00, 0x00, 0x00, 0x00, 0x00, 0xB8, 0xFF, 0xFF, 0xFF, 0xFF, 0xFF, 0xDC, 0x26, 0x93, 0xD5,
  0xF4, 0xF8, 0xE4, 0xB9, 0x70, 0x0E, 0x00, 0x00, 0x00, 0x00, 0x00, 0x00, 0x00, 0xB8, 0xFF, 0xFF,
  0xFF, 0xFF, 0xFF, 0xF6, 0xF7, 0xFF, 0xFF, 0xFF, 0xFF, 0xFF, 0xFF, 0xFF, 0xED, 0x5D, 0x00, 0x00,
  0x00, 0x00, 0x00, 0x00, 0xB8, 0xFF, 0xFF, 0xFF, 0xFF, 0xFF, 0xFF, 0xFF, 0xFF, 0xFF, 0xFF, 0xFF,
  0xFF, 0xFF, 0xFF, 0xFF, 0xFF, 0x7C, 0x00, 0x00, 0x00, 0x00, 0x00, 0xB8, 0xFF, 0xFF, 0xFF, 0xFF,
  0xFF, 0xFF, 0xFF, 0xFF, 0xFF, 0xFF, 0xFF, 0xFF, 0xFF, 0xFF, 0xFF, 0xFF, 0xFE, 0x4A, 0x00, 0x00,
  0x00, 0x00, 0xB8, 0xFF, 0xFF, 0xFF, 0xFF, 0xFF, 0xFF, 0xFF, 0xFF, 0xFF, 0xFF, 0xFF, 0xFF, 0xFF,
  0xFF, 0xFF, 0xFF, 0xFF, 0xD4, 0x01, 0x00, 0x00, 0x00, 0xB8, 0xFF, 0xFF, 0xFF, 0xFF, 0xFF, 0xFF,
  0xFF, 0xFF, 0xFF, 0xFF, 0xFF, 0xFF, 0xFF, 0xFF, 0xFF, 0xFF, 0xFF, 0xFF, 0x40, 0x00, 0x00, 0x00,
  0xB8, 0xFF, 0xFF, 0xFF, 0xFF, 0xFF, 0xFF, 0xA2, 0x2C, 0x08, 0x28, 0x99, 0xFF, 0xFF, 0xFF, 0xFF,
  0xFF, 0xFF, 0xFF, 0x7F, 0x00, 0x00, 0x00, 0x75, 0xA4, 0xA4, 0xA4, 0xA4, 0xA4, 0x79, 0x00, 0x00,
  0x00, 0x00, 0x00, 0x9C, 0xFF, 0xFF, 0xFF, 0xFF, 0xFF, 0xFF, 0xB1, 0x00, 0x00, 0x00, 0x00, 0x00,
  0x00, 0x00, 0x00, 0x00, 0x00, 0x00, 0x00, 0x00, 0x00, 0x00, 0x3B, 0xFF, 0xFF, 0xFF, 0xFF, 0xFF,
  0xFF, 0xC4, 0x00, 0x00, 0x00, 0x00, 0x00, 0x00, 0x00, 0x00, 0x00, 0x00, 0x00, 0x00, 0x00, 0x00,
  0x00, 0x18, 0xFF, 0xFF, 0xFF, 0xFF, 0xFF, 0xFF, 0xD3, 0x00, 0x00, 0x00, 0x00, 0x00, 0x00, 0x00,
  0x00, 0x00, 0x00, 0x00, 0x00, 0x00, 0x00, 0x00, 0x1B, 0xFF, 0xFF, 0xFF, 0xFF, 0xFF, 0xFF, 0xCB,
  0x00, 0x00, 0x3A, 0xFC, 0xFC, 0xFC, 0xFC, 0xFC, 0xFC, 0x69, 0x00, 0x00, 0x00, 0x00, 0x00, 0x35,
  0xFF, 0xFF, 0xFF, 0xFF, 0xFF, 0xFF, 0xAF, 0x00, 0x00, 0x18, 0xFF, 0xFF, 0xFF, 0xFF, 0xFF, 0xFF,
  0xA9, 0x00, 0x00, 0x00, 0x00, 0x00, 0x7A, 0xFF, 0xFF, 0xFF, 0xFF, 0xFF, 0xFF, 0x7C, 0x00, 0x00,
  0x00, 0xE2, 0xFF, 0xFF, 0xFF, 0xFF, 0xFF, 0xFE, 0x48, 0x00, 0x00, 0x00, 0x15, 0xE4, 0xFF, 0xFF,
  0xFF, 0xFF, 0xFF, 0xFF, 0x2D, 0x00, 0x00, 0x00, 0x87, 0xFF, 0xFF, 0xFF, 0xFF, 0xFF, 0xFF, 0xFD,
  0xA9, 0x79, 0x8D, 0xE7, 0xFF, 0xFF, 0xFF, 0xFF, 0xFF, 0xFF, 0xBE, 0x00, 0x00, 0x00, 0x00, 0x20,
  0xF7, 0xFF, 0xFF, 0xFF, 0xFF, 0xFF, 0xFF, 0xFF, 0xFF, 0xFF, 0xFF, 0xFF, 0xFF, 0xFF, 0xFF, 0xFF,
  0xFA, 0x2D, 0x00, 0x00, 0x00, 0x00, 0x00, 0x68, 0xFF, 0xFF, 0xFF, 0xFF, 0xFF, 0xFF, 0xFF, 0xFF,
  0xFF, 0xFF, 0xFF, 0xFF, 0xFF, 0xFF, 0xFE, 0x5D, 0x00, 0x00, 0x00, 0x00, 0x00, 0x00, 0x00, 0x68,
  0xF8, 0xFF, 0xFF, 0xFF, 0xFF, 0xFF, 0xFF, 0xFF, 0xFF, 0xFF, 0xFF, 0xFF, 0xEE, 0x51, 0x00, 0x00,
  0x00, 0x00, 0x00, 0x00, 0x00, 0x00, 0x00, 0x25, 0xA0, 0xF4, 0xFF, 0xFF, 0xFF, 0xFF, 0xFF, 0xFF,
  0xFF, 0xE9, 0x8A, 0x15, 0x00, 0x00, 0x00, 0x00, 0x00, 0x00, 0x00, 0x00, 0x00, 0x00, 0x00, 0x00,
  0x06, 0x39, 0x60, 0x75, 0x7D, 0x75, 0x5D, 0x30, 0x01, 0x00, 0x00, 0x00, 0x00, 0x00, 0x00, 0x00,
  0x00, 0x00, 0x00, 0x00, 0x00, 0x00, 0x00, 0x00, 0x00, 0x10, 0x44, 0x6A, 0x79, 0x77, 0x69, 0x47,
  0x17, 0x00, 0x00, 0x00, 0x00, 0x00, 0x00, 0x00, 0x00, 0x00, 0x00, 0x00, 0x00, 0x00, 0x00, 0x47,
  0xB9, 0xFB, 0xFF, 0xFF, 0xFF, 0xFF, 0xFF, 0xFF, 0xFE, 0xC5, 0x55, 0x01, 0x00, 0x00, 0x00, 0x00,
  0x00, 0x00, 0x00, 0x00, 0x00, 0x12, 0xAF, 0xFF, 0xFF, 0xFF, 0xFF, 0xFF, 0xFF, 0xFF, 0xFF, 0xFF,
  0xFF, 0xFF, 0xFF, 0xB4, 0x0C, 0x00, 0x00, 0x00, 0x00, 0x00, 0x00, 0x00, 0x14, 0xD2, 0xFF, 0xFF,
  0xFF, 0xFF, 0xFF, 0xFF, 0xFF, 0xFF, 0xFF, 0xFF, 0xFF, 0xFF, 0xFF, 0xFF, 0xAC, 0x00, 0x00, 0x00,
  0x00, 0x00, 0x00, 0x01, 0xB8, 0xFF, 0xFF, 0xFF, 0xFF, 0xFF, 0xFF, 0xFF, 0xFF, 0xFF, 0xFF, 0xFF,
  0xFF, 0xFF, 0xFF, 0xFF, 0xFF, 0x43, 0x00, 0x00, 0x00, 0x00, 0x00, 0x5E, 0xFF, 0xFF, 0xFF, 0xFF,
  0xFF, 0xFF, 0xF6, 0xA3, 0x7A, 0x88, 0xDC, 0xFF, 0xFF, 0xFF, 0xFF, 0xFF, 0xFF, 0xA5, 0x00, 0x00,
  0x00, 0x00, 0x02, 0xDE, 0xFF, 0xFF, 0xFF, 0xFF, 0xFF, 0xDE, 0x21, 0x00, 0x00, 0x00, 0x0B, 0xD3,
  0xFF, 0xFF, 0xFF, 0xFF, 0xFF, 0xE0, 0x00, 0x00, 0x00, 0x00, 0x43, 0xFF, 0xFF, 0xFF, 0xFF, 0xFF,
  0xFF, 0x41, 0x00, 0x00, 0x00, 0x00, 0x00, 0x30, 0x60, 0x60, 0x60, 0x60, 0x60, 0x5F, 0x01, 0x00,
  0x00, 0x00, 0x94, 0xFF, 0xFF, 0xFF, 0xFF, 0xFF, 0xCE, 0x00, 0x00, 0x00, 0x00, 0x00, 0x00, 0x00,
  0x00, 0x00, 0x00, 0x00, 0x00, 0x00, 0x00, 0x00, 0x00, 0x00, 0xD0, 0xFF, 0xFF, 0xFF, 0xFF, 0xFF,
  0x8C, 0x00, 0x00, 0x00, 0x00, 0x00, 0x00, 0x00, 0x00, 0x00, 0x00, 0x00, 0x00, 0x00, 0x00, 0x00,
  0x00, 0x03, 0xFB, 0xFF, 0xFF, 0xFF, 0xFF, 0xFF, 0x64, 0x00, 0x3D, 0x90, 0xC8, 0xE0, 0xE9, 0xD7,
  0xB2, 0x6E, 0x11, 0x00, 0x00, 0x00, 0x00, 0x00, 0x00, 0x1E, 0xFF, 0xFF, 0xFF, 0xFF, 0xFF, 0xFF,
  0x58, 0xB5, 0xFF, 0xFF, 0xFF, 0xFF, 0xFF, 0xFF, 0xFF, 0xFF, 0xF0, 0x65, 0x00, 0x00, 0x00, 0x00,
  0x00, 0x37, 0xFF, 0xFF, 0xFF, 0xFF, 0xFF, 0xFF, 0xE4, 0xFF, 0xFF, 0xFF, 0xFF, 0xFF, 0xFF, 0xFF,
  0xFF, 0xFF, 0xFF, 0xFF, 0x7C, 0x00, 0x00, 0x00, 0x00, 0x41, 0xFF, 0xFF, 0xFF, 0xFF, 0xFF, 0xFF,
  0xFF, 0xFF, 0xFF, 0xFF, 0xFF, 0xFF, 0xFF, 0xFF, 0xFF, 0xFF, 0xFF, 0xFF, 0xFE, 0x42, 0x00, 0x00,
  0x00, 0x49, 0xFF, 0xFF, 0xFF, 0xFF, 0xFF, 0xFF, 0xFF, 0xFF, 0xFF, 0xFF, 0xFF, 0xFF, 0xFF, 0xFF,
  0xFF, 0xFF, 0xFF, 0xFF, 0xFF, 0xC8, 0x00, 0x00, 0x00, 0x4A, 0xFF, 0xFF, 0xFF, 0xFF, 0xFF, 0xFF,
  0xFF, 0xEF, 0x60, 0x12, 0x08, 0x3F, 0xCC, 0xFF, 0xFF, 0xFF, 0xFF, 0xFF, 0xFF, 0xFF, 0x29, 0x00,
  0x00, 0x3E, 0xFF, 0xFF, 0xFF, 0xFF, 0xFF, 0xFF, 0xFF, 0x49, 0x00, 0x00, 0x00, 0x00, 0x0F, 0xEA,
  0xFF, 0xFF, 0xFF, 0xFF, 0xFF, 0xFF, 0x67, 0x00, 0x00, 0x31, 0xFF, 0xFF, 0xFF, 0xFF, 0xFF, 0xFF,
  0xCC, 0x00, 0x00, 0x00, 0x00, 0x00, 0x00, 0x7C, 0xFF, 0xFF, 0xFF, 0xFF, 0xFF, 0xFF, 0x86, 0x00,
  0x00, 0x21, 0xFF, 0xFF, 0xFF, 0xFF, 0xFF, 0xFF, 0x9F, 0x00, 0x00, 0x00, 0x00, 0x00, 0x00, 0x50,
  0xFF, 0xFF, 0xFF, 0xFF, 0xFF, 0xFF, 0x98, 0x00, 0x00, 0x02, 0xF5, 0xFF, 0xFF, 0xFF, 0xFF, 0xFF,
  0x91, 0x00, 0x00, 0x00, 0x00, 0x00, 0x00, 0x41, 0xFF, 0xFF, 0xFF, 0xFF, 0xFF, 0xFF, 0x95, 0x00,
  0x00, 0x00, 0xC7, 0xFF, 0xFF, 0xFF, 0xFF, 0xFF, 0xB1, 0x00, 0x00, 0x00, 0x00, 0x00, 0x00, 0x62,
  0xFF, 0xFF, 0xFF, 0xFF, 0xFF, 0xFF, 0x81, 0x00, 0x00, 0x00, 0x8D, 0xFF, 0xFF, 0xFF, 0xFF, 0xFF,
  0xEB, 0x0D, 0x00, 0x00, 0x00, 0x00, 0x00, 0xA9, 0xFF, 0xFF, 0xFF, 0xFF, 0xFF, 0xFF, 0x53, 0x00,
  0x00, 0x00, 0x2F, 0xFF, 0xFF, 0xFF, 0xFF, 0xFF, 0xFF, 0x97, 0x01, 0x00, 0x00, 0x00, 0x4A, 0xFE,
  0xFF, 0xFF, 0xFF, 0xFF, 0xFF, 0xFA, 0x10, 0x00, 0x00, 0x00, 0x00, 0xC8, 0xFF, 0xFF, 0xFF, 0xFF,
  0xFF, 0xFF, 0xCD, 0x81, 0x77, 0xAD, 0xFD, 0xFF, 0xFF, 0xFF, 0xFF, 0xFF, 0xFF, 0x9E, 0x00, 0x00,
  0x00, 0x00, 0x00, 0x2F, 0xF9, 0xFF, 0xFF, 0xFF, 0xFF, 0xFF, 0xFF, 0xFF, 0xFF, 0xFF, 0xFF, 0xFF,
  0xFF, 0xFF, 0xFF, 0xFF, 0xEE, 0x1B, 0x00, 0x00, 0x00, 0x00, 0x00, 0x00, 0x68, 0xFE, 0xFF, 0xFF,
  0xFF, 0xFF, 0xFF, 0xFF, 0xFF, 0xFF, 0xFF, 0xFF, 0xFF, 0xFF, 0xFF, 0xF9, 0x44, 0x00, 0x00, 0x00,
  0x00, 0x00, 0x00, 0x00, 0x00, 0x53, 0xF1, 0xFF, 0xFF, 0xFF, 0xFF, 0xFF, 0xFF, 0xFF, 0xFF, 0xFF,
  0xFF, 0xFF, 0xE2, 0x3B, 0x00, 0x00, 0x00, 0x00, 0x00, 0x00, 0x00, 0x00, 0x00, 0x00, 0x13, 0x88,
  0xE5, 0xFF, 0xFF, 0xFF, 0xFF, 0xFF, 0xFF, 0xFF, 0xE1, 0x7A, 0x0B, 0x00, 0x00, 0x00, 0x00, 0x00,
  0x00, 0x00, 0x00, 0x00, 0x00, 0x00, 0x00, 0x00, 0x00, 0x29, 0x57, 0x6C, 0x7C, 0x75, 0x5A, 0x2A,
  0x00, 0x00, 0x00, 0x00, 0x00, 0x00, 0x00, 0x00, 0x3C, 0xFF, 0xFF, 0xFF, 0xFF, 0xFF, 0xFF, 0xFF,
  0xFF, 0xFF, 0xFF, 0xFF, 0xFF, 0xFF, 0xFF, 0xFF, 0xFF, 0xFF, 0xFF, 0xC4, 0x00, 0x3C, 0xFF, 0xFF,
  0xFF, 0xFF, 0xFF, 0xFF, 0xFF, 0xFF, 0xFF, 0xFF, 0xFF, 0xFF, 0xFF, 0xFF, 0xFF, 0xFF, 0xFF, 0xFF,
  0xC4, 0x00, 0x3C, 0xFF, 0xFF, 0xFF, 0xFF, 0xFF, 0xFF, 0xFF, 0xFF, 0xFF, 0xFF, 0xFF, 0xFF, 0xFF,
  0xFF, 0xFF, 0xFF, 0xFF, 0xFF, 0xC4, 0x00, 0x3C, 0xFF, 0xFF, 0xFF, 0xFF, 0xFF, 0xFF, 0xFF, 0xFF,
  0xFF, 0xFF, 0xFF, 0xFF, 0xFF, 0xFF, 0xFF, 0xFF, 0xFF, 0xFF, 0xC4, 0x00, 0x3C, 0xFF, 0xFF, 0xFF,
  0xFF, 0xFF, 0xFF, 0xFF, 0xFF, 0xFF, 0xFF, 0xFF, 0xFF, 0xFF, 0xFF, 0xFF, 0xFF, 0xFF, 0xFF, 0xC4,
  0x00, 0x3C, 0xFF, 0xFF, 0xFF, 0xFF, 0xFF, 0xFF, 0xFF, 0xFF, 0xFF, 0xFF, 0xFF, 0xFF, 0xFF, 0xFF,
  0xFF, 0xFF, 0xFF, 0xFF, 0xA3, 0x00, 0x00, 0x00, 0x00, 0x00, 0x00, 0x00, 0x00, 0x00, 0x00, 0x00,
  0x00, 0x00, 0x5D, 0xFF, 0xFF, 0xFF, 0xFF, 0xFF, 0xFF, 0x43, 0x00, 0x00, 0x00, 0x00, 0x00, 0x00,
  0x00, 0x00, 0x00, 0x00, 0x00, 0x00, 0x00, 0xC7, 0xFF, 0xFF, 0xFF, 0xFF, 0xFF, 0xDF, 0x01, 0x00,
  0x00, 0x00, 0x00, 0x00, 0x00, 0x00, 0x00, 0x00, 0x00, 0x00, 0x00, 0x2F, 0xFF, 0xFF, 0xFF, 0xFF,
  0xFF, 0xFF, 0x7E, 0x00, 0x00, 0x00, 0x00, 0x00, 0x00, 0x00, 0x00, 0x00, 0x00, 0x00, 0x00, 0x00,
  0x9A, 0xFF, 0xFF, 0xFF, 0xFF, 0xFF, 0xFD, 0x1E, 0x00, 0x00, 0x00, 0x00, 0x00, 0x00, 0x00, 0x00,
  0x00, 0x00, 0x00, 0x00, 0x0E, 0xF4, 0xFF, 0xFF, 0xFF, 0xFF, 0xFF, 0xBA, 0x00, 0x00, 0x00, 0x00,
  0x00, 0x00, 0x00, 0x00, 0x00, 0x00, 0x00, 0x00, 0x00, 0x6D, 0xFF, 0xFF, 0xFF, 0xFF, 0xFF, 0xFF,
  0x58, 0x00, 0x00, 0x00, 0x00, 0x00, 0x00, 0x00, 0x00, 0x00, 0x00, 0x00, 0x00, 0x00, 0xD5, 0xFF,
  0xFF, 0xFF, 0xFF, 0xFF, 0xEE, 0x07, 0x00, 0x00, 0x00, 0x00, 0x00, 0x00, 0x00, 0x00, 0x00, 0x00,
  0x00, 0x00, 0x40, 0xFF, 0xFF, 0xFF, 0xFF, 0xFF, 0xFF, 0x94, 0x00, 0x00, 0x00, 0x00, 0x00, 0x00,
  0x00, 0x00, 0x00, 0x00, 0x00, 0x00, 0x00, 0xA9, 0xFF, 0xFF, 0xFF, 0xFF, 0xFF, 0xFF, 0x32, 0x00,
  0x00, 0x00, 0x00, 0x00, 0x00, 0x00, 0x00, 0x00, 0x00, 0x00, 0x00, 0x18, 0xFA, 0xFF, 0xFF, 0xFF,
  0xFF, 0xFF, 0xD0, 0x00, 0x00, 0x00, 0x00, 0x00, 0x00, 0x00, 0x00, 0x00, 0x00, 0x00, 0x00, 0x00,
  0x7C, 0xFF, 0xFF, 0xFF, 0xFF, 0xFF, 0xFF, 0x6E, 0x00, 0x00, 0x00, 0x00, 0x00, 0x00, 0x00, 0x00,
  0x00, 0x00, 0x00, 0x00, 0x03, 0xE2, 0xFF, 0xFF, 0xFF, 0xFF, 0xFF, 0xF8, 0x13, 0x00, 0x00, 0x00,
  0x00, 0x00, 0x00, 0x00, 0x00, 0x00, 0x00, 0x00, 0x00, 0x4F, 0xFF, 0xFF, 0xFF, 0xFF, 0xFF, 0xFF,
  0xA9, 0x00, 0x00, 0x00, 0x00, 0x00, 0x00, 0x00, 0x00, 0x00, 0x00, 0x00, 0x00, 0x00, 0xB9, 0xFF,
  0xFF, 0xFF, 0xFF, 0xFF, 0xFF, 0x47, 0x00, 0x00, 0x00, 0x00, 0x00, 0x00, 0x00, 0x00, 0x00, 0x00,
  0x00, 0x00, 0x23, 0xFE, 0xFF, 0xFF, 0xFF, 0xFF, 0xFF, 0xE2, 0x02, 0x00, 0x00, 0x00, 0x00, 0x00,
  0x00, 0x00, 0x00, 0x00, 0x00, 0x00, 0x00, 0x8C, 0xFF, 0xFF, 0xFF, 0xFF, 0xFF, 0xFF, 0x83, 0x00,
  0x00, 0x00, 0x00, 0x00, 0x00, 0x00, 0x00, 0x00, 0x00, 0x00, 0x00, 0x08, 0xEC, 0xFF, 0xFF, 0xFF,
  0xFF, 0xFF, 0xFE, 0x22, 0x00, 0x00, 0x00, 0x00, 0x00, 0x00, 0x00, 0x00, 0x00, 0x00, 0x00, 0x00,
  0x5F, 0xFF, 0xFF, 0xFF, 0xFF, 0xFF, 0xFF, 0xBF, 0x00, 0x00, 0x00, 0x00, 0x00, 0x00, 0x00, 0x00,
  0x00, 0x00, 0x00, 0x00, 0x00, 0xC8, 0xFF, 0xFF, 0xFF, 0xFF, 0xFF, 0xFF, 0x5D, 0x00, 0x00, 0x00,
  0x00, 0x00, 0x00, 0x00, 0x00, 0x00, 0x00, 0x00, 0x00, 0x31, 0xFF, 0xFF, 0xFF, 0xFF, 0xFF, 0xFF,
  0xF1, 0x09, 0x00, 0x00, 0x00, 0x00, 0x00, 0x00, 0x00, 0x00, 0x00, 0x00, 0x00, 0x00, 0x9B, 0xFF,
  0xFF, 0xFF, 0xFF, 0xFF, 0xFF, 0x99, 0x00, 0x00, 0x00, 0x00, 0x00, 0x00, 0x00, 0x00, 0x00, 0x00,
  0x00, 0x00, 0x00, 0x00, 0x00, 0x00, 0x00, 0x15, 0x47, 0x66, 0x75, 0x7A, 0x6B, 0x55, 0x25, 0x01,
  0x00, 0x00, 0x00, 0x00, 0x00, 0x00, 0x00, 0x00, 0x00, 0x00, 0x00, 0x00, 0x04, 0x66, 0xCB, 0xFF,
  0xFF, 0xFF, 0xFF, 0xFF, 0xFF, 0xFF, 0xFF, 0xE6, 0x87, 0x17, 0x00, 0x00, 0x00, 0x00, 0x00, 0x00,
  0x00, 0x00, 0x00, 0x27, 0xCF, 0xFF, 0xFF, 0xFF, 0xFF, 0xFF, 0xFF, 0xFF, 0xFF, 0xFF, 0xFF, 0xFF,
  0xFF, 0xEE, 0x58, 0x00, 0x00, 0x00, 0x00, 0x00, 0x00, 0x00, 0x25, 0xE7, 0xFF, 0xFF, 0xFF, 0xFF,
  0xFF, 0xFF, 0xFF, 0xFF, 0xFF, 0xFF, 0xFF, 0xFF, 0xFF, 0xFF, 0xFE, 0x5F, 0x00, 0x00, 0x00, 0x00,
  0x00, 0x01, 0xC4, 0xFF, 0xFF, 0xFF, 0xFF, 0xFF, 0xFF, 0xFF, 0xFF, 0xFF, 0xFF, 0xFF, 0xFF, 0xFF,
  0xFF, 0xFF, 0xFF, 0xF5, 0x21, 0x00, 0x00, 0x00, 0x00, 0x40, 0xFF, 0xFF, 0xFF, 0xFF, 0xFF, 0xFF,
  0xFF, 0xBB, 0x84, 0x7B, 0xA2, 0xF7, 0xFF, 0xFF, 0xFF, 0xFF, 0xFF, 0xFF, 0x92, 0x00, 0x00, 0x00,
  0x00, 0x8B, 0xFF, 0xFF, 0xFF, 0xFF, 0xFF, 0xFF, 0x5A, 0x00, 0x00, 0x00, 0x00, 0x24, 0xED, 0xFF,
  0xFF, 0xFF, 0xFF, 0xFF, 0xDE, 0x00, 0x00, 0x00, 0x00, 0xAB, 0xFF, 0xFF, 0xFF, 0xFF, 0xFF, 0xDD,
  0x00, 0x00, 0x00, 0x00, 0x00, 0x00, 0x8F, 0xFF, 0xFF, 0xFF, 0xFF, 0xFF, 0xFB, 0x02, 0x00, 0x00,
  0x00, 0xAF, 0xFF, 0xFF, 0xFF, 0xFF, 0xFF, 0xCC, 0x00, 0x00, 0x00, 0x00, 0x00, 0x00, 0x7D, 0xFF,
  0xFF, 0xFF, 0xFF, 0xFF, 0xFE, 0x04, 0x00, 0x00, 0x00, 0x8B, 0xFF, 0xFF, 0xFF, 0xFF, 0xFF, 0xF8,
  0x1C, 0x00, 0x00, 0x00, 0x00, 0x01, 0xC1, 0xFF, 0xFF, 0xFF, 0xFF, 0xFF, 0xDD, 0x00, 0x00, 0x00,
  0x00, 0x38, 0xFF, 0xFF, 0xFF, 0xFF, 0xFF, 0xFF, 0xD4, 0x3A, 0x00, 0x00, 0x14, 0x9F, 0xFF, 0xFF,
  0xFF, 0xFF, 0xFF, 0xFF, 0x8A, 0x00, 0x00, 0x00, 0x00, 0x00, 0xAA, 0xFF, 0xFF, 0xFF, 0xFF, 0xFF,
  0xFF, 0xFF, 0xD7, 0xBE, 0xF9, 0xFF, 0xFF, 0xFF, 0xFF, 0xFF, 0xFF, 0xE5, 0x12, 0x00, 0x00, 0x00,
  0x00, 0x00, 0x08, 0xB3, 0xFF, 0xFF, 0xFF, 0xFF, 0xFF, 0xFF, 0xFF, 0xFF, 0xFF, 0xFF, 0xFF, 0xFF,
  0xFF, 0xFF, 0xE1, 0x25, 0x00, 0x00, 0x00, 0x00, 0x00, 0x00, 0x00, 0x04, 0x6F, 0xE6, 0xFF, 0xFF,
  0xFF, 0xFF, 0xFF, 0xFF, 0xFF, 0xFF, 0xFF, 0xFF, 0xF8, 0x93, 0x16, 0x00, 0x00, 0x00, 0x00, 0x00,
  0x00, 0x00, 0x00, 0x0B, 0x74, 0xD6, 0xFF, 0xFF, 0xFF, 0xFF, 0xFF, 0xFF, 0xFF, 0xFF, 0xFF, 0xFF,
  0xEC, 0x8E, 0x1D, 0x00, 0x00, 0x00, 0x00, 0x00, 0x00, 0x00, 0x36, 0xE2, 0xFF, 0xFF, 0xFF, 0xFF,
  0xFF, 0xFF, 0xFF, 0xFF, 0xFF, 0xFF, 0xFF, 0xFF, 0xFF, 0xFF, 0xF8, 0x6D, 0x00, 0x00, 0x00, 0x00,
  0x00, 0x28, 0xF0, 0xFF, 0xFF, 0xFF, 0xFF, 0xFF, 0xFF, 0xFA, 0xBD, 0xA7, 0xED, 0xFF, 0xFF, 0xFF,
  0xFF, 0xFF, 0xFF, 0xFF, 0x74, 0x00, 0x00, 0x00, 0x00, 0xBD, 0xFF, 0xFF, 0xFF, 0xFF, 0xFF, 0xFF,
  0xA1, 0x19, 0x00, 0x00, 0x05, 0x70, 0xF2, 0xFF, 0xFF, 0xFF, 0xFF, 0xFF, 0xFA, 0x21, 0x00, 0x00,
  0x28, 0xFF, 0xFF, 0xFF, 0xFF, 0xFF, 0xFF, 0x8E, 0x00, 0x00, 0x00, 0x00, 0x00, 0x00, 0x3D, 0xFE,
  0xFF, 0xFF, 0xFF, 0xFF, 0xFF, 0x80, 0x00, 0x00, 0x64, 0xFF, 0xFF, 0xFF, 0xFF, 0xFF, 0xFF, 0x1A,
  0x00, 0x00, 0x00, 0x00, 0x00, 0x00, 0x00, 0xC7, 0xFF, 0xFF, 0xFF, 0xFF, 0xFF, 0xB5, 0x00, 0x00,
  0x77, 0xFF, 0xFF, 0xFF, 0xFF, 0xFF, 0xFF, 0x03, 0x00, 0x00, 0x00, 0x00, 0x00, 0x00, 0x00, 0xAE,
  0xFF, 0xFF, 0xFF, 0xFF, 0xFF, 0xC7, 0x00, 0x00, 0x69, 0xFF, 0xFF, 0xFF, 0xFF, 0xFF, 0xFF, 0x37,
  0x00, 0x00, 0x00, 0x00, 0x00, 0x00, 0x02, 0xDE, 0xFF, 0xFF, 0xFF, 0xFF, 0xFF, 0xB8, 0x00, 0x00,
  0x3A, 0xFF, 0xFF, 0xFF, 0xFF, 0xFF, 0xFF, 0xD0, 0x1F, 0x00, 0x00, 0x00, 0x00, 0x06, 0x8C, 0xFF,
  0xFF, 0xFF, 0xFF, 0xFF, 0xFF, 0x89, 0x00, 0x00, 0x02, 0xE0, 0xFF, 0xFF, 0xFF, 0xFF, 0xFF, 0xFF,
  0xFA, 0xAC, 0x84, 0x7A, 0x98, 0xE2, 0xFF, 0xFF, 0xFF, 0xFF, 0xFF, 0xFF, 0xFF, 0x32, 0x00, 0x00,
  0x00, 0x58, 0xFF, 0xFF, 0xFF, 0xFF, 0xFF, 0xFF, 0xFF, 0xFF, 0xFF, 0xFF, 0xFF, 0xFF, 0xFF, 0xFF,
  0xFF, 0xFF, 0xFF, 0xFF, 0xA7, 0x00, 0x00, 0x00, 0x00, 0x00, 0x8B, 0xFF, 0xFF, 0xFF, 0xFF, 0xFF,
  0xFF, 0xFF, 0xFF, 0xFF, 0xFF, 0xFF, 0xFF, 0xFF, 0xFF, 0xFF, 0xFF, 0xCD, 0x0D, 0x00, 0x00, 0x00,
  0x00, 0x00, 0x00, 0x69, 0xF3, 0xFF, 0xFF, 0xFF, 0xFF, 0xFF, 0xFF, 0xFF, 0xFF, 0xFF, 0xFF, 0xFF,
  0xFF, 0xFF, 0xA1, 0x0C, 0x00, 0x00, 0x00, 0x00, 0x00, 0x00, 0x00, 0x00, 0x16, 0x81, 0xCF, 0xFE,
  0xFF, 0xFF, 0xFF, 0xFF, 0xFF, 0xFF, 0xFF, 0xE4, 0x9D, 0x34, 0x00, 0x00, 0x00, 0x00, 0x00, 0x00,
  0x00, 0x00, 0x00, 0x00, 0x00, 0x00, 0x00, 0x18, 0x4A, 0x5F, 0x73, 0x78, 0x65, 0x51, 0x2C, 0x00,
  0x00, 0x00, 0x00, 0x00, 0x00, 0x00, 0x00, 0x00, 0x00, 0x00, 0x00, 0x00, 0x00, 0x00, 0x00, 0x20,
  0x52, 0x71, 0x7C, 0x74, 0x61, 0x39, 0x07, 0x00, 0x00, 0x00, 0x00, 0x00, 0x00, 0x00, 0x00, 0x00,
  0x00, 0x00, 0x00, 0x00, 0x04, 0x66, 0xD2, 0xFF, 0xFF, 0xFF, 0xFF, 0xFF, 0xFF, 0xFF, 0xF4, 0xA7,
  0x33, 0x00, 0x00, 0x00, 0x00, 0x00, 0x00, 0x00, 0x00, 0x00, 0x00, 0x26, 0xD1, 0xFF, 0xFF, 0xFF,
  0xFF, 0xFF, 0xFF, 0xFF, 0xFF, 0xFF, 0xFF, 0xFF, 0xFD, 0x8D, 0x02, 0x00, 0x00, 0x00, 0x00, 0x00,
  0x00, 0x00, 0x2B, 0xED, 0xFF, 0xFF, 0xFF, 0xFF, 0xFF, 0xFF, 0xFF, 0xFF, 0xFF, 0xFF, 0xFF, 0xFF,
  0xFF, 0xFF, 0xA2, 0x00, 0x00, 0x00, 0x00, 0x00, 0x00, 0x0B, 0xDB, 0xFF, 0xFF, 0xFF, 0xFF, 0xFF,
  0xFF, 0xFF, 0xFF, 0xFF, 0xFF, 0xFF, 0xFF, 0xFF, 0xFF, 0xFF, 0xFF, 0x64, 0x00, 0x00, 0x00, 0x00,
  0x00, 0x7D, 0xFF, 0xFF, 0xFF, 0xFF, 0xFF, 0xFF, 0xFF, 0xBC, 0x7B, 0x7E, 0xCA, 0xFF, 0xFF, 0xFF,
  0xFF, 0xFF, 0xFF, 0xE8, 0x0A, 0x00, 0x00, 0x00, 0x02, 0xE7, 0xFF, 0xFF, 0xFF, 0xFF, 0xFF, 0xFF,
  0x6C, 0x00, 0x00, 0x00, 0x00, 0x8A, 0xFF, 0xFF, 0xFF, 0xFF, 0xFF, 0xFF, 0x60, 0x00, 0x00, 0x00,
  0x34, 0xFF, 0xFF, 0xFF, 0xFF, 0xFF, 0xFF, 0xC8, 0x00, 0x00, 0x00, 0x00, 0x00, 0x02, 0xD7, 0xFF,
  0xFF, 0xFF, 0xFF, 0xFF, 0xB4, 0x00, 0x00, 0x00, 0x61, 0xFF, 0xFF, 0xFF, 0xFF, 0xFF, 0xFF, 0x7F,
  0x00, 0x00, 0x00, 0x00, 0x00, 0x00, 0x89, 0xFF, 0xFF, 0xFF, 0xFF, 0xFF, 0xEF, 0x01, 0x00, 0x00,
  0x75, 0xFF, 0xFF, 0xFF, 0xFF, 0xFF, 0xFF, 0x60, 0x00, 0x00, 0x00, 0x00, 0x00, 0x00, 0x6F, 0xFF,
  0xFF, 0xFF, 0xFF, 0xFF, 0xFF, 0x21, 0x00, 0x00, 0x78, 0xFF, 0xFF, 0xFF, 0xFF, 0xFF, 0xFF, 0x71,
  0x00, 0x00, 0x00, 0x00, 0x00, 0x00, 0x82, 0xFF, 0xFF, 0xFF, 0xFF, 0xFF, 0xFF, 0x40, 0x00, 0x00,
  0x68, 0xFF, 0xFF, 0xFF, 0xFF, 0xFF, 0xFF, 0x9D, 0x00, 0x00, 0x00, 0x00, 0x00, 0x00, 0xAD, 0xFF,
  0xFF, 0xFF, 0xFF, 0xFF, 0xFF, 0x58, 0x00, 0x00, 0x47, 0xFF, 0xFF, 0xFF, 0xFF, 0xFF, 0xFF, 0xF7,
  0x20, 0x00, 0x00, 0x00, 0x00, 0x2B, 0xFC, 0xFF, 0xFF, 0xFF, 0xFF, 0xFF, 0xFF, 0x62, 0x00, 0x00,
  0x0D, 0xFB, 0xFF, 0xFF, 0xFF, 0xFF, 0xFF, 0xFF, 0xD9, 0x49, 0x0A, 0x0C, 0x50, 0xE1, 0xFF, 0xFF,
  0xFF, 0xFF, 0xFF, 0xFF, 0xFF, 0x6A, 0x00, 0x00, 0x00, 0xA9, 0xFF, 0xFF, 0xFF, 0xFF, 0xFF, 0xFF,
  0xFF, 0xFF, 0xFF, 0xFF, 0xFF, 0xFF, 0xFF, 0xFF, 0xFF, 0xFF, 0xFF, 0xFF, 0xFF, 0x69, 0x00, 0x00,
  0x00, 0x2B, 0xF7, 0xFF, 0xFF, 0xFF, 0xFF, 0xFF, 0xFF, 0xFF, 0xFF, 0xFF, 0xFF, 0xFF, 0xFF, 0xFF,
  0xFF, 0xFF, 0xFF, 0xFF, 0xFF, 0x60, 0x00, 0x00, 0x00, 0x00, 0x5F, 0xFD, 0xFF, 0xFF, 0xFF, 0xFF,
  0xFF, 0xFF, 0xFF, 0xFF, 0xFF, 0xFF, 0xE7, 0xFF, 0xFF, 0xFF, 0xFF, 0xFF, 0xFF, 0x55, 0x00, 0x00,
  0x00, 0x00, 0x00, 0x4E, 0xE7, 0xFF, 0xFF, 0xFF, 0xFF, 0xFF, 0xFF, 0xFF, 0xFF, 0xCD, 0x43, 0xFF,
  0xFF, 0xFF, 0xFF, 0xFF, 0xFF, 0x3C, 0x00, 0x00, 0x00, 0x00, 0x00, 0x00, 0x09, 0x64, 0xAA, 0xD5,
  0xE8, 0xE4, 0xCE, 0x9A, 0x4E, 0x01, 0x41, 0xFF, 0xFF, 0xFF, 0xFF, 0xFF, 0xFF, 0x1D, 0x00, 0x00,
  0x00, 0x00, 0x00, 0x00, 0x00, 0x00, 0x00, 0x00, 0x00, 0x00, 0x00, 0x00, 0x00, 0x00, 0x68, 0xFF,
  0xFF, 0xFF, 0xFF, 0xFF, 0xED, 0x01, 0x00, 0x00, 0x00, 0x00, 0x00, 0x00, 0x00, 0x00, 0x00, 0x00,
  0x00, 0x00, 0x00, 0x00, 0x00, 0x00, 0xA7, 0xFF, 0xFF, 0xFF, 0xFF, 0xFF, 0xB3, 0x00, 0x00, 0x00,
  0x00, 0x50, 0x5C, 0x5C, 0x5C, 0x5C, 0x5C, 0x39, 0x00, 0x00, 0x00, 0x00, 0x00, 0x1D, 0xF9, 0xFF,
  0xFF, 0xFF, 0xFF, 0xFF, 0x62, 0x00, 0x00, 0x00, 0x00, 0xBE, 0xFF, 0xFF, 0xFF, 0xFF, 0xFF, 0xEA,
  0x1B, 0x00, 0x00, 0x00, 0x0A, 0xBE, 0xFF, 0xFF, 0xFF, 0xFF, 0xFF, 0xF1, 0x0E, 0x00, 0x00, 0x00,
  0x00, 0x80, 0xFF, 0xFF, 0xFF, 0xFF, 0xFF, 0xFF, 0xEC, 0x94, 0x77, 0x90, 0xE6, 0xFF, 0xFF, 0xFF,
  0xFF, 0xFF, 0xFF, 0x7E, 0x00, 0x00, 0x00, 0x00, 0x00, 0x1F, 0xFC, 0xFF, 0xFF, 0xFF, 0xFF, 0xFF,
  0xFF, 0xFF, 0xFF, 0xFF, 0xFF, 0xFF, 0xFF, 0xFF, 0xFF, 0xFF, 0xD4, 0x09, 0x00, 0x00, 0x00, 0x00,
  0x00, 0x00, 0x81, 0xFF, 0xFF, 0xFF, 0xFF, 0xFF, 0xFF, 0xFF, 0xFF, 0xFF, 0xFF, 0xFF, 0xFF, 0xFF,
  0xFF, 0xE7, 0x26, 0x00, 0x00, 0x00, 0x00, 0x00, 0x00, 0x00, 0x02, 0x8F, 0xFF, 0xFF, 0xFF, 0xFF,
  0xFF, 0xFF, 0xFF, 0xFF, 0xFF, 0xFF, 0xFF, 0xFF, 0xCD, 0x24, 0x00, 0x00, 0x00, 0x00, 0x00, 0x00,
  0x00, 0x00, 0x00, 0x00, 0x3B, 0xB2, 0xF8, 0xFF, 0xFF, 0xFF, 0xFF, 0xFF, 0xFF, 0xFF, 0xD0, 0x64,
  0x05, 0x00, 0x00, 0x00, 0x00, 0x00, 0x00, 0x00, 0x00, 0x00, 0x00, 0x00, 0x00, 0x00, 0x0C, 0x3D,
  0x64, 0x74, 0x7C, 0x70, 0x52, 0x1E, 0x00, 0x00, 0x00, 0x00, 0x00, 0x00, 0x00, 0x00, 0x00, 0x12,
  0x48, 0x32, 0x20, 0x47, 0x6F, 0x6C, 0x6F, 0x73, 0x20, 0x44, 0x69, 0x67, 0x69, 0x74, 0x73, 0x20,
  0x33, 0x38, 0x00, 0x12, 0x48, 0x32, 0x20, 0x47, 0x6F, 0x6C, 0x6F, 0x73, 0x20, 0x44, 0x69, 0x67,
  0x69, 0x74, 0x73, 0x20, 0x33, 0x38, 0x00, 0x01,
};

constexpr size_t H2GolosDigits38Size = sizeof(H2GolosDigits38);
